X,Y1,Y2
"Nadie sabe lo que está por venir: de aquí a mañana muchas horas hay, y en una, y aun en un momento, se cae la casa; yo he visto llover y hacer sol, todo a un mesmo punto; tal se acuesta sano la noche, que no se puede mover otro día.",0,0
La de la caballería andante,0,1
¿Ahí está el señor Florismarte?,0,1
"Don Quijote mi amo, según he oído decir en esta tierra, es un loco cuerdo y un mentecato gracioso, y que yo no le voy en zaga.",1,0
¿Cómo si es así?,0,1
"Si vuestra merced quiere un traguito, aunque caliente, puro, aquí llevo una calabaza llena de lo caro, con no sé cuántas rajitas de queso de Tronchón, que servirán de llamativo y despertador de la sed , si acaso está durmiendo.",0,0
"El cual, así como recibió la bendición, con presta ligereza se levantó en pie, y con no vista desenvoltura se sacó el estoque, a quien servía de vaina su cuerpo.",0,0
"En esto de las campanas anda muy impropio maese Pedro, porque entre moros no se usan campanas, sino atabales y un género de dulzainas que parecen nuestras chirimías; y esto de sonar campanas en Sansueña sin duda que es un gran disparate.",0,0
"Y aun, si va a decir verdad, mucho mejor me sabe lo que como en mi rincón sin melindres ni respetos, aunque sea pan y cebolla, que los gallipavos de otras mesas donde me sea forzoso mascar despacio, beber poco, limpiarme a menudo, no estornudar ni toser si me viene gana, ni hacer otras cosas que la soledad y la libertad traen consigo.",0,0
Pues si no me puede entender,0,1
Los que yo tengo,0,1
"De aquí tomó ocasión el duque de hacerle aquella burla: tanto era lo que gustaba de las cosas de Sancho y de don Quijote; y haciendo tomar los caminos cerca y lejos del castillo, por todas las partes que imaginó que podría volver don Quijote, con muchos criados suyos de a pie y de a caballo, para que por fuerza o de grado le trujesen al castillo, si le hallasen, halláronle, dieron aviso al duque, el cual, ya prevenido de todo lo que había de hacer, así como tuvo noticia de su llegada mandó encender las hachas y las luminarias del patio y poner a Altisidora sobre el túmulo, con todos los aparatos que se han contado, tan al vivo",1,0
"No vos acuitéis, señoras",0,1
"Todo lo miraba Sancho, y de ninguna cosa se dolía, antes, por cumplir con el refrán que él muy bien sabía de «cuando a Roma fueres, haz como vieres», pidió a Ricote la bota y tomó su puntería como los demás y no con menos gusto que ellos.",0,0
"En tanto que en sí vuelve Altisidora, muerta por la crueldad de don Quijote, y en tanto que en la corte encantadora se vistieren las damas de picote, y en tanto que a sus dueñas mi señora vistiere de bayeta y de anascote, cantaré su belleza y su desgracia, con mejor plectro que el cantor de Tracia.",0,0
¿Hanse de llevar ellos la fama de las que acaban y hemos de llevar nosotros el trabajo?,0,0
¡A fee que agora que no hay pariente pobre!,0,0
"Parece que había madrugado el sol a ver el sacrificio, con cuya luz volvieron a proseguir su camino, tratando entre los dos del engaño de don Álvaro y de cuán bien acordado había sido tomar su declaración ante la justicia, y tan auténticamente.",0,0
"Estemos a razón, Sancho",0,1
"respondió Sancho- que vuesa merced la señale con almagre, como rétulos de cátedras, porque le echen bien de ver los que le vieren.",0,0
Eso no haré yo,0,1
"Déjese deso, señor",0,1
"Tenga grande esperanza y confianza en Él, que pues a mí me ha vuelto a mi primero estado, también le volverá a él, si en Él confía.",0,1
"En resolución, él me aduló el entendimiento y me rindió la voluntad con no sé qué dijes y brincos que me dio; pero lo que más me hizo postrar y dar conmigo por el suelo fueron unas coplas que le oí cantar una noche desde una reja que caía a una callejuela donde él estaba, que si mal no me acuerdo decían:",1,0
"Tú, que con tantas sinrazones muestras la razón que me fuerza a que la haga a la cansada vida que aborrezco, pues ya ves que te da notorias muestras esta del corazón profunda llaga de cómo alegre a tu rigor me ofrezco, si por dicha conoces que merezco que el cielo claro de tus bellos ojos en mi muerte se turbe, no lo hagas: que no quiero que en nada satisfagas al darte de mi alma los despojos; antes con risa en la ocasión funesta descubre que el fin mío fue tu fiesta.",1,0
"La verdad es que llegué a la puerta, adonde estaban jugando hasta una docena de diablos a la pelota, todos en calzas y en jubón, con valonas guarnecidas con puntas de randas flamencas, y con unas vueltas de lo mismo que les servían de puños, con cuatro dedos de brazo de fuera, porque pareciesen las manos más largas, en las cuales tenían unas palas de fuego; y lo que más me admiró fue que les servían, en lugar de pelotas, libros, al parecer llenos de viento y de borra, cosa maravillosa y nueva; pero esto no me admiró tanto como el ver que, siendo natural de los jugadores el alegrarse los gananciosos y entristecerse los que pierden, allí en aquel",0,0
"De Madrid, último de otubre de mil seiscientos y quince.",1,0
"Pero, fiada en su bondad, se fió en Dios y en su buen pensamiento, con que pensaba resistir callando a todo aquello que Lotario decirle quisiese, sin dar más cuenta a su marido, por no ponerle en alguna pendencia y trabajo; y aun andaba buscando manera como disculpar a Lotario con Anselmo, cuando le preguntase la ocasión que le había movido a escribirle aquel papel.",1,0
"la ardiente arena, envía sus quejas al piadoso cielo.",1,0
"dijo don Fernando-, no ha de ser así, que yo quiero que Dorotea prosiga su invención; que como no sea muy lejos de aquí el lugar deste buen caballero, yo holgaré de que se procure su remedio.",0,0
"Contó asimesmo con brevedad la causa que allí los había traído, con la estrañeza de la locura de don Quijote, y como aguardaban a su escudero, que había ido a buscalle.",1,0
"El menor, y a lo que yo creo el más discreto, dijo que quería seguir la Iglesia o irse a acabar sus comenzados estudios a Salamanca.",0,1
"No sé con qué intención viene, ni cómo ha podido escaparse de su padre, que le quiere estraordinariamente, porque no tiene otro heredero y porque él lo merece, como lo verá vuestra merced cuando le vea.",1,0
"Pero, con todo eso, la virtud es tan poderosa, que por sí sola, a pesar de toda la nigromancía que supo su primer inventor Zoroastes, saldrá vencedora de todo trance y dará de sí luz en el mundo como la da el sol en el cielo.",0,0
"Buen hombre, deteneos, que parece que vais con más diligencia que ese macho ha menester.",0,0
"El primero que se resintió fue Sancho Panza; y hallándose junto a su señor, con voz enferma y lastimada dijo:",1,0
"No se enoje vuestra merced, señor mío",0,1
"Fuese llegando a la venta que a él le parecía castillo, y a poco trecho della detuvo las riendas a Rocinante, esperando que algún enano se pusiese entre las almenas a dar señal con alguna trompeta de que llegaba caballero al castillo.",1,0
"tierra de mi seco ingenio ha caído; la cultivación, el tiempo que ha que le sirvo y comunico; y con esto espero de dar frutos de mí que sean de bendición, tales que no desdigan ni deslicen de los senderos de la buena crianza que vuesa merced ha hecho en el agostado entendimiento mío.",1,0
¡Par Dios,0,1
"Pidiéronle a la ventera una saya y unas tocas, dejándole en prendas una sotana nueva del cura.",1,0
"Dame, si tienes, con que me limpie, que el copioso sudor me ciega los ojos.",0,0
"Porque yo tengo para mí, ¡oh amigo!, que no es una mujer más buena de cuanto es o no es solicitada, y que aquella sola es fuerte que no se dobla a las promesas, a las dádivas, a las lágrimas y a las continuas importunidades de los solícitos amantes.",0,1
"Pasaba mi padre los términos de la liberalidad y rayaba en los de ser pródigo, cosa que no le es de ningún provecho al hombre casado y que tiene hijos que le han de suceder en el nombre y en el ser.",0,1
"¡Afuera, canalla hechiceresca, que yo soy don Quijote de la Mancha, contra quien no valen ni tienen fuerza vuestras malas intenciones!",0,0
"replicó Sancho-, debiérase acordar de los capítulos de nuestro concierto antes que esta última vez saliésemos de casa: uno dellos fue que me",0,0
"dijo Sancho-, no lo consentirán los cardenales, que aún se están frescos en las costillas.",0,0
¡Y cómo si lo son!,0,1
Sí reniego,0,1
"Don Fernando daba gracias al cielo por la merced recebida y haberle sacado de aquel intricado laberinto, donde se hallaba tan a pique de perder el crédito y el alma; y, finalmente, cuantos en la venta estaban estaban contentos y gozosos del buen suceso que habían tenido tan trabados y desesperados negocios.",1,0
"Digo, en fin, que entonces llegó en todo estremo aderezada y en todo estremo hermosa, o a lo menos a mí me pareció serlo la más que hasta entonces había visto; y con esto, viendo las obligaciones en que me había puesto, me parecía que tenía delante de mí una deidad del cielo, venida a la tierra para mi gusto y para mi remedio.",1,0
También se alegrarán,0,1
"De cualquiera palabra que Sancho decía, la duquesa gustaba tanto como se desesperaba don Quijote; y mandándole que callase, la Dolorida prosiguió diciendo:",1,0
"Pues, aunque eso sea",0,1
"Apeáronse de sus bestias amo y mozo, y, acomodándose a los troncos de los árboles, Sancho, que había merendado aquel día, se dejó entrar de rondón por las puertas del sueño; pero don Quijote, a quien desvelaban sus imaginaciones mucho más que la hambre, no podía pegar sus ojos, antes iba y venía con el pensamiento por mil géneros de lugares.",1,0
"No, por cierto",0,1
"En llegando a él, se tendió en el suelo, encima de la yerba, y los demás hicieron lo mismo, y todo esto sin que ninguno hablase, hasta que el Roto, después de haberse acomodado en su asiento, dijo:",0,0
"El resto della concluían sayo de velarte, calzas de velludo para las fiestas, con sus pantuflos de lo mesmo, y los días de entresemana se honraba con su vellorí de lo más fino.",1,0
"Y más le sé decir: que todo aquello que canta lo saca de su cabeza, que he oído decir que es muy gran estudiante y poeta.",1,0
"le vino a llamar «Rocinante», nombre, a su parecer, alto, sonoro y significativo de lo que había sido cuando fue rocín, antes de lo que ahora era, que era antes y primero de todos los rocines del mundo.",0,0
"Llévaste dos mil suspiros, que a ser de fuego pudieran abrasar a dos mil Troyas, si dos mil Troyas hubiera.",1,0
"Cuando yo oí decir «Dulcinea del Toboso», quedé atónito y suspenso, porque luego se me representó que aquellos cartapacios contenían la historia de don Quijote.",0,0
"Por las cuales razones yo no debo sentir ni siento las que aquel buen hombre me ha dicho: solo quisiera que esperara algún poco, para darle a entender en el error en que está en pensar y decir que no ha habido, ni los hay, caballeros andantes en el mundo; que si lo tal oyera Amadís, o uno de los infinitos de su linaje, yo sé que no le fuera bien a su merced.",0,0
Y yo lo digo también,0,1
"Para cuya seguridad, andando más los tiempos y creciendo más la malicia, se instituyó la orden de los caballeros andantes, para defender las doncellas, amparar las viudas y socorrer a los huérfanos y a los menesterosos.",1,0
"CARTA DE SANCHO PANZA A DON QUIJOTE DE LA MANCHA La ocupación de mis negocios es tan grande, que no tengo lugar para rascarme la cabeza, ni aun para cortarme las uñas , y, así, las traigo tan crecidas cual Dios lo remedie.",1,0
"Con estas que daba, al parecer, justas escusas, dejaba el tío de importunarla y esperaba a que entrase algo más en edad y ella supiese escoger compañía a su gusto.",0,0
"Era la noche entreclara, puesto que quisiera Sancho que fuera del todo escura, por hallar en su escuridad disculpa de su sandez.",1,0
"Dice, pues, que bien se acordará el que hubiere leído la primera parte desta historia de aquel Ginés de Pasamonte a quien entre otros galeotes dio libertad don Quijote en Sierra Morena, beneficio que después le fue mal agradecido y peor pagado de aquella gente maligna y mal acostumbrada.",1,0
"Si tú no me descubres, Sancho",0,1
"¡Maldito seas de Dios, mentecato!",0,1
"Seguramente puede vuestra merced entrar y espaciarse en este castillo, que aunque es estrecho y mal acomodado no hay estrecheza ni incomodidad en el mundo que no dé lugar a las armas y a las letras, y más si las armas y letras traen por guía y adalid a la fermosura, como la traen las letras de vuestra merced en esta fermosa doncella, a quien deben no solo abrirse y manifestarse los castillos, sino apartarse los riscos y devidirse y abajarse las montañas para dalle acogida.",0,0
Juntamente con esto me decía que fuese yo a ser el rector del tal colegio.,1,0
Pues lo mesmo,0,1
"Eso mesmo es bien que yo pregunte, señora",0,1
"Allí vio él visiones hermosas y apacibles, y yo veré aquí, a lo que creo, sapos y culebras.",0,0
"Dejamos al gran gobernador enojado y mohíno con el labrador pintor y socarrón, el cual, industriado del mayordomo, y el mayordomo, del duque, se burlaban de Sancho; pero él se las tenía tiesas a todos, maguera tonto, bronco y rollizo, y dijo a los que con él estaban, y al doctor Pedro Recio, que como se acabó el secreto de la carta del duque había vuelto a entrar en la sala:",1,0
"Lo que puedes hacer dél es dejarle a sus aventuras, ora se pierda o no, porque serán tantos los caballos que tendremos después que salgamos vencedores, que aun corre peligro Rocinante no le trueque por otro.",0,0
"Estando en esto, el ventero, que estaba a la puerta de la venta, dijo:",1,0
"No se diga más sino que fue de manera que se alzó de nuevo en los estribos y, apretando más la espada en las dos manos, con tal furia descargó sobre el vizcaíno, acertándole de lleno sobre la almohada y sobre la cabeza, que, sin ser parte tan buena defensa, como si cayera sobre él una montaña, comenzó a echar sangre por las narices y por la boca y por los oídos, y a dar muestras de caer de la mula abajo, de donde cayera, sin duda, si no se abrazara con el cuello; pero, con todo eso, sacó los pies de los estribos y luego soltó los brazos, y la mula, espantada del terrible golpe, dio a correr por",1,0
"Que, aunque yo veo que estoy obligado a cumplir su mandamiento, véome también imposibilitado del don que he prometido a la princesa que con nosotros viene, y fuérzame la ley de caballería a cumplir mi palabra antes que mi gusto.",0,0
"Así es, sin duda",0,1
"Esa Teresa Panza es mi madre, y ese tal Sancho, mi señor padre, y el tal caballero, nuestro amo.",0,0
"dijo don Quijote- fue el mayor enemigo que tuvo la Iglesia de Dios Nuestro Señor en su tiempo y el mayor defensor suyo que tendrá jamás: caballero andante por la vida y santo a pie quedo por la muerte, trabajador incansable en la viña del Señor, doctor de las gentes, a quien sirvieron de escuelas los cielos y de catedrático y maestro que le enseñase el mismo Jesucristo.",0,0
"Finalmente, él habló de manera que hizo sospechoso al retor, codiciosos y desalmados a sus parientes, y a él tan discreto, que el capellán se determinó a llevársele consigo a que el arzobispo le viese y tocase con la mano la verdad de aquel negocio.",0,1
"Y yo digo que el consejo de la mujer es poco, y el que no le toma es loco.",0,0
¿Y cuántos caben en ese caballo?,0,1
"¿Puédese, por ventura, en un instante esperar y temer, o es bien hacello siendo las causas del temor más ciertas?",0,0
Pues guíe vuestra merced,0,1
"Guardábala su tío con mucho recato y con mucho encerramiento; pero, con todo esto, la fama de su mucha hermosura se estendió de manera que así por ella como por sus muchas riquezas, no solamente de los de nuestro pueblo, sino de los de muchas leguas a la redonda, y de los mejores dellos, era rogado, solicitado e importunado su tío se la diese por mujer.",1,0
"Cuanto más que yo quiero que sea verdad y ordenanza expresa el pelear los escuderos en tanto que sus señores pelean, pero yo no quiero cumplirla, sino pagar la pena que estuviere puesta a los tales pacíficos escuderos, que yo aseguro que no pase de dos libras de cera, y más quiero pagar las tales libras, que sé que me costarán menos que las hilas que podré gastar en curarme la cabeza, que ya me la cuento por partida y dividida en dos partes.",0,0
"Niña soy, pulcela tierna; mi edad de quince no pasa: catorce tengo y tres meses, te juro en Dios y en mi ánima.",1,0
"Unas nuevas os quiero dar ahora, las cuales, ya que no sirvan de alivio a vuestro dolor, no os le aumentarán en ninguna manera.",1,0
"Mas el barbero, que ya había dado en el mesmo pensamiento que el cura, preguntó a don Quijote cuál era la advertencia de la prevención que decía era bien se hiciese: quizá podría ser tal, que se pusiese en la lista de los muchos advertimientos impertinentes que se suelen dar a los príncipes.",0,0
"dijo don Quijote-, mil sentencias encerradas en el círculo de breves palabras: el consejo que ahora me has dado le apetezco y recibo de bonísima gana.",0,0
"Y sin esperar respuesta se salió del aposento, donde quedó don Quijote sosegado y pensativo esperándola; pero luego le sobrevinieron mil pensamientos acerca de aquella nueva aventura, y parecíale ser mal hecho y peor pensado ponerse en peligro de romper a su señora la fee prometida, y decíase a sí mismo:",0,0
"Pues no tengas pena, amigo",0,1
"buenas comedias y se conseguiría felicísimamente lo que en ellas se pretende: así el entretenimiento del pueblo como la opinión de los ingenios de España, el interés y seguridad de los recitantes, y el ahorro del cuidado de castigallos.",1,0
"Y lo primero que hizo fue limpiar unas armas que habían sido de sus bisabuelos, que, tomadas de orín y llenas de moho, luengos siglos había que estaban puestas y olvidadas en un rincón.",1,0
"Real y verdaderamente, todos los que gustan de semejantes historias como esta deben de mostrarse agradecidos a Cide Hamete, su autor primero, por la curiosidad que tuvo en contarnos las semínimas della, sin dejar cosa, por menuda que fuese, que no la sacase a luz distintamente.",1,0
"dijo a esta sazón don Quijote-, que concluyas con tu arenga, que tengo para mí que si te dejasen seguir en las que a cada paso comienzas, no te quedaría tiempo para comer ni para dormir, que todo le gastarías en hablar.",0,0
respondió Sansón.,0,0
"El licenciado respondió: «Yo soy, hermano, el que me voy, que ya no tengo necesidad de estar más aquí, por lo que doy infinitas gracias a los cielos, que tan grande merced me han hecho».",0,1
"dijo el labrador-, señor bueno, que un vecino deste lugar, tan gordo que pesa once arrobas, desafió a correr a otro su vecino que no pesa más que cinco.",0,0
"respondió Sancho-, solo sé que las señas que me dio de mi casa, mujer y hijos no me las podría dar otro que él mesmo; y la cara, quitadas las narices, era la misma de Tomé Cecial, como yo se la he visto muchas veces en mi pueblo y pared en medio de mi misma casa, y el tono de la habla era todo uno.",0,0
"dijo don Quijote- que, ahechado por sus manos, hizo pan candeal, sin duda alguna.",0,0
De allí a poco sacaron por la mesma ventana una pequeña cruz hecha de cañas y luego la volvieron a entrar.,1,0
"respondieron los cabreros-, y echaremos suertes a quién ha de quedar a guardar las cabras de todos.",0,0
"No se hubo bien encerrado, cuando la huéspeda arremetió al barbero y, asiéndole de la barba, dijo:",1,0
"Pidió las llaves a la sobrina del aposento donde estaban los libros autores del daño, y ella se las dio de muy buena gana.",1,0
"Ahí está el toque, señora",0,1
"No hay hueco de peña, ni margen de arroyo, ni sombra de árbol que no esté ocupada de algún pastor que sus desventuras a los aires cuente; el eco repite el nombre de Leandra dondequiera que pueda formarse: ""Leandra"" resuenan los montes, ""Leandra"" murmuran los arroyos, y Leandra nos tiene a todos suspensos y encantados, esperando sin esperanza y temiendo sin saber de qué tememos.",1,0
Para eso,0,1
"¡Ay, señor mío, quítese de ahí, no haga eso",0,1
La mujer hermosa y honrada cuyo marido es pobre merece ser coronada con laureles y palmas de vencimiento y triunfo.,0,1
"Y fue esta negación añadir llama a llama y deseo a deseo, porque, aunque pusieron silencio a las lenguas, no le pudieron poner a las plumas, las cuales con más libertad que las lenguas suelen dar a entender a quien quieren lo que en el alma está encerrado, que muchas veces la presencia de la cosa amada turba y enmudece la intención más determinada y la lengua más atrevida.",0,0
"De entre esta tierra estéril, derribada, destos terrones por el suelo echados, las almas santas de tres mil soldados subieron vivas a mejor morada, siendo primero en vano ejercitada la fuerza de sus brazos esforzados, hasta que al fin, de pocos y cansados, dieron la vida al filo de la espada.",1,0
Por más poder que vuestra merced tenga,0,1
"Viéndose, pues, don Quijote libre y desembarazado de tantas pendencias, así de su escudero como suyas, le pareció que sería bien seguir su comenzado viaje y dar fin a aquella grande aventura para que había sido llamado y escogido, y, así, con resoluta determinación se fue a poner de hinojos",0,0
Malas ínsulas te ahoguen,0,1
"¡Tente, valeroso Sancho, que te bamboleas!",0,0
"Cesó la música, sentóse Sancho a la cabecera de la mesa, porque no había más de aquel asiento, y no otro servicio en toda ella.",1,0
"Las cuales dijeron que así lo hacían y lo harían con la voluntad y cuidado posible, porque echaban de ver que su señor por momentos iba dando muestras de estar en su entero juicio.",1,0
¡Gran merced!,0,1
¿Quién puede estar aquí o quién se ha de quejar,0,1
"emperadores romanos, de los pechos arriba, una que semejaba ser de bronce.",1,0
"dijo Sancho- que antes de mucho tiempo no ha de haber bodegón, venta ni mesón o tienda de barbero donde no ande pintada la historia de nuestras hazañas; pero querría yo que la pintasen manos de otro mejor pintor que el que ha pintado a estas.",0,0
"Yo no lo digo por tanto, señora",0,1
"Así es, señor don Quijote",0,1
"Y así como ella salió en público y su hermosura se vio al descubierto, no os sabré buenamente decir cuántos ricos mancebos, hidalgos y labradores, han tomado el traje de Grisóstomo y la andan requebrando por esos campos; uno de los cuales, como ya está dicho, fue nuestro difunto, del cual decían que la dejaba de querer y la adoraba .",0,0
"Una por una, yo haré, puesto allá, las diligencias posibles, y haga el cielo lo que más fuere servido",0,1
"Porque dicen ellos que tantas letras tiene un no como un sí y que harta ventura tiene un delincuente que está en su lengua su vida o su muerte, y no en la de los testigos y probanzas; y para mí tengo que no van muy fuera de camino.",0,0
También lo juro yo,0,1
"Comenzaron a moverse y a hacer un modo de escaramuza por las sosegadas aguas, correspondiéndoles casi al mismo modo infinitos caballeros que de la ciudad sobre hermosos caballos y con vistosas libreas salían.",1,0
"Vos, Sancho, iréis vestido parte de letrado y parte de capitán, porque en la ínsula que os doy tanto son menester las armas como las letras, y las letras como las armas.",1,0
"Santa amistad, que con ligeras alas, tu apariencia quedándose en el suelo, entre benditas almas en el cielo subiste alegre a las impíreas salas: desde allá, cuando quieres, nos señalas la justa paz cubierta con un velo, por quien a veces se trasluce el celo de buenas obras que a la fin son malas.",1,0
"Sancho está muy en lo cierto, y no hay que culparle en nada: al rucio se le dará recado a pedir de boca, y descuide Sancho, que se le tratará como a su mesma persona.",0,0
Todo lo creyera yo,0,1
"De buenos criados es conllevar las penas de sus señores y sentir sus sentimientos, por el bien parecer siquiera.",0,0
Y yo y todo,0,1
"¡Ah, señor mío!",0,1
Frisaba la edad de nuestro hidalgo con los cincuenta años.,1,0
"aquella sazón su capitán, el cual mostró ser de hasta edad de treinta y cuatro años, robusto, más que de mediana proporción, de mirar grave y color morena.",1,0
"Lo cual visto por los tres, salieron a ella, y el cura fue el primero que le dijo:",1,0
Cualquiera yantaría yo,0,1
¿Y quién aumenta mis duelos?,0,0
"respondió Sancho-, ni qué sé yo de armas ni de socorros?",0,0
"Sancho nací y Sancho pienso morir; pero si con todo esto, de buenas a buenas, sin mucha solicitud y sin mucho riesgo, me deparase el cielo alguna ínsula, o otra cosa semejante, no soy tan necio, que la desechase; que también se dice «cuando te dieren la vaquilla, corre con la soguilla », y «cuando viene el bien, mételo en tu casa».",0,0
Ha de ser así en todo caso,0,1
Por esta trova,0,1
Esta hermosa señora,0,1
"El primer cura dio al segundo, en dos razones, cuenta de quién era don Quijote, y así él como toda la turba de los diciplinantes fueron a ver si estaba muerto el pobre caballero y oyeron que Sancho Panza, con lágrimas en los ojos, decía:",0,0
"Acudió Sancho a la repostería de sus alforjas y dellas sacó de lo que él solía llamar condumio; enjuagóse la boca, lavóse don Quijote el rostro, con cuyo refrigerio cobraron aliento los espíritus desalentados.",1,0
"Dile tú a Camila lo que has dicho del fingimiento de mis amores, que los versos yo los haré: si no tan buenos como el subjeto merece, serán por lo menos los mejores que yo pudiere.",0,0
¿Cómo y que se ha de sufrir que roben en poblado en este pueblo y que salgan a saltear en él en la mitad de las calles?,0,0
"respondió Sanchica-, pero mire que me ha de dar la mitad desa sarta, que no tengo yo por tan boba a mi señora la duquesa, que se la había de enviar a ella toda.",0,0
No lo entiendo,0,1
"Atentísimamente estuvo don Quijote escuchando las razones del canónigo, y cuando vio que ya había puesto fin a ellas, después de haberle estado un buen espacio mirando le dijo:",1,0
"Finalmente, el acabársele el vino fue principio de un sueño que dio a todos, quedándose dormidos sobre las mismas mesas y manteles: solos Ricote y Sancho quedaron alerta, porque habían comido más y bebido menos; y apartando Ricote a Sancho, se sentaron al pie de una haya, dejando a los peregrinos sepultados en dulce sueño, y Ricote, sin tropezar nada en su lengua morisca, en la pura castellana le dijo las siguientes razones:",0,0
"Lo que han de hacer es llevarme en brazos y ponerme atravesado o en pie en algún postigo, que yo le guardaré o con esta lanza o con mi cuerpo.",0,0
"la batalla y está ya a punto de muerte, y cuando no os me cato, asoma por acullá, encima de una nube o sobre un carro de fuego, otro caballero amigo suyo, que poco antes se hallaba en Ingalaterra, que le favorece y libra de la muerte, y a la noche se halla en su posada, cenando muy a su sabor; y suele haber de la una a la otra parte dos o tres mil leguas, y todo esto se hace por industria y sabiduría destos sabios encantadores que tienen cuidado destos valerosos caballeros.",1,0
"Yo, señor don Quijote de la Mancha, soy una destas, apretada, vencida y enamorada, pero, con todo esto, sufrida y honesta: tanto, que por serlo tanto, reventó mi alma por mi silencio y perdí la vida.",0,0
"Vuestras grandezas sean servidas de no hacer tanta cortesía a este su criado, digo, a esta su criada, porque, según soy de dolorida, no acertaré a responder a lo que debo, a causa que mi estraña y jamás vista desdicha me ha llevado el entendimiento no sé adónde, y debe de ser muy lejos, pues cuanto más le busco, menos le hallo.",0,0
"¡Este es engaño, engaño es este!",0,0
Quiero el envite,0,1
"¡No, sino pónganme el dedo en la boca, y verán si aprieto o no!",0,0
"Sancho, que si mal gobernares, tuya será la culpa y mía la vergüenza; mas consuélome que he hecho lo que debía en aconsejarte con las veras y con la discreción a mí posible: con esto salgo de mi obligación y de mi promesa.",1,0
"dijo Sancho-, pero con la tica ni me tiro ni me pago, porque no la entiendo.",0,0
Pues si no me entienden,0,1
"Luego volvía diciendo, como si verdaderamente fuera enamorado:",0,0
"En verdad, señor",0,1
"De allí a dos días dijo el duque a don Quijote como desde allí a cuatro vendría su contrario y se presentaría en el campo, armado como caballero, y sustentaría como la doncella mentía por mitad de la barba, y aun por toda la barba entera, si se afirmaba que él le hubiese dado palabra de casamiento.",1,0
"No hay para qué se dé cuenta aquí de mis cosas: yo soy libre y volveré si me diere gusto, y si no, ninguno de vosotros me ha de hacer fuerza.",0,0
"Calle vuestra merced, no diga tal blasfemia, y créame que le aconsejo en esto lo que debe de hacer como discreto, sino léalos y verá el gusto que recibe de su leyenda.",0,0
"Abrenuncio habéis de decir, Sancho, y no como decís",0,1
"Así pienso llover como pensar ahorcarme.» A las voces y a las razones del loco estuvieron los circustantes atentos, pero nuestro licenciado, volviéndose a nuestro capellán y asiéndole de las manos, le dijo: «No tenga vuestra merced pena, señor mío, ni haga caso de lo que este loco ha dicho, que si él es Júpiter y no quisiere llover, yo, que soy Neptuno, el padre y el dios de las aguas, lloveré todas las veces que se me antojare y fuere menester».",0,0
"Con esto se consoló algún tanto, pero desconsolóle pensar que su autor era moro, según aquel nombre de Cide, y de los moros no se podía esperar verdad alguna, porque todos son embelecadores, falsarios y quimeristas.",0,0
"Lo cual oído por maese Pedro, cesó el tocar y dijo:",0,0
"Acabó de cerrar la noche, pero con tanta claridad de la luna, que podía competir con el que se la prestaba, de manera que cuanto el novel caballero hacía era bien visto de todos.",0,0
Eso juro yo,0,1
"Preguntáronle sus compañeros si había cenado, y, respondiendo que sí, el que había hecho los ofrecimientos le dijo:",1,0
Diose priesa a caminar y llegó a ella a tiempo que anochecía.,1,0
Decid Sarra,0,1
"Finalmente, con intervención de sus señores ordenó otra del más gracioso y estraño artificio que puede imaginarse.",1,0
"Haría yo una buena apuesta con vos, Sancho",0,1
Porque ¿qué hay que agradecer,0,1
"dijo el del jumento-, y yo procuraré pagároslo en la mesma moneda.» Con estas circunstancias todas, y de la mesma manera que yo lo voy contando, lo cuentan todos aquellos que están enterados en la verdad deste caso.",0,1
No me maravillaría de nada deso,0,1
"encierran esta sentencia: «No cobrarán su primera forma estos dos atrevidos amantes hasta que el valeroso manchego venga conmigo a las manos en singular batalla, que para solo su gran valor guardan los hados esta nunca vista aventura».",0,0
habrán puesto ahí esa inmundicia para mover a cólera su paciencia y hacer que me muela como suele las costillas.,1,0
Eso no haréis vosotros,0,1
"Antes os engañáis, Sancho",0,1
"Por cierto, señor Sansón Carrasco, que tenemos nuestro merecido: con facilidad se piensa y se acomete una empresa, pero con dificultad las más veces se sale della.",0,0
"Pardiez, yo no me pienso moler por quitar las barbas a nadie: cada cual se rape como más le viniere a cuento, que yo no pienso acompañar a mi señor en tan largo viaje.",0,0
"Acabaron de cenar, levantaron los manteles, y en tanto que la ventera, su hija y Maritornes aderezaban el camaranchón de don Quijote de la Mancha, donde habían determinado que aquella noche las mujeres solas en él se recogiesen, don Fernando rogó al cautivo les contase el discurso de su vida, porque no podría ser sino que fuese peregrino y gustoso, según las muestras que había comenzado a dar, viniendo en compañía de Zoraida.",1,0
Las dos bellezas juntas de don Gregorio y Ana Félix admiraron en particular a todos juntos los que presentes estaban.,0,0
¿Quién oyera el pasado razonamiento de don Quijote que no le tuviera por persona muy cuerda y mejor intencionada?,0,0
"Y, así, dando de las espuelas a Rocinante, pasó adelante, dejándolos admirados de haber visto y notado así su estraña figura como la discreción de su criado, que por tal juzgaron a Sancho; y otro de los labradores dijo:",0,0
"Grandes eran los discursos que don Quijote hacía sobre la respuesta de la encantada cabeza, sin que ninguno dellos diese en el embuste, y todos paraban con la promesa, que él tuvo por cierto, del desencanto de Dulcinea.",1,0
"Otras veces, como era tan discreto, respondía de manera que las respuestas venían bien con las preguntas; y como nadie le apuraba ni apretaba a que dijese cómo adevinaba su mono, a todos hacía monas, y llenaba sus esqueros.",1,0
"Cismáticos queréis decir, amigo",0,1
"Preguntó el general quién era el arráez del bergantín, y fuele respondido por uno de los cautivos en lengua castellana (que después pareció ser renegado español):",1,0
Así lo creo yo,0,1
"Del conocerte saldrá el no hincharte como la rana que quiso igualarse con el buey, que si esto haces, vendrá a ser feos pies de la rueda de tu locura la consideración de haber guardado puercos en tu tierra.",0,0
"Trabajosa vida es la que pasamos y vivimos, señor mío, estos que somos escuderos de caballeros andantes: en verdad que comemos el pan en el sudor de nuestros rostros, que es una de las maldiciones que echó Dios a nuestros primeros padres.",0,0
"que había hecho en la selva la figura encantada de Dulcinea- a Teresa Panza, con la carta de su marido Sancho Panza y con el lío de ropa que había dejado para que se le enviase, encargándole le trujese buena relación de todo lo que con ella pasase.",0,0
"Así que dije bien que holgara, si Dios quisiera, de no estar contento.",0,0
"Hete dicho esto porque de la primera encina o roble que se me depare pienso desgajar otro tronco, tal y tan bueno como aquel que me imagino; y pienso hacer con él tales hazañas, que tú te tengas por bien afortunado de haber merecido venir a vellas y a ser testigo de cosas que apenas podrán ser creídas.",0,0
"Estando en esto, llegó otro mozo de los que les traían del aldea el bastimento, y dijo:",1,0
"Encantada viene con el gallardo francés Montesinos, a dar orden a don Quijote de cómo ha de ser desencantada la tal señora.",0,0
"respondió el regidor segundo-, porque tengo determinado que os vais vos por una parte del monte y yo por otra, de modo que le rodeemos y andemos todo, y de trecho en trecho rebuznaréis vos y rebuznaré yo, y no podrá ser menos sino que el asno nos oya y nos responda, si es que está en el monte.» A lo que respondió el dueño del jumento: «Digo, compadre, que la traza es excelente y digna de vuestro gran ingenio».",0,1
"Advertid, Sancho amigo, que doña Rodríguez es muy moza y que aquellas tocas más las trae por autoridad y por la usanza que por los años.",0,0
"a lo que pareció- en su señora Dulcinea, dijo:",0,0
Déjate desas sandeces,0,1
"Llegó en esto la noche, y con ella el punto determinado en que el famoso caballo Clavileño viniese, cuya tardanza fatigaba ya a don Quijote, pareciéndole que pues Malambruno se detenía en enviarle, o que él no era el caballero para quien estaba guardada aquella aventura o que Malambruno no osaba venir con él a singular batalla.",1,0
La hija callaba y de cuando en cuando se sonreía.,1,0
"Notable espilorchería, como dice el italiano",0,1
"Leímos el papel, y decía así:",1,0
"No se podía asegurar Dorotea si era soñado el bien que poseía; Cardenio estaba en el mismo pensamiento, y el de Luscinda corría por la misma cuenta.",1,0
¿Qué tiene que ver manosearme el rostro con la resurreción desta doncella?,0,0
"Desesperábase de ver la flojedad y caridad poca de Sancho su escudero, pues, a lo que creía, solos cinco azotes se había dado, número desigual y pequeño para los infinitos que le faltaban; y desto recibió tanta pesadumbre y enojo, que hizo este discurso:",1,0
"«Digo, pues",0,1
Esta a lo menos,0,1
entre las otras piedras del arroyo se habían nacido.,0,0
¿Qué gigantes?,0,1
"Si el amor es cortesía, de la que tienes colijo que el fin de mis esperanzas ha de ser cual imagino.",0,1
"Yo no me acuerdo, Sancho",0,1
"Decía mucho bien del gigante Morgante, porque, con ser de aquella generación gigantea, que todos son soberbios y descomedidos, él solo era afable y bien criado.",1,0
Sí he visto,0,1
"¡Vengan alcancías, pez y resina en calderas de aceite ardiendo!",0,0
"Agradeciéndoselo don Quijote, comió algo, y Sancho mucho, y echáronse a dormir entrambos, dejando a su albedrío y sin orden alguna pacer del abundosa yerba de que aquel prado estaba lleno a los dos continuos compañeros y amigos Rocinante y el rucio.",1,0
"Y dígame por su vida, amigo",0,1
"Llegaba adonde solía tener la puerta, y tentábala con las manos, y volvía y revolvía los ojos por todo, sin decir palabra; pero al cabo de una buena pieza",0,0
"dijo don Antonio-, seguid vuestro camino y no deis consejos a quien no os los pide.",0,0
"Pero, como muchas veces en el progreso desta grande historia queda dicho, solamente disparaba en tocándole en la caballería, y en los demás discursos mostraba tener claro y desenfadado entendimiento, de manera que a cada paso desacreditaban sus obras su juicio, y su juicio sus obras; pero en esta destos segundos documentos que dio a Sancho mostró tener gran donaire y puso su discreción y su locura en un levantado punto.",1,0
"Quienquiera que os dijo, valeroso Caballero de la Triste Figura, que yo me había mudado y trocado de mi ser, no os dijo lo cierto, porque la misma que ayer fui me soy hoy.",0,0
"Y porque se vea que digo verdad, esperen y escuchen, que esta ciencia es como la del nadar, que una vez aprendida, nunca se olvida.",1,0
"Resolviéronse el duque y la duquesa de que el desafío que don Quijote hizo a su vasallo por la causa ya referida pasase adelante; y puesto que el mozo estaba en Flandes, adonde se había ido huyendo por no tener por suegra a doña Rodríguez, ordenaron de poner en su lugar a un lacayo gascón, que se llamaba Tosilos, industriándole primero muy bien de todo lo que había de hacer.",1,0
"dijo el cura-, pero nosotros buscaremos por ahí pastoras mañeruelas, que si no nos cuadraren, nos esquinen A lo que añadió Sansón Carrasco:",0,0
"El caballero se apeó, y frontero del aposento de don Quijote la huéspeda le dio una sala baja, enjaezada con otras pintadas sargas como las que tenía la estancia de don Quijote.",0,0
"El cautivo, que desde el punto que vio al oidor, le dio saltos el corazón y barruntos de que aquel era su hermano, preguntó a uno de los criados que con él venían que cómo se llamaba y si sabía de qué tierra era.",1,0
"Recogió las armas, hasta las astillas de la lanza, y liólas sobre Rocinante, al cual tomó de la rienda, y del cabestro al asno, y se encaminó hacia su pueblo, bien pensativo de oír los disparates que don Quijote decía; y no menos iba don Quijote, que, de puro molido y quebrantado, no se podía tener sobre el borrico y de cuando en cuando daba unos suspiros, que los ponía en el cielo, de modo que de nuevo obligó a que el labrador le preguntase le dijese qué mal sentía; y no parece sino que el diablo le traía a la memoria los cuentos acomodados a sus sucesos, porque en aquel punto, olvidándose de Valdovinos, se acordó del moro Abindarráez,",1,0
"no me acuerdo, que entre los estremos de cobarde y de temerario está el medio de la valentía: y si esto es así, no quiero que huya sin tener para qué, ni que acometa cuando la demasía pide otra cosa.",1,0
"La ventera y su hija no vieron a otro más desocupado para poder socorrerle que a don Quijote, a quien la hija de la ventera dijo:",0,0
"Yo, pues, era uno de los de rescate, que, como se supo que era capitán, puesto que dije mi poca posibilidad y falta de hacienda, no aprovechó nada para que no me pusiesen en el número de los caballeros y gente de rescate.",0,0
"Si con todo este adorno podía venir entonces hermosa o no, por las reliquias que le han quedado en tantos trabajos se podrá conjeturar cuál debía de ser en las prosperidades, porque ya se sabe que la hermosura de algunas mujeres tiene días y sazones y requiere accidentes para diminuirse o acrecentarse , y es natural cosa que las pasiones del ánimo la levanten o abajen, puesto que las más veces la destruyen.",1,0
"Señor gobernador, este mancebo venía hacia nosotros, y así como columbró la justicia, volvió las espaldas y comenzó a correr como un gamo: señal que debe de ser algún delincuente; yo partí tras él, y si no fuera porque tropezó y cayó, no le alcanzara jamás.",0,0
Así debe de ser,0,1
Pues tú te hallas con tan buena disposición,0,1
Partes son esas,0,1
"Ahora te digo, Sanchuelo, que eres el mayor bellacuelo que hay en España.",0,0
"Armóse Sansón como queda referido y Tomé Cecial acomodó sobre sus naturales narices las falsas y de máscara ya dichas, porque no fuese conocido de su compadre cuando se viesen, y, así, siguieron el mismo viaje que llevaba don Quijote y llegaron casi a hallarse en la aventura del carro de la Muerte, y, finalmente, dieron con ellos en el bosque, donde les sucedió todo lo que el prudente ha leído; y si no fuera por los pensamientos extraordinarios de don Quijote, que se dio a entender que el bachiller no era el bachiller, el señor bachiller quedara imposibilitado para siempre de graduarse de licenciado, por no haber hallado nidos donde pensó hallar pájaros.",1,0
"El cuatralbo que estaba avisado de su buena venida, por ver a los dos tan famosos Quijote y Sancho, apenas llegaron a la marina cuando todas las galeras abatieron tienda y sonaron las chirimías.",1,0
"Iba don Quijote embelesado, sin poder atinar con cuantos discursos hacía qué serían aquellos nombres llenos de vituperios que les ponían, de los cuales sacaba en limpio no esperar",0,0
"Halló don Quijote ser la casa de don Diego de Miranda ancha como de aldea; las armas, empero, aunque de piedra tosca, encima de la puerta de la calle; la bodega, en el patio; la cueva, en el portal, y muchas tinajas a la redonda, que, por ser del Toboso, le renovaron las memorias de su encantada y transformada Dulcinea; y sospirando, y sin mirar lo que decía, ni delante de quién estaba, dijo:",1,0
"Finalmente, don Quijote, encomendándose de todo su corazón a Dios Nuestro Señor y a la señora Dulcinea del Toboso, estaba aguardando que se le diese señal precisa de la arremetida; empero nuestro lacayo tenía diferentes pensamientos: no pensaba él sino en lo que agora diré.",1,0
"Finalmente, el alcalde proveyó jurídicamente; la declaración se hizo con todas las fuerzas que en tales casos debían hacerse, con lo que quedaron don Quijote y Sancho muy alegres, como si les importara mucho semejante declaración y no mostrara claro la diferencia de los dos don Quijotes y la de los dos Sanchos sus obras y sus palabras.",0,0
"el campo, y a pocos corcovos dio con su dueño en tierra.",1,0
"Mire, señor",0,1
"respondió Sancho-, porque, según vuestra merced dice, más anejas son a los caballeros andantes las desgracias que a sus escuderos.",0,0
«Ahora digo,0,1
"Y al par de mi deseo, que se esfuerza a decir mi dolor y tus hazañas, de la espantable voz irá el acento, y en él mezcladas, por mayor tormento, pedazos de las míseras entrañas.",1,0
"Los dos, que no deseaban otra cosa que saber de su mesma boca la causa de su daño, le rogaron se la contase, ofreciéndole de no hacer otra cosa de la que él quisiese en su remedio o consuelo; y con esto el triste caballero comenzó su lastimera historia, casi por las mesmas palabras y pasos que la había contado a don Quijote y al cabrero pocos días atrás, cuando, por ocasión del maestro Elisabat y puntualidad de don Quijote en guardar el decoro a la caballería, se quedó el cuento imperfeto, como la historia lo deja contado.",0,0
"No había tierra en todo el orbe que no hubiese visto, ni batalla donde no se hubiese hallado; había muerto más moros que tiene Marruecos y Túnez, y entrado en más singulares desafíos, según él decía, que Gante y Luna, Diego García de Paredes y otros mil que nombraba, y de todos había salido con vitoria, sin que le hubiesen derramado una sola gota de sangre.",1,0
"Con gran deseo quedó el Caballero de la Triste Figura de saber quién fuese el dueño de la maleta, conjeturando por el soneto y carta, por el dinero en oro y por las tan buenas camisas, que debía de ser algún principal enamorado, a quien desdenes y malos tratamientos de su dama debían de haber conducido a algún desesperado término.",0,0
"Digo, pues, que dijo su padre a Zoraida:",0,0
¿Cómo que hasta aquí has llegado sin haberte muerto los infinitos palos que tienes a cuestas?,0,0
No hay duda,0,1
No pongo yo duda en eso,0,1
Ese Sancho no eres tú,0,1
"No mires de tu Tarpeya este incendio que me abrasa, Nerón manchego del mundo, ni le avives con tu saña.",1,0
Pero esto importa poco a nuestro cuento: basta que en la narración dél no se salga un punto de la verdad.,1,0
"La duquesa y el duque salieron a la puerta de la sala a recebirle, y con ellos un grave eclesiástico destos que gobiernan las casas de los príncipes: destos que, como no nacen príncipes, no aciertan a enseñar cómo lo han de ser los que lo son; destos que quieren que la grandeza de los grandes se mida con la estrecheza de sus ánimos; destos que, queriendo mostrar a los que ellos gobiernan a ser limitados, les hacen ser miserables.",0,0
"Así era discreta como bella, y era la más bella del mundo, y lo es, si ya los hados invidiosos y las parcas endurecidas no la han cortado la estambre de la vida.",1,0
"Las palabras que le he dicho se las ha llevado el aire; los ofrecimientos se han tenido en poco, las dádivas no se han admitido; de algunas lágrimas fingidas mías se ha hecho burla notable.",0,0
Dijo en esto Sancho Panza a su amo:,1,0
"Mas allá entre tus reproches y honestísimos desvíos, tal vez la esperanza muestra la orilla de su vestido.",0,1
¡Bueno está eso!,0,1
Por cierto,0,1
"Y esta fue la ocasión, señores, de las palabras y razones que dije a esta cabra cuando aquí llegué, que por ser hembra la tengo en poco, aunque es la mejor de todo mi apero.",1,0
"respondió don Quijote-, que si estos pensamientos caballerescos no me llevasen tras sí todos los sentidos, que no habría cosa que yo no hiciese, ni curiosidad que no saliese de mis manos, especialmente jaulas y palillos de dientes.",0,0
"El mesmo es, señora",0,1
"Todo esto notaba Lotario, y todo le encendía.",1,0
"Si Roldán fue tan buen caballero y tan valiente como todos dicen, ¿qué maravilla, pues al fin era encantado, y no le podía matar nadie si no era metiéndole un alfiler de a blanca por la planta del pie, y él traía siempre los zapatos con siete suelas de hierro?",0,0
Yo me reportaré,0,1
Sancho iba diciendo entre sí: «¿Nosotros tortolitas?,0,0
"Dos caminos hay, hijas, por donde pueden ir los hombres a llegar a ser ricos y honrados: el uno es el de las letras; otro, el de las armas.",1,0
"señor don Quijote, y hallóle suspirando y diciendo mil amorosas lamentaciones.",1,0
"dijo Sancho-, aunque no tan nueva, que yo no la haya oído muchas y diversas veces, como aquella del juego del ajedrez, que mientras dura el juego cada pieza tiene su particular oficio, y en acabándose el juego todas se mezclan, juntan y barajan, y dan con ellas en una bolsa, que es como dar con la vida en la sepultura.",0,0
"Estando yo un día en el Alcaná de Toledo, llegó un muchacho a vender unos cartapacios y papeles viejos a un sedero; y como yo soy aficionado a leer aunque sean los papeles rotos de las calles, llevado desta mi natural inclinación tomé un cartapacio de los que el muchacho vendía y vile con carácteres que conocí ser arábigos.",1,0
"respondió el estudiante- sino de un labrador y una labradora: él, el más rico de toda esta tierra, y ella, la más hermosa que han visto los hombres.",0,0
Tampoco sabré decir eso,0,1
"¿Por ventura es cosa nueva deshacer un solo caballero andante un ejército de docientos mil hombres, como si todos juntos tuvieran una sola garganta o fueran hechos de alfenique?",0,0
"respondieron-, vuestra merced que me habla debe de ser mi señor don Quijote de la Mancha, y aun en el órgano de la voz no es otro, sin duda.",0,0
"En verdad en verdad que envié ayer a la ciudad a vender más de cincuenta; pero, fuera de pollas, pida vuestra merced lo que quisiere.",0,0
No me parece mal esa humildad,0,1
"Desa manera, aquel plato de perdices que están allí asadas y, a mi parecer, bien sazonadas no me harán algún daño.",0,0
"Llegó de tropel la estendida y gruñidora piara, y sin tener respeto a la autoridad de don Quijote, ni a la de Sancho, pasaron por cima de los dos, deshaciendo las trincheas de Sancho y derribando no solo a don Quijote, sino llevando por añadidura a Rocinante.",1,0
"Decíanme mis padres que en sola mi virtud y bondad dejaban y depositaban su honra y fama, y que considerase la desigualdad que había entre mí y don Fernando, y que por aquí echaría de ver que sus pensamientos (aunque él dijese otra cosa) más se encaminaban a su gusto que a mi provecho, y que si yo quisiese poner en alguna manera algún inconveniente para que él se dejase de su injusta pretensión, que ellos me casarían luego con quien yo más gustase, así de los más principales de nuestro lugar como de todos los circunvecinos, pues todo se podía esperar de su mucha hacienda y de mi buena fama.",1,0
"En esta sé que se hallará todo lo que se acertare a desear en la más apacible; y si algo bueno en ella faltare, para mí tengo que fue por culpa del galgo de su autor, antes que por falta del sujeto.",1,0
"Venga Vuestra Excelencia con la salud que es deseado, que ya estará Persiles para besarle las manos, y yo los pies, como criado que soy de Vuestra Excelencia.",1,0
"dicha, cortaba como una navaja y no había armadura, por fuerte y encantada que fuese, que se le parase delante.",1,0
"En efecto, él, con toda diligencia, minó la roca de su entereza, con tales pertrechos, que aunque Camila fuera toda de bronce viniera al suelo.",1,0
"Querría que vuestra discreción la leyese, porque me parece que va conforme a lo de gobernador, digo, al modo que deben de escribir los gobernadores.",0,0
detrás de un recuesto que cerca de allí se mostraba había un valle de más yerba y mucho mejor que aquel donde parar querían.,1,0
"pasada, la cual no quiere su historiador contar ahora, por acudir a Sancho Panza, que andaba muy solícito y muy gracioso en su gobierno.",1,0
"Así que, ¡oh Sancho!, mudad de opinión, y cuando seáis gobernador, ocupaos en la caza y veréis como os vale un pan por ciento.",0,0
A mí me parece,0,1
En una lo diré,0,1
"Finalmente, no pasaron muchos meses después que vino de Salamanca, cuando un día remaneció vestido de pastor, con su cayado y pellico, habiéndose quitado los hábitos largos que como escolar traía; y juntamente se vistió con él de pastor otro su grande amigo, llamado Ambrosio, que había sido su compañero en los estudios.",0,0
Yo soy el que tengo de serviros y acompañaros,0,1
"Solo Lotario era este, que con toda solicitud y advertimiento miraba por la honra de su amigo y procuraba dezmar, frisar y acortar los días del concierto del ir a su casa, porque no pareciese mal al vulgo ocioso y a los ojos vagabundos y maliciosos la entrada de un mozo rico, gentilhombre y bien nacido, y de las buenas partes que él pensaba que tenía, en la casa de una mujer tan hermosa como Camila; que puesto que su bondad y valor podía poner freno a toda maldiciente lengua, todavía no quería poner en duda su crédito ni el de su amigo, y por esto los más de los días del concierto los ocupaba y entretenía en otras cosas",1,0
"mentira autorizada de los tiempos-, príncipe de la mágica y monarca y archivo de la ciencia zoroástrica, émulo a las edades y a los siglos que solapar pretenden las hazañas de los andantes bravos caballeros, a quien yo tuve y tengo gran cariño.",0,0
"Todo esto escuchaba Sancho, no con poco dolor de su ánima, viendo que se le desparecían e iban en humo las esperanzas de su ditado y que la linda princesa Micomicona se le había vuelto en Dorotea, y el gigante en don Fernando, y su amo se estaba durmiendo a sueño suelto, bien descuidado de todo lo sucedido.",1,0
"Siguió don Antonio Moreno al Caballero de la Blanca Luna, y siguiéronle también, y aun persiguiéronle, muchos muchachos, hasta que le cerraron en un mesón dentro de la ciudad.",1,0
"Seas tenido por falso desde Sevilla a Marchena, desde Granada hasta Loja, de Londres a Ingalaterra.",1,0
"«No fue sino yo», respondió el otro.",0,1
"En llegándose a juntar se saludaron cortésmente y, preguntándose los unos a los otros dónde iban, supieron que todos se encaminaban al lugar del entierro y, así, comenzaron a caminar todos juntos.",1,0
"dijo don Quijote-, que eres un mentecato, y perdóname, y basta.",0,0
"respondió la afligida doncella-, si primero por la vuestra cortesía no me es otorgado el don que pido.",0,0
"solo no me ablandaba, pero me endurecía de manera como si fuera mi mortal enemigo y que todas las obras que para reducirme a su voluntad hacía las hiciera para el efeto contrario; no porque a mí me pareciese mal la gentileza de don Fernando, ni que tuviese a demasía sus solicitudes, porque me daba un no sé qué de contento verme tan querida y estimada de un tan principal caballero, y no me pesaba ver en sus papeles mis alabanzas (que en esto, por feas que seamos las mujeres, me parece a mí que siempre nos da gusto el oír que nos llaman hermosas), pero a todo esto se opone mi honestidad, y los consejos continuos que mis padres",1,0
"respondió el primo- está una ermita, donde hace su habitación un ermitaño que dicen ha sido soldado y está en opinión de ser un buen cristiano, y muy discreto, y caritativo además.",0,0
No nos debemos nada,0,1
que al mal de quien la causa no se sabe milagro es acertar la medicina.,1,0
"No más, señor",0,1
"Llevaba la espada sobre el hombro, y en ella puesto un bulto o envoltorio, al parecer de sus vestidos, que al parecer debían de ser los calzones o greguescos, y herreruelo y alguna camisa, porque traía puesta una ropilla de terciopelo con algunas vislumbres de raso, y la camisa, de fuera; las medias eran de seda, y los zapatos cuadrados, a uso de corte; la edad llegaría a diez y ocho o diez y nueve años; alegre de rostro, y al parecer ágil de su persona.",1,0
"Y, así, llamándonos un día a todos tres a solas en un aposento, nos dijo unas razones semejantes a las que ahora diré: «Hijos, para deciros que os quiero bien basta saber y decir que sois mis hijos; y para entender que os quiero mal basta saber que no me voy a la mano en lo que toca a conservar vuestra hacienda.",0,1
Pues lea vuestra merced alto,0,1
"Todo esto he dicho, ama mía, porque veas la diferencia que hay de unos caballeros a otros; y sería razón que no hubiese príncipe que no estimase en más esta segunda, o, por mejor decir, primera especie de caballeros andantes, que, según leemos en sus historias, tal ha habido entre ellos, que ha sido la salud no solo de un reino, sino de muchos.",1,0
"respondió Sancho-: yo pienso darme de manera que sin matarme me duela, que en esto debe de consistir la sustancia deste milagro.",0,0
"Siendo niña fue hermosa, y siempre fue creciendo en belleza, y en la edad de diez y seis años fue hermosísima.",0,1
"Yo te prometo, sobrina",0,1
¡Oh señor!,0,1
"En fin, la suerte me deparó uno, que, diciéndole mi deseo y poniéndole el libro en las manos, le abrió por medio, y, leyendo un poco en él, se comenzó a reír.",1,0
"Llegado, pues, el esperado día, armóse don Quijote, vistióse Sancho, y encima de su rucio, que no le quiso dejar aunque le daban un caballo, se metió entre la tropa de los monteros.",1,0
"En verdad, hermano",0,1
Diose don Quijote una gran palmada en la frente y comenzó a reír muy de gana y dijo:,1,0
"desierto, pues por todos aquellos contornos no había persona que pudiese escucharle, y entonces se acabó de dar por muerto.",1,0
"Es, pues, el caso, señor don Quijote, que aunque vuesa merced me vee sentada en esta silla y en la mitad del reino de Aragón y en hábito de dueña aniquilada y asendereada, soy natural de las Asturias de Oviedo, y de linaje, que atraviesan por él muchos de los mejores de aquella provincia.",0,0
«Hasta ahora,0,1
Tú buscas tus aventuras y ajenas desdichas hallas; das las feridas y niegas el remedio de sanarlas.,1,0
"La hermosura por sí sola atrae las voluntades de cuantos la miran y conocen, y como a señuelo gustoso se le abaten las águilas reales y los pájaros altaneros; pero si a la tal hermosura se le junta la necesidad y estrecheza, también la embisten los cuervos, los milanos y las otras aves de rapiña: y la que está a tantos encuentros firme bien merece llamarse corona de su marido.",0,1
"Esta gentil moza, pues, ayudó a la doncella, y las dos hicieron una muy mala cama a don Quijote en un camaranchón que en otros tiempos daba manifiestos indicios que había servido de pajar muchos años; en la cual también alojaba un arriero, que tenía su cama hecha un poco más allá de la de nuestro don Quijote, y, aunque era de las enjalmas y mantas de sus machos, hacía mucha ventaja a la de don Quijote, que solo contenía cuatro mal lisas tablas sobre dos no muy iguales bancos y un colchón que en lo sutil parecía colcha, lleno de bodoques, que, a no mostrar que eran de lana por algunas roturas, al tiento en la dureza semejaban de",1,0
"Aquí exclamó Benengeli y, escribiendo, dijo: «¡Oh pobreza, pobreza!",0,0
"Fuese luego a ver a Lotario y hallóle en su casa; abrazáronse los dos, y el uno preguntó por las nuevas de su vida o de su muerte.",1,0
"Ven acá, bestia y mujer de Barrabás",0,1
"Hízolo así el capellán, y el retor le dijo que aquel hombre aún se estaba loco, que puesto que hablaba muchas veces como persona de grande entendimiento, al cabo disparaba con tantas necedades, que en muchas y en grandes igualaban a sus primeras discreciones, como se podía hacer la esperiencia hablándole.",0,1
"El caballo mostraba ser frisón, ancho y de color tordillo; de cada mano y pie le pendía una arroba de lana.",1,0
Dijo Tosilos a Sancho:,0,0
¡Mi padre!,0,1
"Que, mía fe, señor, el pobre está inhabilitado de poder mostrar la virtud de liberalidad con ninguno, aunque en sumo grado la posea, y el agradecimiento que solo consiste en el deseo es cosa muerta, como es muerta la fe sin obras.",1,0
"Digo yo, pues, agora",0,1
"Mas, ¡ay, sin ventura!, que se le ha asido una punta del faldellín de uno de los hierros del balcón, y está pendiente en el aire, sin poder llegar al suelo.",0,0
"Fuese la gente, volviéronse el duque y don Quijote al castillo, encerraron a Tosilos, quedaron doña Rodríguez y su hija contentísimas de ver que por una vía o por otra aquel caso había de parar en casamiento, y Tosilos no esperaba menos.",1,0
"No ha sido Dios servido de depararme otra maleta con otros cien escudos como la de marras, pero no te dé pena, Teresa mía, que en salvo está el que repica, y todo saldrá en la colada del gobierno; sino que me ha dado gran pena que me dicen que si una vez le pruebo, que me tengo de comer las manos tras él, y si así fuese, no me costaría muy barato, aunque los estropeados y mancos ya se tienen su calonjía en la limosna que piden: así que por una vía o por otra tú has de ser rica y de buena ventura.",1,0
"Yendo, pues, caminando nuestro flamante aventurero, iba hablando consigo mesmo y diciendo:",1,0
"respondió uno de los cuatro- dar la vida a su padre, que por la ausencia deste caballero queda a peligro de perderla.",0,0
"Que todo esto es en perjuicio de la verdad y en menoscabo de las historias, y aun en oprobrio de los ingenios españoles, porque los estranjeros, que con mucha puntualidad guardan las leyes de la comedia, nos tienen por bárbaros e ignorantes, viendo los absurdos y disparates de las que hacemos.",0,0
"Esta carta recibió Anselmo, y entendió por ella que Lotario había ya comenzado la empresa y que Camila debía de haber respondido como él deseaba; y, alegre sobremanera de tales nuevas, respondió a Camila, de palabra, que no hiciese mudamiento de su casa en modo ninguno, porque él volvería con mucha brevedad.",1,0
"Escucha, mal caballero, detén un poco las riendas, no fatigues las ijadas de tu mal regida bestia.",0,0
"A esa cuenta, dos deben de ser",0,1
"Sé también por espías verdaderas que han entrado en ese lugar cuatro personas disfrazadas para quitaros la vida, porque se temen de vuestro ingenio: abrid el ojo y mirad quién llega a hablaros, y no comáis de cosa que os presentaren.",0,0
Dios haga a vuestra merced muy venturoso caballero y le dé ventura en lides.,0,1
Muriérase ella enhorabuena cuanto quisiera y como quisiera,0,1
Hermano mío,0,1
"dijo el labrador-, pero, por lo mucho que os quiero, quiero acrecentar la deuda, por acrecentar la paga.",0,0
"Todos mostraron alborotarse con la confusa, marcial y triste armonía, especialmente don Quijote, que no cabía en su asiento, de puro alborotado; de Sancho no hay que decir sino que el miedo le llevó a su acostumbrado refugio, que era el lado o faldas de la duquesa, porque real y verdaderamente el son que se escuchaba era tristísimo y malencólico.",1,0
"dijo el mozo-, así me haga vuestra merced dormir en la cárcel como hacerme rey!",0,0
"Fue tan grande el ruido de los cencerros y el mayar de los gatos, que aunque los duques habían sido inventores de la burla, todavía les sobresaltó, y, temeroso don Quijote, quedó pasmado.",1,0
Aún hay sol en las bardas,0,1
"Cuando don Quijote se vio de aquella manera enjaulado y encima del carro, dijo:",1,0
Estas y otras gracias mías son despojos de tu aljaba; desta casa soy doncella y Altisidora me llaman.,1,0
"Pero lo que más me le quitó de las manos y aun del pensamiento de acabarle fue un argumento que hice conmigo mesmo, sacado de las comedias que ahora se representan, diciendo: «Si estas que ahora se usan, así las imaginadas como las de historia, todas o las más son conocidos disparates y cosas que no llevan pies ni cabeza, y, con todo eso, el vulgo las oye con gusto, y las tiene y las aprueba por buenas, estando tan lejos de serlo, y los autores que las componen y los actores que las representan dicen que así han de ser, porque así las quiere el vulgo, y no de otra manera, y que las que llevan traza y siguen",0,1
"Las nuevas que te podré dar, ¡oh amigo Anselmo!",0,1
¿Qué son albogues,0,1
"Alzada y puesta en pie esta muerte viva, con voz algo dormida y con lengua no muy despierta, comenzó a decir desta manera:",1,0
"Pues con todas estas partes, que suelen ser el todo con que los hombres suelen y pueden vivir contentos, vivo yo el más despechado y el más desabrido hombre de todo el universo mundo, porque no sé qué días a esta parte me fatiga y aprieta un deseo tan estraño y tan fuera del uso común de otros, que yo me maravillo de mí mismo, y me culpo y me riño a solas, y procuro callarlo y encubrillo de mis proprios pensamientos, y así me ha sido posible salir con este secreto como si de industria procurara decillo a todo el mundo.",0,0
"Y yo, que voy a tu lado, ¿no puedo ponerme al del valeroso Pierres, que oprimió este mismo lugar que yo ahora oprimo?",0,0
Luego ¿también,0,1
¡Pecador de mí!,0,1
"Así como suele decirse que parece mal el ejército sin su general y el castillo sin su castellano, digo yo que parece muy peor la mujer casada y moza sin su marido, cuando justísimas ocasiones no lo impiden.",1,0
"respondió don Quijote-, que Él dará lo que más le convenga; pero no apoques tu ánimo tanto, que te vengas a contentar con menos que con ser adelantado.",0,0
Eso me parece,0,1
"Con esto entendimos o imaginamos que alguna mujer que en aquella casa vivía nos debía de haber hecho aquel beneficio, y en señal de que lo agradecíamos hecimos zalemas a uso de moros, inclinando la cabeza, doblando el cuerpo y poniendo los brazos sobre el pecho.",1,0
Eso será como yo quisiere o como el cielo lo ordenare,0,1
"No seas siempre riguroso, ni siempre blando, y escoge el medio entre estos dos estremos, que en esto está el punto de la discreción.",1,0
"dijo Sancho-, pero cuando a mí me manteaban como a miembro, se estaba mi cabeza detrás de las bardas, mirándome volar por los aires, sin sentir dolor alguno; y pues los miembros están obligados a dolerse del mal de la cabeza, había de estar obligada ella a dolerse dellos.",0,0
"mejor no haber sido tan fácil en creer promesas de enamorados, las cuales por la mayor parte son ligeras de prometer y muy pesadas de cumplir; y, así, con licencia del duque mi señor, yo me partiré luego en busca dese desalmado mancebo, y le hallaré y le desafiaré y le mataré cada y cuando que se escusare de cumplir la prometida palabra.",1,0
"Pues en tiempo deste buen rey fue instituida aquella famosa orden de caballería de los caballeros de la Tabla Redonda, y pasaron, sin faltar un punto, los amores que allí se cuentan de don Lanzarote del Lago con la reina Ginebra, siendo medianera dellos y sabidora aquella tan honrada dueña Quintañona, de donde nació aquel tan sabido romance, y tan decantado en nuestra España, de Nunca fuera caballero de damas tan bien servido como fuera Lanzarote cuando de Bretaña vino, con aquel progreso tan dulce y tan suave de sus amorosos y fuertes fechos.",1,0
Yo valgo por ciento,0,1
No querría sino que este mozo se volviese y me dejase: quizá con no velle y con la gran distancia del camino que llevamos se me aliviaría la pena que ahora llevo; aunque sé decir que este remedio que me imagino me ha de aprovechar bien poco.,0,0
"En esto comenzó a llover un poco, y quisiera Sancho que se entraran en el molino de los batanes, mas habíales cobrado tal aborrecimiento don Quijote por la pesada burla, que en ninguna manera quiso entrar dentro; y, así, torciendo el camino a la derecha mano, dieron en otro como el que habían llevado el día de antes.",1,0
"Pues mire, señor",0,1
"Toda esta larga arenga (que se pudiera muy bien escusar) dijo nuestro caballero, porque las bellotas que le dieron le trujeron a la memoria la edad dorada, y antojósele hacer aquel inútil razonamiento a los cabreros, que, sin respondelle palabra, embobados y suspensos, le estuvieron escuchando.",1,0
"Apeóse asimismo el duque, y don Quijote, y pusiéronse a sus lados; Sancho se puso detrás de todos, sin apearse del rucio, a quien no osara desamparar, porque no le sucediese algún desmán.",1,0
"Llegó Sancho a su amo marchito y desmayado, tanto, que no podía arrear a su jumento.",1,0
"Por sus pasos contados y por contar , dos días después que salieron de la alameda llegaron don Quijote y Sancho al río Ebro, y el verle fue de gran gusto a don Quijote, porque contempló y miró en él la amenidad de sus riberas, la claridad de sus aguas, el sosiego de su curso y la abundancia de sus líquidos cristales, cuya alegre vista renovó en su memoria mil amorosos pensamientos.",1,0
"Aquí dio fin el canto de la malferida Altisidora y comenzó el asombro del requirido don Quijote, el cual, dando un gran suspiro, dijo entre sí: «¡Que tengo de ser tan desdichado andante que no ha de haber doncella que me mire que de mí no se enamore!",0,0
"dijo uno-, aunque no será menester usar de esa diligencia, que yo me quedaré por todos; y no lo atribuyas a virtud y a poca curiosidad mía, sino a que no me deja andar el garrancho que el otro día me pasó este pie.",0,0
"Este sí que es caballero, y de las escuadras de Cristo: este se llama don San Diego Matamoros, uno de los más valientes santos y caballeros que tuvo el mundo y tiene agora el cielo.",0,0
"dijo Sancho-, que todo será usarlo dos o tres años, que después le vendrá el señorío y la gravedad como de molde; y cuando no, ¿qué importa?",0,0
"Querría yo saber, señora Dolorida",0,1
"magín; pero esotros badulaques y enredos y revoltillos, no se me acuerda ni acordará más dellos que de las nubes de antaño, y, así, será menester que se me den por escrito, que, puesto que no sé leer ni escribir, yo se los daré a mi confesor para que me los encaje y recapacite cuando fuere menester.",1,0
"doña Clara, desmayada.",0,0
Cuatro hombres,0,1
Abrid ese pliego y mirad lo que dice.,0,0
"Dijo luego al huésped que le tuviese mucho cuidado de su caballo, porque era la mejor pieza que comía pan en el mundo.",0,0
"Tienes razón, Sancho",0,1
"Tienes razón, amigo",0,1
"ochenta años, que en todos ellos no durmió un día debajo de tejado, y se fue tan entera a la sepultura como la madre que la había parido.",1,0
"De suerte que, cuando el labrador le volvió a preguntar que cómo estaba y qué sentía, le respondió las mesmas",1,0
"Finalmente Sancho se quedó dormido al pie de un alcornoque, y don Quijote, dormitando al de una robusta encina; pero poco espacio de tiempo había pasado, cuando le despertó un ruido que sintió a sus espaldas, y, levantándose con sobresalto, se puso a mirar y a escuchar de dónde el ruido procedía, y vio que eran dos hombres a caballo, y que el uno, dejándose derribar de la silla, dijo al otro:",1,0
"El pobre honrado (si es que puede ser honrado el pobre ) tiene prenda en tener mujer hermosa, que cuando se la quitan, le quitan la honra y se la matan.",0,1
"Lo mismo hicieron de sus jumentos el primo y Sancho, dando a Rocinante el mejor pesebre y el mejor lugar de la caballeriza.",0,0
"A cuyas palabras y furibundos ademanes quedó Sancho tan encogido y medroso, que se holgara que en aquel instante se abriera debajo de sus pies la tierra y le tragara, y no supo qué hacerse, sino volver las espaldas y quitarse de la enojada presencia de su señor.",0,0
"Dejad, dejad a la miserable que triunfe, se goce y ufane con la suerte que Amor quiso darle en rendirle mi corazón y entregarle mi alma.",1,0
Sí sería,0,1
"Todo lo miraba Sancho, admirado del ardimiento de su señor, y decía entre sí:",1,0
"Abajó la cabeza don Quijote y hizo reverencia a los duques y a todos los circunstantes, y volviendo las riendas a Rocinante, siguiéndole Sancho sobre el rucio, se salió del castillo, enderezando su camino a Zaragoza.",1,0
Todo eso fuera bien escusado,0,1
Ni por pienso,0,1
"Cubriéronse, y sintiendo don Quijote que estaba como había de estar, tentó la clavija, y apenas hubo puesto los dedos en ella cuando todas las dueñas y cuantos estaban presentes levantaron las voces, diciendo:",1,0
"Con todo eso, vamos allá, Sancho",0,1
"Mas apenas hubo salido de la venta, cuando le vino al cura un pensamiento: que hacía mal en haberse puesto de aquella manera, por ser cosa indecente que un sacerdote se pusiese así, aunque le fuese mucho en ello; y diciéndoselo al barbero, le rogó que trocasen trajes, pues era más justo que él fuese la doncella menesterosa, y que él haría el escudero, y que así se profanaba menos su dignidad; y que si no lo quería hacer, determinaba de no pasar adelante, aunque a don Quijote se le llevase el diablo.",1,0
"Parecióme la trova de perlas, y su voz, de almíbar, y después acá, digo, desde entonces, viendo el mal en que caí por estos y otros semejantes versos, he considerado que de las buenas y concertadas repúblicas se habían de desterrar los poetas, como aconsejaba Platón, a lo menos los lascivos, porque escriben unas coplas, no como las del marqués de Mantua, que entretienen y hacen llorar los niños y a las mujeres, sino unas agudezas que a modo de blandas espinas os atraviesan el alma y como rayos os hieren en ella, dejando sano el vestido.",1,0
"Había ya vuelto en este tiempo de su parasismo don Quijote, y con el mesmo tono de voz con que el día antes había llamado a su escudero, cuando estaba tendido en el val de las estacas, le comenzó a llamar, diciendo:",1,0
"Dio lugar la aurora al sol, que, un rostro mayor que el de una rodela, por el más bajo horizonte poco a poco se iba levantando.",1,0
Yo haré que no lo sea,0,1
"Era la noche algo escura, puesto que la luna estaba en el cielo, pero no en parte que pudiese ser vista, que tal vez la señora Diana se va a pasear a los antípodas y deja los montes negros y los valles escuros.",1,0
"A lo que respondió Sancho, todo encendido en cólera:",0,0
"¿Qué es lo que dices, Sancho amigo?",0,1
"En resolución, así como Camila es cifra de toda belleza, es archivo donde asiste la honestidad y vive el comedimiento y el recato y todas las virtudes que pueden hacer loable y bien afortunada a una honrada mujer.",0,0
¿Otro reprochador de voquibles tenemos?,0,1
Sí traía,0,1
"¡No en mis días, marido!",0,0
"Abrióle, y estuvo un buen espacio mirándole y construyéndole, murmurando entre los dientes.",1,0
"prosiguió Sancho-, y apenas me hube estremecido, cuando, faltando las estacas, di conmigo en el suelo una gran caída; miré por el jumento, y no le vi; acudiéronme lágrimas a los ojos, y hice una lamentación que, si no la puso el autor de nuestra historia, puede hacer cuenta que no puso cosa buena.",0,0
"respondió Sancho-: solo sé que vendré a ser tan desdichado, que, por no hallar esta cabeza, se me ha de deshacer mi condado como la sal en el agua.",0,0
Pues no tenga pena,0,1
"Venía cubierto el rostro con un trasparente velo negro, por quien se entreparecía una longísima barba, blanca como la nieve.",1,0
"El tropel, el gruñir, la presteza con que llegaron los animales inmundos, puso en confusión y por el suelo a la albarda, a las armas, al rucio, a Rocinante, a Sancho y a don Quijote.",1,0
"Eso haré yo de muy buena gana, señor mío",0,1
"Y en diciendo esto don Fernando, Cardenio y todos los demás se le ofrecieron con todo lo a ellos posible para servirle, con palabras y razones tan amorosas y tan verdaderas, que el capitán se tuvo por bien satisfecho de sus voluntades.",0,0
"Dice la historia que era grandísima la atención con que don Quijote escuchaba al astroso Caballero de la Sierra, el cual, prosiguiendo su plática, dijo:",1,0
"Para mi santiguada que tengo por cierto que si Reinaldos de Montalbán hubiera oído estas razones al hombrecito, tapaboca le hubiera dado, que no hablara más en tres años.",1,0
"Carrasco y la de tu compadre, por quitarme la gloria del vencimiento de las manos.",1,0
Y yo ni más ni menos,0,1
"Llegaron, pues, a ella; preguntaron al huésped si había posada; fueles respondido que sí, con toda la comodidad y regalo que pudiera hallar en Zaragoza.",1,0
¿Quién se queja?,0,0
"Pues ¿cómo vos, siéndolo deste tan buen señor",0,1
"Es verdad que, para probar si era fuerte y podía estar al riesgo de una cuchillada, sacó su espada y le dio dos golpes, y con el primero y en un punto deshizo lo que había hecho en una semana; y no dejó de parecerle mal la facilidad con que la había hecho pedazos, y, por asegurarse deste peligro, la tornó a hacer de nuevo, poniéndole unas barras de hierro por de dentro, de tal manera, que él quedó satisfecho de su fortaleza y, sin querer hacer nueva experiencia della, la diputó y tuvo por celada finísima de encaje.",1,0
Dio voces llamando a don Quijote que le favoreciese.,1,0
Si eso es así,0,1
¿Pues cómo supo mi padre,0,1
"respondió Sancho-, allá puede correr y pasar con los rufianes y peleantes que dice, pero con los escuderos de los caballeros andantes, ni por pienso.",0,0
"descabalar la decencia del señor don Quijote, que, según se me ha traslucido, la que más campea entre sus muchas virtudes es la de la honestidad.",1,0
Todo va bien hasta agora,0,1
Desa manera,0,1
Has hablado y apuntado muy bien,0,1
Pues el mío,0,1
Ese nombre es de moro,0,1
"Pasó, pues, el hallarla en esta manera:",1,0
Dios nos la dé buena,0,1
"No consintió el cura que le tocasen,sino púsose en la cabeza un birretillo de lienzo colchado que llevaba para dormir de noche, y ciñóse por la frente una liga de tafetán negro, y con otra liga hizo un antifaz con que se cubrió muy bien las barbas y el rostro; encasquetóse su sombrero, que era tan grande, que le podía servir de quitasol, y, cubriéndose su herreruelo, subió en su mula a mujeriegas, y el barbero en la suya, con su barba que le llegaba a la cintura, entre roja y blanca, como aquella que, como se ha dicho, era hecha de la cola de un buey barroso.",1,0
"Volvió de allí a pocos días Anselmo a su casa y no echó de ver lo que faltaba en ella, que era lo que en menos tenía y más estimaba.",1,0
"Con la alegría, contento y ufanidad que se ha dicho seguía don Quijote su jornada, imaginándose por la pasada vitoria ser el caballero andante más valiente que tenía en aquella edad el mundo; daba por acabadas y a felice fin conducidas cuantas aventuras pudiesen sucederle de allí adelante; tenía en poco a los encantos y a los encantadores; no se acordaba de los inumerables palos que en el discurso de sus caballerías le habían dado, ni de la pedrada que le derribó la mitad de los dientes, ni del desagradecimiento de los galeotes, ni del atrevimiento y lluvia de estacas de los yangüeses; finalmente, decía entre sí que si él hallara arte, modo o manera como desencantar a su señora",1,0
"Todo lo oía Camacho, y todo le tenía suspenso y confuso, sin saber qué hacer ni qué decir; pero las voces de los amigos de Basilio fueron tantas, pidiéndole que consintiese que Quiteria le diese la mano de esposa, porque su alma no se perdiese partiendo desesperado desta vida, que le movieron y aun forzaron a decir que si Quiteria quería dársela, que él se contentaba, pues todo era dilatar por un momento el cumplimiento de sus deseos.",0,0
"En tanto, don Quijote se encerró con Sancho en su aposento y, estando solos, le dijo:",1,0
"Sucedió, pues, que en más de seis días no le sucedió cosa digna de ponerse en escritura, al cabo de los cuales, yendo fuera de camino, le tomó la noche entre unas espesas encinas o alcornoques, que en esto no guarda la puntualidad Cide Hamete que en otras cosas suele.",1,0
¿Y a quién llaman don Sancho Panza?,0,1
"¡Tente, ladrón, malandrín, follón, que aquí te tengo y no te ha de valer tu cimitarra!",0,0
Pues ¿cómo?,0,1
"Saavedra, el cual, con haber hecho cosas que quedarán en la memoria de aquellas gentes por muchos años, y todas por alcanzar libertad, jamás le dio palo, ni se lo mandó dar, ni le dijo mala palabra; y por la menor cosa de muchas que hizo temíamos todos que había de ser empalado, y así lo temió él más de una vez; y si no fuera porque el tiempo no da lugar, yo dijera ahora algo de lo que este soldado hizo, que fuera parte para entreteneros y admiraros harto mejor que con el cuento de mi historia.",1,0
"Si no se dejan ver, déjanse sentir",0,1
"dijo a esta sazón Sancho Panza-, o por otro nombre el Caballero de la Triste Figura.",0,0
Tan alta es,0,1
"Grande gusto recebían el cura y el barbero de oír el coloquio de los tres, pero don Quijote, temeroso que Sancho se descosiese y desbuchase algún montón de maliciosas necedades y tocase en puntos que no le estarían bien a su crédito, le llamó, y hizo a las dos que callasen y le dejasen entrar.",0,0
"respondió el labrador-, y hacedme placer de veniros conmigo, que yo juro por todas las órdenes que de caballerías hay en el mundo de pagaros, como tengo dicho, un real sobre otro, y aun sahumados.",0,0
"Por cierto, Sancho",0,1
y ahorraréis la vuelta».,0,0
"Si gustáis, señores, que os diga en breves razones la inmensidad de mis desventuras, habéisme de prometer de que con ninguna pregunta ni otra cosa no interromperéis el hilo de mi triste historia; porque en el punto que lo hagáis, en ese se quedará lo que fuere contando.",0,0
"dijo don Quijote-, mucha diferencia hay de las obras que se hacen por amor a las que se hacen por agradecimiento.",0,0
"Que esta reliquia guardo para el duro trance que me amenaza mi porfía, que en tu mismo rigor se fortalece.",1,0
"Y a Dios, el cual te guarde de que ninguno te tenga lástima.",1,0
"Ya en este tiempo estaban el duque y la duquesa puestos en una galería que caía sobre la estacada, toda la cual estaba coronada de infinita gente que esperaba ver el riguroso trance nunca visto.",1,0
"dijo don Quijote-, no consentiré yo que te toquen en el pelo de la ropa; que si la otra vez se burlaron contigo, fue porque no pude yo saltar las paredes del corral, pero ahora estamos en campo raso, donde podré yo como quisiere esgremir mi espada.",0,0
"Entraron a don Quijote en una sala, desarmóle Sancho, quedó en valones y en jubón de camuza, todo bisunto con la mugre de las armas: el cuello era valona a lo estudiantil, sin almidón y sin randas; los borceguíes eran datilados, y encerados los zapatos.",0,0
dijo el otro-.,0,1
"Oyó estas razones Cardenio bien clara y distintamente, como quien estaba tan junto de quien las decía, que sola la puerta del aposento de don Quijote estaba en medio; y así como las oyó, dando una gran voz dijo:",0,0
"Los yangüeses que se vieron maltratar de aquellos dos hombres solos, siendo ellos tantos, acudieron a sus estacas y, cogiendo a los dos en medio, comenzaron a menudear sobre ellos con grande ahínco y vehemencia.",1,0
"¡Ay, desdichada de mí",0,1
"Y quiso la suerte que dos o tres gatos se entraron por la reja de su estancia, y dando de una parte a otra parecía que una región de diablos andaba en ella: apagaron las velas que en el aposento ardían y andaban buscando por do escaparse.",1,0
"Por Dios, Sancho",0,1
"lo que quedó tan fuera de sí, que si Dorotea no llegara a tenerla, diera consigo en el suelo.",0,0
"Desnudóse luego de medio cuerpo arriba y, arrebatando el cordel, comenzó a darse, y comenzó don Quijote a contar los azotes.",0,0
"dijo el barbero-, mas no le entiendo.",0,0
"Llegó, pues, con el espacio y prosopopeya referida a hincarse de rodillas ante el duque, que en pie, con los demás que allí estaban, le atendía, pero el duque en ninguna manera le consintió hablar hasta que se levantase.",1,0
"Admirado quedó don Quijote de oír al Caballero del Bosque, y estuvo mil veces por decirle que mentía, y ya tuvo el mentís en el pico de la lengua, pero reportóse lo mejor que pudo, por hacerle confesar por su propia boca su mentira, y así, sosegadamente, le dijo:",0,0
"Llegó, en fin, Quiteria y, puesta de rodillas, le pidió la mano por señas, y no por palabras.",0,0
"El caminar tan a la ligera lo causa el calor y la pobreza, y el adónde voy es a la guerra.",0,0
"dijo el cura-, y por esta causa son más dignos de reprehensión los que hasta aquí han compuesto semejantes libros, sin tener advertencia a ningún buen discurso ni al arte y reglas por donde pudieran guiarse y hacerse famosos en prosa, como lo son en verso los dos príncipes de la poesía griega y latina.",0,0
Importa poco eso,0,1
"Y porque no se nos vaya el tiempo en ellas, venga el gran Caballero de la Triste Figura...",0,0
"En esto estaban, cuando sintieron un sordo estruendo y un áspero ruido, que por todos aquellos valles se estendía.",1,0
"El ventero, que vio a don Quijote atravesado en el asno, preguntó a Sancho qué mal traía.",1,0
subió sobre su famoso caballo Rocinante y comenzó a caminar por el antiguo y conocido campo de Montiel».,0,0
Ahí está el punto,0,1
"En efeto, todos cuantos perros topaba, aunque fuesen alanos o gozques, decía que eran podencos, y, así, no soltó más el canto.",1,0
Luego ¿también estás tú aporreado?,0,1
"hiciese tanto bien, que se lo dejase cobrar y gozar.",1,0
que sin duda eran blancas- una redonda pella de jabón napolitano.,0,0
Todo eso no me descontenta; prosigue adelante,0,1
"Puédeslo creer ansí, sin duda",0,1
"Y las buenas hijas (que lo eran sin duda ama y sobrina) le llevaron a la cama, donde le dieron de comer y regalaron lo posible.",1,0
"Socorra vuestra merced, señor caballero, por la virtud que Dios le dio, a mi pobre padre, que dos malos hombres le están moliendo como a cibera.",0,0
Este es El caballero Platir,0,1
"dijo Anselmo-, di lo que quisieres.",0,0
"Porque vea vuesa merced, señor don Lorenzo, si es ciencia mocosa lo que aprende el caballero que la estudia y la profesa, y si se puede igualar a las más estiradas que en los ginasios y escuelas se enseñan.",1,0
"No quiso vestirse por entonces, hasta que estuviesen junto de donde don Quijote estaba, y, así, dobló sus vestidos, y el cura acomodó su barba, y siguieron su camino, guiándolos Sancho Panza; el cual les fue contando lo que les aconteció con el loco que hallaron en la sierra, encubriendo, empero, el hallazgo de la maleta y de cuanto en ella venía, que, maguer que tonto, era un poco codicioso el mancebo.",1,0
"madre, porque a ser lo que ella dice no se anduviera hocicando con alguno de los que están en la rueda , a vuelta de cabeza y a cada traspuesta.",1,0
"respondió don Quijote-, que yo os ayudaré a todo.",0,0
"Calla, boba",0,1
"A lo menos, yo no los veo.",0,0
"Finalmente, el rumor se apaciguó por entonces, la albarda se",0,0
"No dijo más don Quijote y esperó a que la princesa le respondiese; la cual, como ya sabía la determinación de don Fernando de que se prosiguiese adelante en el engaño hasta llevar a su tierra a don Quijote, con mucho donaire y gravedad le respondió:",1,0
Lo mejor es que no corran,0,1
"concierto que el vencido quedase a merced del vencedor, y así vencido don Quijote, le había de mandar el bachiller caballero se volviese a su pueblo y casa y no saliese della en dos años o hasta tanto que por él le fuese mandado otra cosa, lo cual era claro que don Quijote vencido cumpliría indubitablemente, por no contravenir y faltar a las leyes de la caballería, y podría ser que en el tiempo de su reclusión se le olvidasen sus vanidades o se diese lugar de buscar a su locura algún conveniente remedio.",1,0
dijo don Quijote- ¿promete el autor segunda parte?,0,0
"Así que, aunque es mayor el trabajo del soldado, es mucho menor el premio.",0,0
"Finalmente, saltando, corriendo y brincando, llegó al pueblo la muchacha, y antes de entrar en su casa dijo a voces desde la puerta:",0,0
"Lloró, rogó, ofreció, aduló, porfió y fingió Lotario con tantos sentimientos, con muestras de tantas veras, que dio al través con el recato de Camila y vino a triunfar de lo que menos se pensaba y más deseaba.",1,0
"Salióle su temor tan verdadero y su sospecha tan cierta, que apenas hubo entrado su señor en el lecho, cuando dijo:",1,0
"Yo no tengo testigos ni del prestado ni de la vuelta, porque no me los ha vuelto.",0,0
"¿Cómo me puedo engañar en lo que digo, traidor escrupuloso?",0,1
No entiendo otra lengua que la mía,0,1
"Sean, pues, parte tan claros desengaños para que volváis, ya que no podáis hacer otra cosa, el amor en rabia, la voluntad en despecho, y acabadme con él la vida, que como yo la rinda delante de mi buen esposo, la daré por bien empleada; quizá con mi muerte quedará satisfecho de la fe que le mantuve hasta el último trance de la vida.",0,0
"Venid y lavadme a mí, y mirad que no se os acabe el agua.",0,0
"¡Buena ha estado la caza, señor general!",0,1
"Y apartando a Sancho entre unos árboles del jardín y asiéndole ambas las manos, le dijo:",0,0
"El barbero, que tan sin pensarlo ni temerlo vio venir aquella fantasma sobre sí, no tuvo otro remedio para poder guardarse del golpe de la lanza sino fue el dejarse caer del asno abajo; y no hubo tocado al suelo, cuando se levantó más ligero que un gamo y comenzó a correr por aquel llano, que no le alcanzara el viento.",0,0
"decirme tales razones, que no sé cómo es posible que tenga tanta habilidad la mentira, que las sepa componer de modo que parezcan tan verdaderas.",1,0
"Digo esto porque querría y es mi voluntad que uno de vosotros siguiese las letras, el otro la mercancía, y el otro sirviese al rey en la guerra, pues es dificultoso entrar a servirle en su casa; que ya que la guerra no dé muchas riquezas, suele dar mucho valor y mucha fama.",0,1
"Y el que más ha mostrado desearle ha sido el grande emperador de la China, pues en lengua chinesca habrá un mes que me escribió una carta con un propio, pidiéndome o por mejor decir suplicándome se le enviase, porque quería fundar un colegio donde se leyese la lengua castellana y quería que el libro que se leyese fuese el de la historia de don Quijote.",1,0
"Pues el del fuerte, si mal no me acuerdo",0,1
"había de dejar hablar todo aquello que quisiese, con que no fuese contra el prójimo ni contra la autoridad de vuesa merced; y hasta agora me parece que no he contravenido contra el tal capítulo.",1,0
"A lo cual dijo Dorotea que ella haría la doncella menesterosa mejor que el barbero, y más, que tenía allí vestidos con que hacerlo al natural, y que la dejasen el cargo de saber representar todo aquello que fuese menester para llevar adelante su intento, porque ella había leído muchos libros de caballerías y sabía bien el estilo que tenían las doncellas cuitadas cuando pedían sus dones a los andantes caballeros.",1,0
Pues ¡monta que es mala la reina!,0,0
Así que ponerme yo agora en cosa de tanta confusión a dar mi parecer será caer en juicio temerario.,1,0
"Pero la suerte lo ordenó de otra manera, porque él me venció a mí y me derribó del caballo, y, así, no tuvo efecto mi pensamiento: él prosiguió su camino, y yo me volví vencido, corrido y molido de la caída, que fue además peligrosa; pero no por esto se me quitó el deseo de volver a buscarle y a vencerle, como hoy se ha visto.",0,0
"Abrazáronse con él y por fuerza le volvieron al lecho; y después que hubo sosegado un poco, volviéndose a hablar con el cura le dijo:",0,0
¿No han vuestras mercedes leído,0,1
"Mas porque no es bien que los caballeros hagan sus fechos de armas ascuras, como los salteadores y rufianes, esperemos el día, para que el sol vea nuestras obras.",0,0
"Así que si tú tienes ceñido mi cuerpo con tus brazos, yo tengo atada mi alma con mis buenos deseos, que son tan diferentes de los tuyos como lo verás, si con hacerme fuerza quisieres pasar adelante en ellos.",1,0
"El duque y la duquesa, que de nada desto eran sabidores, estaban esperando en qué había de parar tan extraordinario lavatorio.",0,0
«¿Vos bueno?,0,1
"General gusto causó el cuento del cabrero a todos los que escuchado le habían; especialmente le recibió el canónigo, que con estraña curiosidad notó la manera con que le había contado, tan lejos de parecer rústico cabrero cuan cerca de mostrarse discreto cortesano, y, así, dijo que había dicho muy bien el cura en decir que los montes criaban letrados.",1,0
"dijo el cabrero-, que en nuestra aldea hubo un labrador aun más rico que el padre de Grisóstomo, el cual se llamaba Guillermo, y al cual dio Dios, amén de las muchas y grandes riquezas, una hija de cuyo parto murió su madre, que fue la más honrada mujer que hubo en todos estos contornos.",0,0
"Ya en esto volvían los criados del canónigo que a la venta habían ido por la acémila del repuesto, y haciendo mesa de una alhombra y de la verde yerba del prado, a la sombra de unos árboles se sentaron, y comieron allí, porque el boyero no perdiese la comodidad de aquel sitio, como queda dicho.",0,0
A lo que respondió Sancho:,0,0
respondió: «Dé donde diere».,0,0
"que la verdadera nobleza consiste en la virtud, y si esta a ti te falta negándome lo que tan justamente me debes, yo quedaré con más ventajas de noble que las que tú tienes.",1,0
"Murmuraba esto algo Sancho , y entreoyóle su señor y preguntóle:",1,0
"Subieron en esto al teatro con mucho acompañamiento dos principales personajes, que luego fueron conocidos de don Quijote ser el duque y la duquesa, sus huéspedes, los cuales se sentaron en dos riquísimas sillas, junto a los dos que parecían reyes.",1,0
"Los del escuadrón le recogieron en medio, creyendo que era alguno de los de su parcialidad.",0,0
"Y luego prosigue la historia, diciendo que en acabando de comer don Quijote el día que dio los consejos a Sancho, aquella tarde se los dio escritos, para que él buscase quien se los leyese, pero apenas se los hubo dado, cuando se le cayeron y vinieron a manos del duque, que los comunicó con la duquesa, y los dos se admiraron de nuevo de la locura y del ingenio de don Quijote; y así, llevando adelante sus burlas, aquella tarde enviaron a Sancho con mucho acompañamiento al lugar que para él había de ser ínsula.",1,0
"Dios te guíe, Sancho, y te gobierne en tu gobierno, y a mí me saque del escrúpulo que me queda que has de dar con toda la ínsula patas arriba, cosa que pudiera yo escusar con descubrir al duque quién eres, diciéndole que toda esa gordura y esa personilla que tienes no es otra cosa que un costal lleno de refranes y de malicias.",1,0
"Oyendo lo cual el venerable Montesinos se puso de rodillas ante el lastimado caballero, y, con lágrimas en los ojos, le dijo: «Ya, señor Durandarte, carísimo primo mío, ya hice lo que me mandastes en el aciago día de nuestra pérdida: yo os saqué el corazón lo mejor que pude, sin que os dejase una mínima parte en el pecho; yo le limpié con un pañizuelo de puntas; yo partí con él de carrera para Francia, habiéndoos primero puesto en el seno de la tierra, con tantas lágrimas, que fueron bastantes a lavarme las manos y limpiarme con ellas la sangre que tenían de haberos andado en las entrañas.",0,0
"Acabada la muestra, proponía las habilidades de su mono, diciendo al pueblo que adivinaba todo lo pasado y lo presente, pero que en lo de por venir no se daba maña.",1,0
Ellos lo recibieron de muy buena gana y dijeron:,1,0
"«¿Algún tanto decís, compadre?",0,1
"¿Ves aquella polvareda que allí se levanta, Sancho?",0,0
"Sucedió, pues, que a Rocinante le vino en deseo de refocilarse con las señoras facas, y saliendo, así como las olió, de su natural paso y costumbre, sin pedir licencia a su dueño, tomó un trotico algo picadillo y se fue a comunicar su necesidad con ellas.",1,0
Mas que la diga Vuestra Excelencia,0,1
Sin él estaría,0,1
"¿Quién te mete a ti en esto, Sancho?",0,1
"Llegó, en fin, ya vuelto en su acuerdo, y al llegar se dejó caer del rucio a los pies de Rocinante, todo ansioso, todo molido y todo apaleado.",1,0
Si vuestra merced se enoja,0,1
"Cuenta el sabio Cide Hamete Benengeli que así como don Quijote se despidió de sus huéspedes y de todos los que se hallaron al entierro del pastor Grisóstomo, él y su escudero se entraron por el mesmo bosque donde vieron que se había entrado la pastora Marcela, y, habiendo andado más de dos horas por él, buscándola por todas partes, sin poder hallarla, vinieron a parar a un prado lleno de fresca yerba, junto del cual corría un arroyo apacible y fresco: tanto, que convidó y forzó a pasar allí las horas de la siesta, que rigurosamente comenzaba ya a entrar.",1,0
dijo Sancho- que esta sea aventura?,0,0
"Pues, si va a decir las verdades sin invidia, él es el más ágil mancebo que conocemos, gran tirador de barra, luchador estremado y gran jugador de pelota; corre como un gamo, salta más que una cabra, y birla a los bolos como por encantamento; canta como una calandria, y toca una guitarra, que la hace hablar, y, sobre todo, juega una espada como el más pintado.",1,0
"De mí sé decir que después que soy caballero andante soy valiente, comedido, liberal, bien criado, generoso, cortés, atrevido, blando, paciente, sufridor de trabajos, de prisiones, de encantos; y aunque ha tan poco que me vi encerrado en una jaula como loco, pienso, por el valor de mi brazo, favoreciéndome el cielo y no me siendo contraria la fortuna, en pocos días verme rey de algún reino, adonde pueda mostrar el agradecimiento y liberalidad que mi pecho encierra.",1,0
"Acertó don Quijote a tomar la misma derrota y camino que el que él había tomado en su primer viaje, que fue por el campo de Montiel, por el cual caminaba con menos pesadumbre que la vez pasada, porque por ser la hora de la mañana y herirles a soslayo los rayos del sol no les fatigaban.",1,0
"¿Quién piensas tú que arrojó a Horacio del puente abajo, armado de todas armas, en la profundidad del Tibre?",0,0
Ningún dolor,0,1
"Árboles, yerbas y plantas que en aqueste sitio estáis, tan altos, verdes y tantas, si de mi mal no os holgáis, escuchad mis quejas santas.",1,0
Ya llegan cerca,0,1
Preguntóles la ventera que para qué le pedían aquellas cosas.,1,0
"amigo, que el caballero andante que más le imitare estará más cerca de alcanzar la perfeción de la caballería.",1,0
"que ya sabía su nombre-, que está hablando con quien, aunque tiene oídos para oír, no tiene lengua para hablar; así que con seguridad puede vuestra merced trasladar lo que tiene en su pecho en el mío y hacer cuenta que lo ha arrojado en los abismos del silencio.",0,0
"Y si se diese cargo a otro, o a este mismo, que examinase los libros de caballerías que de nuevo se compusiesen, sin duda podrían salir algunos con la perfección que vuestra merced ha dicho, enriqueciendo nuestra lengua del agradable y precioso tesoro de la elocuencia, dando ocasión que los libros viejos se escureciesen a la luz de los nuevos que saliesen, para honesto pasatiempo, no solamente de los ociosos, sino de los más ocupados, pues no es posible que esté continuo el arco armado, ni la condición y flaqueza humana se pueda sustentar sin alguna lícita recreación.",1,0
"El canto se acabó con un profundo suspiro, y los dos con atención volvieron a esperar si más se cantaba; pero, viendo que la música se había vuelto en sollozos y en lastimeros ayes, acordaron de saber quién era el triste tan estremado en la voz como doloroso en los gemidos, y no anduvieron mucho cuando, al volver de una punta de una peña, vieron a un hombre del mismo talle y figura que Sancho Panza les había pintado cuando les contó el cuento de Cardenio; el cual hombre, cuando los vio, sin sobresaltarse estuvo quedo, con la cabeza inclinada sobre el pecho, a guisa de hombre pensativo, sin alzar los ojos a mirarlos más de la vez primera, cuando",1,0
"Conmigo no han de ser de ningún efecto tus fuerzas, ni han de tener valor tus riquezas, ni tus palabras han de poder engañarme, ni tus suspiros y lágrimas enternecerme.",1,0
"Mas lo que más le fatigaba era el no verse armado caballero, por parecerle que no se podría poner legítimamente en aventura alguna sin recebir la orden de caballería.",0,0
"respondió el cura- la princesa Micomicona, porque, llamándose su reino Micomicón, claro está que ella se ha de llamar así.",0,0
"Si no, dígalo lo que cuesta, que en verdad que no hay ninguna que no esté en más de cincuenta ducados; y porque vea vuestra merced esta verdad, espere vuestra merced y verla ha por vista de ojos.",0,0
"para que otros las cuenten y las escriban: el remedio de las cuitas, el socorro de las necesidades, el amparo de las doncellas, el consuelo de las viudas, en ninguna suerte de personas se halla mejor que en los caballeros andantes, y de serlo yo doy infinitas gracias al cielo, y doy por muy bien empleado cualquier desmán y trabajo que en este tan honroso ejercicio pueda sucederme.",0,0
"dijo el del Bosque-, de una tal Casildea de Vandalia, la más cruda y la más asada señora que en todo el orbe puede hallarse; pero no cojea del pie de la crudeza, que otros mayores embustes le gruñen en las entrañas, y ello dirá antes de muchas horas.",0,0
"La ley del encaje aún no se había sentado en el entendimiento del juez, porque entonces no había qué juzgar ni quién fuese juzgado.",1,0
Ahí lo podrán ver ellos,0,1
"Contentísimo quedó Anselmo de las razones de Lotario y así se las creyó como si fueran dichas por algún oráculo, pero, con todo eso, le rogó que no dejase la empresa, aunque no fuese más de por curiosidad y entretenimiento, aunque no se aprovechase de allí adelante de tan ahincadas diligencias como hasta entonces, y que solo quería que le escribiese algunos versos en su alabanza, debajo del nombre de Clori, porque él le daría a entender a Camila que andaba enamorado de una dama a quien le había puesto aquel nombre, por poder celebrarla con el decoro que a su honestidad se le debía; y que cuando Lotario no quisiera tomar trabajo de escribir los versos, que él los",0,0
"Digo pues, señor mío de mi alma",0,1
"No se le cocía el pan a don Quijote , como suele decirse, hasta oír y saber las maravillas prometidas del hombre condutor de las armas.",1,0
"Todo esto digo, alta y preciosa señora, porque me parece que la estada nuestra en este castillo ya es sin provecho, y podría sernos de tanto daño, que lo echásemos de ver algún día, porque ¿quién sabe si por ocultas espías y diligentes habrá sabido ya vuestro enemigo el gigante de que yo voy a destruille, y, dándole lugar el tiempo, se fortificase en algún inexpugnable castillo o fortaleza contra quien valiesen poco mis diligencias y la fuerza de mi incansable brazo?",0,0
No podré hacer eso,0,1
"Quisieras tú que lo diera del asno, del mentecato y del atrevido, pero no me pasa por el pensamiento: castíguele su pecado, con su pan se lo coma y allá se lo haya.",1,0
Verdaderamente se muere y verdaderamente está cuerdo Alonso Quijano el Bueno; bien podemos entrar para que haga su testamento.,0,0
Eso creo yo muy bien,0,1
"Cuando así le vio don Quijote, le dijo:",1,0
"CANCIÓN DE GRISÓSTOMO Ya que quieres, crüel, que se publique de lengua en lengua y de una en otra gente del áspero rigor tuyo la fuerza, haré que el mesmo infierno comunique al triste pecho mío un son doliente, con que el uso común de mi voz tuerza.",1,0
"Santiguarnos y levar ferro, quiero decir, embarcarnos y cortar la amarra con que este barco está atado.",0,0
"Despertaron algo tarde, volvieron a subir y a seguir su camino, dándose priesa para llegar a una venta que al parecer una legua de allí se descubría.",1,0
"Así que, mis señores, vuesas mercedes están obligados por leyes divinas y humanas a sosegarse.",1,0
"dijo a esta sazón don Quijote- que la vuestra grandeza ha dado en el punto, y que alguna mala visión se le puso delante a este pecador de Sancho, que le hizo ver lo que fuera imposible verse de otro modo que por el de encantos no fuera: que sé yo bien de la bondad e inocencia deste desdichado que no sabe levantar testimonios a nadie.",0,0
"¿Cómo puedes tú, Sancho",0,1
"Aquí no hay que hacer otra cosa, señor don Luis, sino prestar paciencia y dar la vuelta a casa, si ya vuestra merced no gusta que su padre y mi señor la dé al otro mundo, porque no se puede esperar otra cosa de la pena con que queda por vuestra ausencia.",0,0
Voy a parar,0,1
"Cuando llegaron a don Quijote, ya él estaba levantado de la cama y proseguía en sus voces y en sus desatinos, dando cuchilladas y reveses a todas partes, estando tan despierto como si nunca hubiera dormido.",0,0
"No digáis más, señora doña Clara",0,1
"señores la denominación de sus nombres de la cosa o cosas en que más sus estados abundan; empero esta condesa, por favorecer la novedad de su falda, dejó el Lobuna y tomó el Trifaldi.",0,0
A vuestra señoría,0,1
"Y otras cosas añadí a estas, con que a mi parecer le dejé algo confuso, pero no satisfecho ni convencido para sacarle de su errado pensamiento.",0,0
"ingrato, ni llevo las cosas tan por los cabos, que no querré que se aprecie lo que montare la renta de la tal ínsula y se descuente de mi salario gata por cantidad.",1,0
"Bien es verdad que tal vez, Olalla, me has dado indicio que tienes de bronce el alma y el blanco pecho de risco.",0,1
Yo me tengo en cuidado el apartarme,0,1
"Rióse don Quijote de las afectadas razones de Sancho, y parecióle ser verdad lo que decía de su emienda, porque de cuando en cuando hablaba de manera que le admiraba, puesto que todas o las más veces que Sancho quería hablar de oposición y a lo cortesano acababa su razón con despeñarse del monte de su simplicidad al profundo de su ignorancia; y en lo que él se mostraba más elegante y memorioso era en traer refranes, viniesen o no viniesen a pelo de lo que trataba, como se habrá visto y se habrá notado en el discurso desta historia.",1,0
"No sé qué diablos ha sido esto, ni por dónde se ha entrado este amor que le tengo, siendo yo tan muchacha y él tan muchacho, que en verdad que creo que somos de una edad mesma, y que yo no tengo cumplidos diez y seis años, que para el día de San Miguel que vendrá dice mi padre que los cumplo.No pudo dejar de reírse Dorotea oyendo cuán como niña hablaba doña Clara, a quien dijo:",0,0
"Mira, amiga",0,1
vi aquella noche que siguió a tan famoso día con cadenas a los pies y esposas a las manos.,1,0
"Porque tenía a todas horas y momentos llena la fantasía de aquellas batallas, encantamentos, sucesos, desatinos, amores, desafíos, que en los libros de caballerías se cuentan, y todo cuanto hablaba, pensaba o hacía era encaminado a cosas semejantes.",0,0
"Léamela vuesa merced, señor gentilhombre",0,1
"Luego sacaron Sancho de su costal y el cabrero de su zurrón con que satisfizo el Roto su hambre, comiendo lo que le dieron como persona atontada, tan apriesa, que no daba espacio de un bocado al otro, pues antes los engullía que tragaba; y en tanto que comía ni él ni los que le miraban hablaban palabra.",0,0
"Sea vuestra merced servido, señor don Quijote mío, de darme el gobierno de la ínsula que en esta rigurosa pendencia se ha ganado, que, por grande que sea, yo me siento con fuerzas de saberla gobernar tal y tan bien como otro que haya gobernado ínsulas en el mundo.",0,0
Es un servidor de mi señora doña Teresa Panza,0,1
"A estas cinco causas, como capitales, se pueden agregar algunas otras que sean justas y razonables y que obliguen a tomar las armas, pero tomarlas por niñerías y por cosas que antes son de risa y pasatiempo que de afrenta, parece que quien las toma carece de todo razonable discurso; cuanto más que el tomar venganza injusta, que justa no puede haber alguna que lo sea, va derechamente contra la santa ley que profesamos, en la cual se nos manda que hagamos bien a nuestros enemigos y que amemos a los que nos aborrecen, mandamiento que aunque parece algo dificultoso de cumplir, no lo es sino para aquellos que tienen menos de Dios que del mundo y más de carne",1,0
"Verdad es que no tengo rocín, pero tengo un asno que vale dos veces más que el caballo de mi amo.",0,0
respondió la duquesa- más que cuantas pudieran decirme.,0,0
De ese modo,0,1
"El ventero, por verle ya fuera de la venta, con no menos retóricas, aunque con más breves palabras, respondió a las suyas y, sin pedirle la costa de la posada, le dejó ir a la buen hora.",1,0
"dijo Carrasco- de acusar al autor de la historia que si otra vez la imprimiere no se le olvide esto que el buen Sancho ha dicho, que será realzarla un buen coto más de lo que ella se está.",0,0
"Desto se rió muy de veras su padre, y dijo:",0,0
"Por eso dime quién eres, que me tienes atónito: porque si eres mi escudero Sancho Panza y te has muerto, como no te hayan llevado los diablos, y por la misericordia de Dios estés en el purgatorio, sufragios tiene nuestra santa madre la Iglesia Católica Romana bastantes a sacarte de las penas en que estás, y yo, que lo solicitaré con ella por mi parte con cuanto mi hacienda alcanzare; por eso acaba de declararte y dime quién eres.",0,0
"Quedé huérfana y atenida al miserable salario y a las angustiadas mercedes que a las tales criadas se suele dar en palacio; y en este tiempo, sin que diese yo ocasión a ello, se enamoró de mí un escudero de casa, hombre ya en días, barbudo y apersonado, y, sobre todo, hidalgo como el rey, porque era montañés.",0,0
"Finalmente, don Fernando supo que mis padres andaban por darme estado, por quitalle a él la esperanza de poseerme, o a lo menos porque yo tuviese más guardas para guardarme, y esta nueva o sospecha fue causa para que hiciese lo que ahora oiréis.",1,0
"Despertó al cabo del tiempo dicho y, dando una gran voz, dijo:",1,0
Bien sé firmar mi nombre,0,1
"Y podréislo bien juzgar, pues es este:",0,0
Sí debe de haber,0,1
"Pues, señor gobernador",0,1
"Guardábala su padre y guardábase ella , que no hay candados, guardas ni cerraduras que mejor guarden a una doncella que las del recato proprio. »La riqueza del padre y la belleza de la hija movieron a muchos, así del pueblo como forasteros, a que por mujer se la pidiesen; mas él, como a quien tocaba disponer de tan rica joya, andaba confuso, sin saber determinarse a quién la entregaría de los infinitos que le importunaban.",0,1
"sin tocarle con la lanza (que la levantó, al parecer, de propósito), que dio con Rocinante y con don Quijote por el suelo una peligrosa caída.",0,0
"¡Ahí está el toque, cuerpo de mi padre!",0,1
"Preguntó la duquesa al duque si sería bien ir a recebirla, pues era condesa y persona principal.",1,0
"Ella respondió con mucha humildad que se llamaba la Tolosa, y que era hija de un remendón natural de Toledo, que vivía a las tendillas de Sancho Bienaya, y que dondequiera que ella estuviese le serviría y le tendría por señor.",1,0
Por el Dios que me sustenta,0,1
"Y aunque en este tiempo procuramos con toda solicitud saber quién en aquella casa vivía y si había en ella alguna cristiana renegada, jamás hubo quien nos dijese otra cosa sino que allí vivía un moro principal y rico, llamado Agi Morato, alcaide que había sido de la Pata, que es oficio entre ellos de mucha calidad.",1,0
"Cada verso destos acompañaba con muchos suspiros y no pocas lágrimas, bien como aquel cuyo corazón tenía traspasado con el dolor del vencimiento y con la ausencia de Dulcinea.",1,0
"Apeóse don Quijote para catarle las feridas, pero como le hallase sano de los pies a la cabeza, con asaz cólera le dijo:",1,0
"Esa es la pena que yo tengo y la que tú debes tener, Sancho",0,1
"Y entre otras cosas que el loco le dijo fue que el retor le tenía ojeriza, por no perder los regalos que sus parientes le hacían porque dijese que aún estaba loco y con lúcidos intervalos; y que el mayor contrario que en su desgracia tenía era su mucha hacienda, pues por gozar della sus enemigos ponían dolo y dudaban de la merced que Nuestro Señor le había hecho en volverle de bestia en hombre.",0,1
"Y cuando él vio que el pobre caballero llegaba cerca, sin ponerse con él en razones, a todo correr de Rocinante le enristró con el lanzón bajo, llevando intención de pasarle de parte a parte; mas cuando a él llegaba, sin detener la furia de su carrera le dijo:",1,0
"Si queréis que volvamos los dos a buscarle, dejadme poner esta borrica en mi casa, que luego vuelvo.» «Mucho placer me haréis",0,1
"Alongado, pues, don Quijote buen trecho, volvió la cabeza y vio que Sancho venía, y atendióle, viendo que ninguno le seguía.",1,0
"replicó don Quijote-, como quiera que ello sea, esta gente, aunque los llevan, van de por fuerza, y no de su voluntad.",0,0
"Todo lo cual visto de improviso, en alguna manera alborotó a don Quijote y puso miedo en el corazón de Sancho; mas luego se alegró don Quijote, creyendo que se le ofrecía alguna nueva y peligrosa aventura, y con este pensamiento, y con ánimo dispuesto de acometer cualquier peligro, se puso delante de la carreta y con voz alta y amenazadora dijo:",0,0
"En fin, como tú has dicho otras veces, no es la miel, etcétera.",0,0
Pusiéronle de pies en el suelo y uno de los salvajes dijo:,1,0
Antiguo libro es ese,0,1
"Así es, como Sancho dice",0,1
"respondió el cura-; y aquí le perdonáramos al señor capitán que no le hubiera traído a España y hecho castellano, que le quitó mucho de su natural valor, y lo mesmo harán todos aquellos que los libros de verso quisieren volver en otra lengua, que, por mucho cuidado que pongan y habilidad que muestren, jamás llegarán al punto que ellos tienen en su primer nacimiento.",0,0
"respondió Sancho-, y soy quien la merece tan bien como otro cualquiera; soy quien «júntate a los buenos, y serás uno de ellos», y soy yo de aquellos «no con quien naces, sino con quien paces», y de los «quien a buen árbol se arrima, buena sombra le cobija ».",0,0
¿Cómo no?,0,1
"Poco trecho se había alongado don Quijote del lugar de don Diego, cuando encontró con dos como clérigos o como estudiantes y con dos labradores que sobre cuatro bestias asnales venían caballeros.",1,0
A mi parecer,0,1
"Este tal Caballero de los Leones, que no ha mucho que se llamaba el de la Triste Figura, envía por mí a decir a vuestra grandeza sea servida de darle licencia para que, con su propósito y beneplácito y consentimiento, él venga a poner en obra su deseo, que no es otro, según él dice y yo pienso, que de servir a vuestra encumbrada altanería y fermosura; que en dársela vuestra señoría hará cosa que redunde en su pro y él recibirá señaladísima merced y contento.",0,0
No pienso,0,1
"También decía Lotario que tenían necesidad los casados de tener cada uno algún amigo que le advirtiese de los descuidos que en su proceder hiciese, porque suele acontecer que con el mucho amor que el marido a la mujer tiene o no le advierte o no le dice, por no enojalla, que haga o deje de hacer algunas cosas que el hacellas o no le sería de honra o de vituperio, de lo cual siendo del amigo advertido, fácilmente pondría remedio en todo.",1,0
"Desa manera, sea en buena hora",0,1
"Mal cristiano eres, Sancho",0,1
"dijo el dueño- que de vos a un asno, compadre, no hay alguna diferencia, en cuanto toca al rebuznar, porque en mi vida he visto ni oído cosa más propia.» «Esas alabanzas y",0,0
"Viendo y oyendo, pues, tanta morisma y tanto estruendo don Quijote, parecióle ser bien dar ayuda a los que huían, y levantándose en pie, en voz alta dijo:",0,0
"Allí iba y venía, y se alegraba entre sí mismo, creyendo que había de ver presto su cumplimiento; y Sancho, aunque aborrecía el ser gobernador, como queda dicho, todavía deseaba volver a mandar y a ser obedecido, que esta mala ventura trae consigo el mando, aunque sea de burlas.",1,0
"SONETO Yo sé que muero, y si no soy creído,",1,0
"Y estando todos así suspensos, vieron entrar por el jardín adelante dos hombres vestidos de luto, tan luengo y tendido, que les arrastraba por el suelo.",1,0
"Ahora que pensábamos nosotras que vuestra merced volvía a reducirse en su casa y pasar en ella una vida quieta y honrada, ¿se quiere meter en nuevos laberintos, haciéndose «pastorcillo, tú que vienes, pastorcico, tú que vas»?",0,0
De mí sé decir,0,1
"dijo don Quijote-, que pues esta señora dueña de tan lueñes tierras viene a buscarme, no debe ser de aquellas que el boticario tenía en su número, cuanto más que esta es condesa, y cuando las condesas sirven de dueñas, será sirviendo a reinas y a emperatrices, que en sus casas son señorísimas que se sirven de otras dueñas.",0,0
"respondió el hombre-, pero hágale vuestra merced que muestre las cinco caperuzas que me ha hecho.",0,0
¿Mujer y cristiana y en tal traje y en tales pasos?,0,0
"Hecimos la acostumbrada prueba, yendo cada uno primero que yo, de los mismos tres que estábamos, pero a ninguno se rindió la caña sino a mí, porque en llegando yo la dejaron caer.",1,0
"No esperaba yo menos de la gran magnificencia vuestra, señor mío",0,1
Acá es al revés,0,1
Si por buena fama y si por buen nombre va,0,1
"No más refranes, Sancho, por un solo Dios",0,1
"Discreto sois, mancebo, pero haced cuenta que yo soy el aire y que os soplo en popa y os encamino a la cárcel.",0,0
Pues ¿quién lo duda?,0,1
¿Qué oficio tienes?,0,0
"Los dos mochachos de la pendencia se llegaron a ver la liebre, y al uno dellos preguntó Sancho que por qué reñían; y fuele respondido por el que había dicho «no la verás más en toda tu vida» que él había tomado al otro mochacho una jaula de grillos, la cual no pensaba volvérsela en toda su vida.",0,0
"Todos los vicios, Sancho, traen un no sé qué de deleite consigo, pero el de la envidia no trae sino disgustos, rancores y rabias.",0,0
En esto entró un paje y dijo:,1,0
"Llegaron a su playa la víspera de San Juan, en la noche, y abrazando Roque a don Quijote y a Sancho, a quien dio los diez escudos prometidos, que hasta entonces no se los había dado, los dejó, con mil ofrecimientos que de la una a la otra parte se hicieron.",1,0
"Sancho amigo, la ínsula que yo os he prometido no es movible ni fugitiva: raíces tiene tan hondas, echadas en los abismos de la tierra, que no la arrancarán ni mudarán de donde está a tres tirones; y pues vos sabéis que sé yo que no hay ninguno género de oficio destos de mayor cantía que no se granjee con alguna suerte de cohecho, cuál más, cuál menos, el que yo quiero llevar por",0,0
"Era fresca la mañana y daba muestras de serlo asimesmo el día en que don Quijote salió de la venta, informándose primero cuál era el más derecho camino para ir a Barcelona sin tocar en Zaragoza: tal era el deseo que tenía de sacar mentiroso a aquel nuevo historiador que tanto decían que le vituperaba.",1,0
"Entróse Sancho por aquellas quebradas de la sierra, dejando a los dos en una por donde corría un pequeño y manso arroyo, a quien hacían sombra agradable y fresca otras peñas y algunos árboles que por allí estaban.",1,0
"Pero ante todas cosas es menester que esta buena dueña y esta mala doncella pongan el derecho de su justicia en manos del señor don Quijote, que de otra manera no se hará nada, ni llegará a debida ejecución el tal desafío.",0,0
"Por el cielo que nos cubre que peleé con don Quijote, y le vencí y rendí; y es un hombre alto de cuerpo, seco de rostro, estirado y avellanado de miembros, entrecano, la nariz aguileña y algo corva, de bigotes grandes, negros y caídos.",0,0
Pues no es menester más,0,1
Eso de erutar no entiendo,0,1
"Algunos días estuvo encubierta y solapada en la sagacidad de mi recato esta maraña, hasta que me pareció que la iba descubriendo a más andar no sé qué hinchazón del vientre de Antonomasia, cuyo temor nos hizo entrar en bureo a los tres, y salió dél que antes que se saliese a luz el mal recado don Clavijo pidiese ante el vicario por su mujer a Antonomasia, en fe de una cédula que de ser su esposa la infanta le había hecho, notada por mi ingenio con tanta fuerza, que las de Sansón no pudieran romperla.",1,0
"romano, que al son de una harpa que él mismo tocaba cantó con suavísima y clara voz estas dos estancias:",1,0
"Pidiéronle de lo caro; respondió que su señor no lo tenía, pero que si querían agua barata, que se la daría de muy buena gana.",0,0
Yo no creo nada deso,0,1
"Pero de lo que más la duquesa se admiraba era que la simplicidad de Sancho fuese tanta, que hubiese venido a creer ser verdad infalible que Dulcinea del Toboso estuviese encantada, habiendo sido él mesmo el encantador y el embustero de aquel negocio.",1,0
Gobernador he visto por ahí,0,1
Todo es artificio y traza,0,1
"Otro día llegaron al lugar donde Sancho había dejado puestas las señales de las ramas para acertar el lugar donde había dejado a su señor, y, en reconociéndole, les dijo como aquella era la entrada y que bien se podían vestir, si era que aquello hacía al caso para la libertad de su señor:",1,0
"Así como entró en la venta conoció a don Quijote y a Sancho, por cuyo conocimiento le fue fácil poner en admiración a don Quijote y a Sancho Panza y a todos los que en ella estaban; pero hubiérale de costar caro si don Quijote bajara un poco más la mano cuando cortó la cabeza al rey Marsilio y destruyó toda su caballería, como queda dicho en el antecedente capítulo.",1,0
"Yo, aunque moro, bien sé, por la comunicación que he tenido con cristianos, que la santidad consiste en la caridad, humildad, fee, obediencia y pobreza; pero, con todo eso, digo que ha de tener mucho de Dios el que se viniere a contentar con ser pobre, si no es de aquel modo de pobreza de quien dice uno de sus mayores santos: ""Tened todas las cosas como si no las tuviésedes""; y a esto llaman pobreza de espíritu.",0,0
Hijo de puta,0,1
"Responder quería el arráez, pero no pudo el general por entonces oír la respuesta, por acudir a recebir al virrey, que ya entraba en la galera, con el cual entraron algunos de sus criados y algunas personas del pueblo.",0,0
"Pues en verdad, señor",0,1
"Oyó Sancho las voces, y apretándose con su amo y ciñiéndole con los brazos, le dijo:",0,0
"No me parece bien, señor caballero, que habiendo recebido en este mi castillo el buen acogimiento que en él se os ha hecho, os hayáis atrevido a llevaros tres tocadores por lo menos, si por lo más las ligas de mi doncella: indicios son de mal pecho y muestras que no corresponden a vuestra fama.",0,0
"respondió el de la traza- mejor os atañen y tocan a vos que a mí, compadre, que por el Dios que me crió que podéis dar dos rebuznos de ventaja al mayor y más perito rebuznador del mundo: porque el sonido que tenéis es alto; lo sostenido de la voz, a su tiempo y compás; los dejos, muchos y apresurados; y, en resolución, yo me doy por vencido y os rindo la palma y doy la bandera desta rara habilidad.» «Ahora digo",0,1
"Pero no me digáis nada por ahora, que no quiero perder, por acudir a vuestro sobresalto, el gusto que recibo de oír al que canta, que me parece que con nuevos versos y nuevo tono torna a su canto.",0,0
"Díjole Anselmo que bien podía estar segura de aquella sospecha, porque él sabía que Lotario andaba enamorado de una doncella principal de la ciudad, a quien él celebraba debajo del nombre de Clori, y que, aunque no lo estuviera, no había que temer de la verdad de Lotario y de la mucha amistad de entrambos.",0,0
Para estar tan herido este mancebo,0,1
¡Por Dios,0,1
"Despertáronlos y mandáronles que tuviesen a punto los caballos, porque en saliendo el sol habían de hacer los dos una sangrienta, singular y desigual batalla, a cuyas nuevas quedó Sancho atónito y pasmado, temeroso de la salud de su amo, por las valentías que había oído decir del suyo al escudero del Bosque; pero, sin hablar palabra, se fueron los dos escuderos a buscar su ganado, que ya todos tres caballos y el rucio se habían olido y estaban todos juntos.",0,0
"Tú, letor, pues eres prudente, juzga lo que te pareciere, que yo no debo ni puedo más, puesto que se tiene por cierto que al tiempo de su fin y muerte dicen que se retrató della y dijo que él la había inventado, por parecerle que convenía y cuadraba bien con las aventuras que había leído en sus historias.» Y luego prosigue diciendo: Espantóse el primo, así del atrevimiento de Sancho Panza como de la paciencia de su amo, y juzgó que del contento que tenía de haber visto a su señora Dulcinea del Toboso, aunque encantada, le nacía aquella condición blanda que entonces mostraba; porque si así no fuera, palabras y razones le dijo Sancho que merecían molerle a",0,0
"porque cada uno dellos tenía uno o dos sabios como de molde, que no solamente escribían sus hechos, sino que pintaban sus más mínimos pensamientos y niñerías, por más escondidas que fuesen; y no había de ser tan desdichado tan buen caballero, que le faltase a él lo que sobró a Platir y a otros semejantes.",1,0
"Ya a esta sazón habían acudido a la porfía todos los más que en la venta estaban, especialmente Cardenio, don Fernando, sus camaradas, el oidor, el cura, el barbero y don Quijote, que ya le pareció que no había necesidad de guardar más el castillo.",0,0
"¿Y será bien que demos aldabazos para que nos oyan y nos abran, metiendo en alboroto y rumor toda la gente?",0,0
"Ahora es de noche, aquí no nos vee nadie: bien podemos torcer el camino y desviarnos del peligro, aunque no bebamos en tres días; y pues no hay quien nos vea, menos habrá quien nos note de cobardes, cuanto más que yo he oído predicar al cura de nuestro lugar, que vuestra merced bien conoce, que quien busca el peligro perece en él.",0,0
"tomar con rostro alegre lo que les dieren, sin ponerse en cuentas con los gananciosos, si ya no supiesen de cierto que son fulleros y que lo que ganan es mal ganado; y que para señal que él era hombre de bien, y no ladrón como decía, ninguna había mayor que el no haberle querido dar nada, que siempre los fulleros son tributarios de los mirones que los conocen.",1,0
¡Cuerpo de tal!,0,1
Hízole levantar don Quijote y dijo:,0,0
"Más tenía de comilón que de bien hablado, y más de tonto que de gracioso, y tengo por sin duda que los encantadores que persiguen a don Quijote el bueno han querido perseguirme a mí con don Quijote el malo.",0,0
"Viendo, pues, el de la Blanca Luna que aquel caballero no le dejaba, le dijo:",1,0
"Señor, ¿quién es este hombre que tal talle tiene y de tal manera habla?",0,0
"Presupongamos que esta liebre es Dulcinea del Toboso y estos galgos que la persiguen son los malandrines encantadores que la transformaron en labradora; ella huye, yo la cojo y la pongo en poder de vuesa merced, que la tiene en sus brazos y la regala: ¿qué mala señal es esta, ni qué mal agüero se puede tomar de aquí?",0,0
"Advierta vuestra merced, señor don Quijote, que si el caballero cumplió lo que se le dejó ordenado de irse a presentar ante mi señora Dulcinea del Toboso, ya habrá cumplido con lo que debía, y no merece otra pena si no comete nuevo delito.",0,0
"Estáme reprehendiendo que no diga yo refranes, y ensártalos vuesa merced de dos en dos.",0,0
"A lo cual respondió Ambrosio, como aquel que sabía bien los más escondidos pensamientos de su amigo:",1,0
"Ejemplo desto tenemos en don Diego Ordóñez de Lara, que retó a todo el pueblo zamorano porque ignoraba que solo Vellido Dolfos había cometido la traición de matar a su rey, y, así, retó a todos, y a todos tocaba la venganza y la respuesta; aunque bien es verdad que el señor don Diego anduvo algo demasiado y aun pasó muy adelante de los límites del reto, porque no tenía para qué retar a los muertos, a las aguas, ni a los panes, ni a los que estaban por nacer, ni a las otras menudencias que allí se declaran; pero vaya, pues cuando la cólera sale de madre, no tiene la lengua padre, ayo ni freno que la corrija.",1,0
Eso no es maravilla,0,1
En lo que toca,0,1
"Eso pido, y barras derechas",0,1
"guijarro, y dos sábanas hechas de cuero de adarga, y una frazada cuyos hilos, si se quisieran contar, no se perdiera uno solo de la cuenta.",1,0
"Grande era el gusto que recebían el duque y la duquesa de la conversación de don Quijote y de la de Sancho Panza; y confirmándose en la intención que tenían de hacerles algunas burlas que llevasen vislumbres y apariencias de aventuras, tomaron motivo de la que don Quijote ya les había contado de la cueva de Montesinos, para hacerle una que fuese famosa.",1,0
"Y fue que una noche, estando yo en mi aposento con sola la compañía de una doncella que me servía, teniendo bien cerradas las puertas, por temor que por descuido mi honestidad no se viese en peligro, sin saber ni imaginar cómo, en medio destos recatos y prevenciones y en la soledad deste silencio y encierro me le hallé delante, cuya vista me turbó de manera que me quitó la de mis ojos y me enmudeció la lengua; y, así, no fui poderosa de dar voces, ni aun él creo que me las dejara dar, porque luego se llegó a mí y, tomándome entre sus brazos (porque yo, como digo, no tuve fuerzas para defenderme, según estaba turbada), comenzó a",1,0
"Al punto que te me encubras, será de mi muerte el punto.",0,0
Eso tuviera yo por afrenta,0,1
"me daban, que ya muy al descubierto sabían la voluntad de don Fernando, porque ya a él no se le daba nada de que todo el mundo la supiese.",1,0
"Fuera de que Cide Mahamate Benengeli fue historiador muy curioso y muy puntual en todas las cosas, y échase bien de ver, pues las que quedan referidas, con ser tan mínimas y tan rateras, no las quiso pasar en silencio; de donde podrán tomar ejemplo los historiadores graves, que nos cuentan las acciones tan corta y sucintamente, que apenas nos llegan a los labios, dejándose en el tintero, ya por descuido, por malicia o ignorancia, lo más sustancial de la obra.",1,0
"dijo el del Bosque- con la esperanza que tenemos del premio; porque si demasiadamente no es desgraciado el caballero andante a quien un escudero sirve, por lo menos a pocos lances se verá premiado con un hermoso gobierno de cualque ínsula o con un condado de buen parecer.",0,0
"Verdad es, señora mía",0,1
"Entonces sí que andaban las simples y hermosas zagalejas de valle en valle y de otero en otero, en trenza y en cabello, sin más vestidos de aquellos que eran menester para cubrir honestamente lo que la honestidad quiere y ha querido siempre que se cubra, y no eran sus adornos de los que ahora se usan, a quien la púrpura de Tiro y la por tantos modos martirizada seda encarecen, sino de algunas hojas verdes de lampazos y yedra entretejidas, con lo que quizá iban tan pomposas y compuestas como van agora nuestras cortesanas con las raras y peregrinas invenciones que la curiosidad ociosa les ha mostrado.",1,0
"que Sancho Panza había echado sobre el rucio y sobre el lío de las armas, para que sirviese de repostero, la túnica de bocací pintada de llamas de fuego que le vistieron en el castillo del duque la noche que volvió en sí Altisidora; acomodóle también la coroza en la cabeza, que fue la más nueva transformación y adorno con que se vio jamás jumento en el mundo.",1,0
Aquellos que allí ves,0,1
"Otros hay que usan destos papeles y los procuran con buen intento, y se quedan en tierra de cristianos.",1,0
"Mirábase Sancho de arriba abajo, veíase ardiendo en llamas, pero como no le quemaban no las estimaba en dos ardites.",1,0
"Embarquéme en Alicante, llegué con próspero viaje a Génova, fui desde allí a Milán, donde me acomodé de armas y de algunas galas de soldado, de donde quise ir a asentar mi plaza al Piamonte; y estando ya de camino para Alejandria de la Palla, tuve nuevas que el gran Duque de Alba pasaba a Flandes.",1,0
"Como el amor y la gala andan un mesmo camino, en todo tiempo a tus ojos quise mostrarme polido.",1,0
"Asaz melancólicos y de mal talante llegaron a sus animales caballero y escudero, especialmente Sancho, a quien llegaba al alma llegar al caudal del dinero, pareciéndole que todo lo que dél se quitaba era quitárselo a él de las niñas de sus ojos.",1,0
"A la guerra me lleva mi necesidad; si tuviera dineros, no fuera, en verdad.",1,0
"respondió don Diego-; solo te sabré decir que le he visto hacer cosas del mayor loco del mundo y decir razones tan discretas, que borran y deshacen sus hechos: háblale tú y toma el pulso a lo que sabe, y, pues eres discreto, juzga de su discreción o tontería lo que más puesto en razón estuviere, aunque, para decir verdad, antes le tengo por loco que por cuerdo.",0,0
"Acabó la copla, disparó una flecha por lo alto del castillo y retiróse a su puesto.",1,0
"No, por cierto.",0,0
"Así es la verdad, señor",0,1
"Finalmente, hijo, mira todas sus acciones y movimientos, porque si tú me los relatares como ellos fueron, sacaré yo lo que ella tiene escondido en lo secreto de su corazón acerca de lo que al fecho de mis amores toca: que has de saber, Sancho, si no lo sabes, que entre los amantes las acciones y movimientos exteriores que muestran cuando de sus amores se trata son certísimos correos que traen las nuevas de lo que allá en lo interior del alma pasa.",0,0
como el linaje de la gente plebeya y ordinaria.,0,0
Y yo por tu esposa,0,1
dijo Sancho a esta ocasión.,0,0
"Y si ello es encantamento, como vuestra merced ha dicho, ¿no había en el mundo otros dos a quien se parecieran?",0,0
"Iba pensando en estas cosas, tan embebecido y trasportado en ellas, que de ninguna otra se acordaba.",0,0
"Acudió Sancho Panza a socorrerle, a todo el correr de su asno, y cuando llegó halló que no se podía menear: tal fue el golpe que dio con él Rocinante.",0,0
comunicando con el cielo nuestras querellas.,1,0
A la mano de Dios,0,1
"A lo cual le respondió la huéspeda que como la pagase mejor que la otra vez, que ella se le daría de príncipes.",1,0
"Estando, pues, los dos allí sosegados y a la sombra, llegó a sus oídos una voz, que, sin acompañarla son de algún otro instrumento, dulce y regaladamente sonaba, de que no poco se admiraron, por parecerles que aquel no era lugar donde pudiese haber quien tan bien cantase.",1,0
"respondió el paje- es mujer dignísima de un gobernador archidignísimo, y para prueba desta verdad reciba vuesa merced esta carta y este presente.",0,0
No huye el que se retira,0,1
"Sin duda, este mi amo es tan valiente y esforzado como él dice.",0,0
"Tú dices bien, Sancho",0,1
Esto que hasta aquí te he dicho son documentos que han de adornar tu alma; escucha ahora los que han de servir para adorno del cuerpo.,1,0
"Desaté el nudo y hallé cuarenta escudos de oro españoles y un papel escrito en arábigo, y al cabo de lo escrito hecha una grande cruz.",1,0
Llegóse en esto la hora de comer; comieron juntos don Quijote y don Álvaro.,0,0
"Confiada estoy, señor poderosísimo, hermosísima señora y discretísimos circunstantes, que ha de hallar mi cuitísima en vuestros valerosísimos pechos acogimiento, no menos plácido que generoso y doloroso, porque ella es tal, que es bastante a enternecer los mármoles y a ablandar los",0,0
"respondió don Quijote-, porque no hay poeta que no sea arrogante y piense de sí que es el mayor poeta del mundo.",0,0
No es objeción de importancia esa,0,1
"No digo yo tres mil azotes, pero así me daré yo tres como tres puñaladas.",0,0
"¿De qué te ríes, Sancho?",0,1
¿En mi diligencia?,0,1
"Yo tengo para mí que el sabio Merlín no estará contento con tanta blandura: menester será que el buen Sancho haga alguna diciplina de abrojos, o de las de canelones, que se dejen sentir, porque la letra con sangre entra, y no se ha de dar tan barata la libertad de una tan gran señora como lo es Dulcinea, por tan poco precio; y advierta Sancho que las obras de caridad que se hacen tibia y flojamente no tienen mérito ni valen nada.",0,0
"No, por cierto, Sancho amigo",0,1
"Díjome Montesinos como toda aquella gente de la procesión eran sirvientes de Durandarte y de Belerma, que allí con sus dos señores estaban encantados, y que la última, que traía el corazón entre el lienzo y en las manos, era la señora Belerma, la cual con sus doncellas cuatro días en la semana hacían aquella procesión y cantaban o, por mejor decir, lloraban endechas sobre el cuerpo y sobre el lastimado corazón de su primo; y que si me había parecido algo fea, o no tan hermosa como tenía la fama, era la causa las malas noches y peores días que en aquel encantamento pasaba, como lo podía ver en sus grandes ojeras y en su color quebradiza.",0,0
"También me vengara yo si pudiera, fuera o no fuera armado caballero, pero no pude; aunque tengo para mí que aquellos que se holgaron conmigo no eran fantasmas ni hombres encantados, como vuestra merced dice, sino hombres de carne y de hueso como nosotros; y todos, según los oí nombrar cuando me volteaban, tenían sus nombres: que el uno se llamaba Pedro Martínez, y el otro Tenorio Hernández, y el ventero oí que se llamaba Juan Palomeque el Zurdo.",0,0
"Escribe a tus señores y muéstrateles agradecido, que la ingratitud es hija de la soberbia y uno de los mayores pecados que se sabe, y la persona que es agradecida a los que bien le han hecho da indicio que también lo será a Dios, que tantos bienes le hizo y de contino le hace.",1,0
"Corrieron de nuevo delante dél los de las libreas, como si para él solo, no para alegrar aquel festivo día, se las hubieran puesto, y Sancho estaba contentísimo, por parecerle que se había hallado, sin saber cómo ni cómo no, otras bodas de Camacho, otra casa como la de don Diego de Miranda y otro castillo como el del duque.",1,0
Y si le encantan y entomecen como la otra vez lo hicieron,0,1
"¿Adónde está el mono y el retablo, que no los veo?",0,0
"Sí, que algo se me ha de pegar de la discreción de vuestra merced",0,1
"El ama, que ya estaba bien advertida de lo que había de responder, le dijo:",1,0
"Sacó Sancho una carta abierta del seno, y tomándola la duquesa, vio que decía desta manera: CARTA DE SANCHO PANZA A TERESA PANZA SU MUJER Si buenos azotes me daban, bien caballero me iba: si buen gobierno me tengo, buenos azotes me cuesta.",1,0
"Ya tarda en decirle vuestra merced, señor don Quijote",0,1
"Al polvo y al cansancio que don Quijote y Sancho sacaron del descomedimiento de los toros socorrió una fuente clara y limpia que entre una fresca arboleda hallaron, en el margen de la cual, dejando libres sin jáquima y freno al rucio y a Rocinante, los dos asendereados amo y mozo se sentaron.",1,0
"Traed vos dinero, mi buen marido",0,1
"Esta necesidad le forzó a que llegase junto a la venta, todavía dudoso si entraría o no.",1,0
"No faltaron algunos ociosos ojos, que lo suelen ver todo, que no viesen la bajada y la subida de Melisendra, de quien dieron noticia al rey Marsilio, el cual mandó luego tocar al arma; y miren con qué priesa, que ya la ciudad se hunde con el son de las campanas que en todas las torres de las mezquitas suenan.",0,0
Él hace muy bien,0,1
"Viendo, pues, los yangüeses el mal recado que habían hecho, con la mayor presteza que pudieron cargaron su recua y siguieron su camino, dejando a los dos aventureros de mala traza y de peor talante.",1,0
"Para que con más veras pueda vuestra merced decir, señor caballero andante, que le agasajamos con prompta y buena voluntad, queremos darle solaz y contento con hacer que cante un compañero nuestro que no tardará mucho en estar aquí; el cual es un zagal muy entendido y muy enamorado, y que, sobre todo, sabe leer y escrebir y es músico de un rabel, que no hay más que desear.",0,0
"Íbanse poco a poco entrando en lo más áspero de la montaña, y Sancho iba muerto por razonar con su amo y deseaba que él comenzase la plática, por no contravenir a lo que le tenía mandado; mas no pudiendo sufrir tanto silencio, le dijo:",1,0
Pues haz cuenta,0,1
"Sin duda este tu amo, Sancho amigo, debe de ser un loco.",0,0
cuesta poco prometer lo que jamás piensan ni pueden cumplir.,1,0
"replicó don Lorenzo-, yo digo que se aventaja esa ciencia a todas.",0,0
"Has dicho, Sancho",0,1
Bien parece,0,1
"¡Oh, señor",0,1
"No digo yo, Sancho",0,1
"Pero querría que, después que cada uno tuviese en su poder la parte que le toca de su hacienda, siguiese uno de los caminos que le diré.",0,1
Lo que sé decir,0,1
"Estando en esto, comenzó a dar voces don Quijote, diciendo:",1,0
"Ella, puesta las rodillas en el suelo, con voz antes basta y ronca que sutil y delicada, dijo:",1,0
¡Aquí del rey!,0,1
"Y también mandó otras cosas, tales, que los abades del pueblo dicen que no se han de cumplir ni es bien que se cumplan, porque parecen de gentiles.",0,0
"dijo don Quijote-, porque no habremos estado dos horas por estas encrucijadas, cuando veamos más armados que los que vinieron sobre Albraca, a la conquista de Angélica la Bella.",0,0
Dese modo,0,1
Prometióselo don Quijote y juró por vida de sus pensamientos no tocarle en el pelo de la ropa y que dejaría en toda su voluntad y albedrío el azotarse cuando quisiese.,1,0
"Yendo, pues, desta manera, la noche escura, el escudero hambriento y el amo con gana de comer, vieron que por el mesmo camino que iban venían hacia ellos gran multitud de lumbres, que no parecían sino estrellas que se movían.",0,0
"haber entre los míos y los suyos esta diferencia, que los de vuestra merced vendrán a tiempo y los míos a deshora; pero, en efecto, todos son refranes.",1,0
"¿Ahora, señor don Quijote, que tenemos nueva que está desencantada la señora Dulcinea, sale vuestra merced con eso?",0,0
"Mucho pido y no soy digna de merced tan señalada: los pies quisiera traerte, que a una humilde esto le basta.",1,0
"Y si todavía, llevado de su natural inclinación, quisiere leer libros de hazañas y de caballerías, lea en la Sacra Escritura el de los Jueces, que allí hallará verdades grandiosas y hechos tan verdaderos como valientes.",0,0
Si por principales va,0,1
"Levantóse don Quijote en pie y, poniendo mano a la espada, comenzó a tirar estocadas por la reja y a decir a grandes voces:",1,0
"Aceptólo Carrasco, y ofreciósele por escudero Tomé Cecial, compadre y vecino de Sancho Panza, hombre alegre y de lucios cascos.",1,0
"Y dice más Cide Hamete: que tiene para sí ser tan locos los burladores como los burlados y que no estaban los duques dos dedos de parecer tontos, pues tanto ahínco ponían en burlarse de dos tontos.",1,0
"ejercicio el ser yo algún tanto poeta, como tú sabes, y el serlo también en estremo el bachiller Sansón Carrasco.",1,0
"Sobresaltóse el corazón de don Quijote y azoróse el de Sancho, porque la gente que se les llegaba traía lanzas y adargas y venía muy a punto de guerra.",1,0
En verdad,0,1
"¿A mí leoncitos, y a tales horas?",0,0
"Eso puedes tú decir bien, Sancho",0,1
"Sosiégate, señor mío, y no te alborotes ni sigas al que de aquí saltó: es cosa mía, y tanto, que es mi esposo. »No lo quiso creer Anselmo, antes, ciego de enojo, sacó la daga y quiso herir a Leonela, diciéndole que le dijese la verdad; si no, que la mataría.",0,0
"Sabían nuestros padres nuestros intentos y no les pesaba dello, porque bien veían que, cuando pasaran adelante, no podían tener otro fin que el de casarnos, cosa que casi la concertaba la igualdad de nuestro linaje y riquezas.",0,0
"La razón es que todas las aventuras hasta aquí sucedidas han sido contingibles y verisímiles, pero esta desta cueva no le hallo entrada alguna para tenerla por verdadera, por ir tan fuera de los términos razonables.",1,0
"Señor, ya yo tengo relucida a mi mujer a que me deje ir con vuestra merced adonde quisiere llevarme.",0,0
"Finalmente, Ricote pagó y satisfizo liberalmente así al renegado como a los que habían bogado al remo.",1,0
"Tornaron a abrazarse otra vez, y otra vez tornaron a nuevos ofrecimientos.",0,0
"Y luego la Dolorida y las demás dueñas alzaron los antifaces con que cubiertas venían, y descubrieron los rostros todos poblados de barbas, cuáles rubias, cuáles negras, cuáles blancas y cuáles albarrazadas, de cuya vista mostraron quedar admirados el duque y la duquesa, pasmados don Quijote y Sancho, y atónitos todos los presentes.",1,0
"Ciñóse su buena espada, que pendía de un tahalí de lobos marinos, que es opinión que muchos años fue enfermo de los riñones; cubrióse un herreruelo de buen paño pardo, pero antes de todo, con cinco calderos o seis de agua, que en la cantidad de los calderos hay alguna diferencia, se lavó la cabeza y rostro, y todavía se quedó el agua de color de suero, merced a la golosina de Sancho y a la compra de sus negros requesones, que tan blanco pusieron a su amo.",0,0
"Callaban todos y mirábanse todos, Dorotea a don Fernando, don Fernando a Cardenio, Cardenio a Luscinda, y Luscinda a Cardenio.",1,0
"Por nombre tan santo como este libro tiene, se podía perdonar su ignorancia; mas también se suele decir «tras la cruz está el diablo».",0,0
"Y paréceme a mí que en esto de los gobiernos todo es comenzar, y podría ser que a",0,0
Esténme vuestras mercedes atentos y vayan conmigo.,0,0
Dos tengo yo,0,1
"Con esto, se despidió encargando a don Quijote que de todos sus buenos o malos sucesos le avisase, habiendo comodidad; y, así, se despidieron y Sancho fue a poner en orden lo necesario para su jornada.",1,0
"respondió Sancho-, que por este lado me da un viento tan recio, que parece que con mil fuelles me están soplando.",0,0
"Digo, pues, que encima del patio de nuestra prisión caían las ventanas de la casa de un moro rico y principal, las cuales, como de ordinario son las de los moros, más eran agujeros que ventanas, y aun estas se cubrían con celosías muy espesas y apretadas.",1,0
Suele el coser y el labrar y el estar siempre ocupada ser antídoto al veneno de las amorosas ansias.,0,0
"dijo don Quijote-, que voto, y no digo más, que os batanee el alma.",0,0
"Las claras fuentes y corrientes ríos, en magnífica abundancia, sabrosas y transparentes aguas les ofrecían.",1,0
Bien está todo eso,0,1
Ya están atados,0,1
Yo le fío de la fuga,0,1
Así lo juro,0,1
"Este soldado, pues, que aquí he pintado, este Vicente de la Roca, este bravo, este galán, este músico, este poeta fue visto y mirado muchas veces de Leandra desde una ventana de su casa que tenía la vista a la plaza.",1,0
"Y aunque los duques pensaron que sería alguna burla que sus criados querían hacer a don Quijote, todavía, viendo con el ahínco que la mujer suspiraba, gemía y lloraba, los tuvo dudosos y suspensos, hasta que don Quijote, compasivo, la levantó del suelo y hizo que se descubriese y quitase el manto de sobre la faz llorosa.",1,0
"Señor gobernador de mi ánima, este mal hombre me ha cogido en la mitad dese campo y se ha aprovechado de mi cuerpo como si fuera trapo mal lavado, y, ¡desdichada de mí!, me ha llevado lo que yo tenía guardado más de veinte y tres años ha, defendiéndolo de moros y cristianos, de naturales y estranjeros, y yo siempre dura como un alcornoque, conservándome entera como la salamanquesa en el fuego o como la lana entre las zarzas, para que este buen hombre llegase ahora con sus manos limpias a manosearme.",0,1
"Muy filósofo estás, Sancho",0,1
"A los cuales no les dije otra cosa sino que el primer viernes en la tarde se saliesen uno a uno, disimuladamente, y se fuesen la vuelta del jardín de Agi Morato, y que allí me aguardasen hasta que yo fuese.",1,0
"En efecto, el señor oidor entró confuso, así de lo que veía como de lo que escuchaba, y las hermosas de la venta dieron la bienllegada a la hermosa doncella.",1,0
"Cruel Vireno, fugitivo Eneas, Barrabás te acompañe, allá te avengas.",1,0
"Cuando don Quijote se vio en la campaña rasa, libre y desembarazado de los requiebros de Altisidora, le pareció que estaba en su centro y que los espíritus se le renovaban para proseguir de nuevo el asumpto de sus caballerías, y volviéndose a Sancho le dijo:",1,0
"Si no, dime: ¿qué mayor contento puede haber en el mundo o qué gusto puede igualarse al de vencer una batalla y al de triunfar de su enemigo?",0,0
"Duerme, Sancho amigo",0,1
"palabras y razones que el cautivo Abencerraje respondía a Rodrigo de Narváez, del mesmo modo que él había leído la historia en La Diana de Jorge de Montemayor, donde se escribe; aprovechándose della tan a propósito, que el labrador se iba dando al diablo de oír tanta máquina de necedades; por donde conoció que su vecino estaba loco, y dábale priesa a llegar al pueblo por escusar el enfado que don Quijote le causaba con su larga arenga.",1,0
"En efeto, fueron tantas las voces que don Quijote dio, que abriendo de presto las puertas de la venta salió el ventero despavorido, a ver quién tales gritos daba, y los que estaban fuera hicieron lo mesmo.",1,0
"Con el felice y gracioso suceso de la aventura de la Dolorida quedaron tan contentos los duques, que determinaron pasar con las burlas adelante, viendo el acomodado sujeto que tenían para que se tuviesen por veras ; y así, habiendo dado la traza y órdenes que sus criados y sus vasallos habían de guardar con Sancho en el gobierno de la ínsula prometida, otro día, que fue el que sucedió al vuelo de Clavileño, dijo el duque a Sancho que se adeliñase y compusiese para ir a ser gobernador, que ya sus insulanos le estaban esperando como el agua de mayo.",1,0
El acabar estas razones y el abrir de la puerta fue todo uno.,0,0
"Alborotóse el senado de los oyentes, huyóse el mono por los tejados de la venta, temió el primo, acobardóse el paje, y hasta el mesmo Sancho Panza tuvo pavor grandísimo, porque, como él juró después de pasada la borrasca, jamás había visto a su señor con tan desatinada cólera.",0,0
"Porque hago saber a vuestras grandezas, si no lo tienen por enojo, que tocaba una guitarra, que la hacía hablar, y más que era poeta y gran bailarín, y sabía hacer una jaula de pájaros, que solamente a hacerlas pudiera ganar la vida, cuando se viera en estrema necesidad; que todas estas partes y gracias son bastantes a derribar una montaña, no que una delicada doncella.",1,0
Pues ¿hay más?,0,1
No entiendo eso,0,1
No puede ser eso,0,1
Y el salvaje prosiguió diciendo:,0,0
Con facilidad será vuestra merced satisfecho,0,1
"Y así os aconsejo, señor, que no dejéis de hallaros mañana a su entierro, que será muy de ver, porque Grisóstomo tiene muchos amigos, y no está de este lugar a aquel donde manda enterrarse media legua.",1,0
"Vístesos vos con dos cueros, que no con un gigante",0,1
Yo sé quién soy,0,1
Todo eso me parece de perlas,0,1
"Sonaron los atambores, llenó el aire el son de las trompetas, temblaba debajo de los pies la tierra, estaban suspensos los corazones de la mirante turba, temiendo unos y esperando otros el bueno o el mal suceso de aquel caso.",1,0
"Ensilló Sancho a Rocinante y aderezó al rucio, proveyó sus alforjas, a las cuales acompañaron las del primo, asimismo bien proveídas, y encomendándose a Dios y despediéndose de todos, se pusieron en camino, tomando la derrota de la famosa cueva de Montesinos.",0,0
"Media noche era por filo, poco más a menos, cuando don Quijote y Sancho dejaron el monte y entraron en el Toboso.",1,0
Nadie las tocará,0,1
respondió el viejo-.,0,0
"Lo mesmo preguntó don Quijote al segundo, el cual no respondió palabra, según iba de triste y malencónico, mas respondió por él el primero y dijo:",0,0
"Tentólos don Quijote y cayó luego en la cuenta de lo que podía ser, y díjole a Sancho:",1,0
"Señor, ¿esta batalla no se hace porque yo me case o no me case con aquella señora?",0,0
¿Pensará vuestra merced ahora que es poco trabajo hacer un libro?,0,0
"Decidme, hermano escudero: este vuestro señor ¿no es uno de quien anda impresa una historia que se llama del ingenioso hidalgo don Quijote de la Mancha, que tiene por señora de su alma a una tal Dulcinea del Toboso?",0,0
"tanta alegría siento, que la vida se esfuerza, y no le paso.",1,0
"Debe de pensar el buen hombre, sin duda, que nos dormimos aquí en las pajas; pues ténganos el pie al herrar y verá del que cosqueamos.",0,0
"Lo que yo sé decir es que si mi señor tomase mi consejo ya habíamos de estar en esas campañas deshaciendo agravios y enderezando tuertos, como es uso y costumbre de los buenos andantes caballeros.",0,0
"el del encerrado religioso: solo quiero inferir, por lo que yo padezco, que sin duda es más trabajoso y más aporreado, y más hambriento y sediento, miserable, roto y piojoso, porque no hay duda sino que los caballeros andantes pasados pasaron mucha mala ventura en el discurso de su vida; y si algunos subieron a ser emperadores por el valor de su brazo, a fe que les costó buen porqué de su sangre y de su sudor, y que si a los que a tal grado subieron les faltaran encantadores y sabios que los ayudaran, que ellos quedaran bien defraudados de sus deseos y bien engañados de sus esperanzas.",1,0
"respondió Sancho-; en el aire, sí, y aun más de las que yo quisiera.",0,0
"porque ellos le habían dicho antes que el ir de aquella suerte y vestirse de aquel modo era toda la importancia para sacar a su amo de aquella mala vida que había escogido, y que le encargaban mucho que no dijese a su amo quién ellos eran, ni que los conocía; y que si le preguntase, como se lo había de preguntar, si dio la carta a Dulcinea, dijese que sí, y que, por no saber leer, le había respondido de palabra, diciéndole que le mandaba, so pena de la su desgracia, que luego al momento se viniese a ver con ella, que era cosa que le importaba mucho; porque con esto y con lo que ellos pensaban decirle tenían",1,0
"Estas y otras razones tales decía la ventera con grande enojo, y ayudábala su buena criada Maritornes.",1,0
"Y si aquí estuviésedes, señor, algún día, veríades resonar estas sierras y estos valles con los lamentos de los desengañados que la siguen.",0,0
"Estaba Sancho sobre su rucio, con sus alforjas, maleta y repuesto, contentísimo porque el mayordomo del duque, el que fue de la Trifaldi, le había dado un bolsico con docientos escudos de oro para suplir los menesteres del camino, y esto aún no lo sabía don Quijote.",0,0
Y estando en esto salieron de la venta dos personas que luego le conocieron; y dijo el uno al otro:,1,0
"Del mesmo nombre de vuestra merced, señor oidor, tuve yo una camarada en Costantinopla, donde estuve cautivo algunos años; la cual camarada era uno de los valientes soldados y capitanes que había en toda la infantería española, pero tanto cuanto tenía de esforzado y valeroso tenía de desdichado.",0,0
"No me levantaré, señor",0,1
"Hecha esta diligencia, me faltaba hacer otra, que era la que más me convenía, y era la de avisar a Zoraida en el punto que estaban los negocios, para que estuviese apercebida y sobre aviso, que no se sobresaltase si de improviso la asaltásemos antes del tiempo que ella podía imaginar que la barca de cristianos podía volver.",1,0
"Púsose en pie sobre la cama, envuelto de arriba abajo en una colcha de raso amarillo, una galocha en la cabeza, y el rostro y los bigotes vendados",0,0
¿Jayanes hay en la danza?,0,0
"les respondió don Quijote-, que yo sé bien lo que me cumple.",0,0
"Los ratos que del día me quedaban después de haber dado lo que convenía a los mayorales, a capataces y a otros jornaleros, los entretenía en ejercicios que son a las doncellas tan lícitos como necesarios, como son los que ofrece la aguja y la almohadilla, y la rueca muchas veces; y si alguna, por recrear el ánimo, estos ejercicios dejaba, me acogía al entretenimiento de leer algún libro devoto, o a tocar una harpa, porque la experiencia me mostraba que la música compone los ánimos descompuestos y alivia los trabajos que nacen del espíritu.",0,0
Levántese vuestra merced,0,1
"Desembolsó el uno, recibió el otro, este se salió de la ínsula y aquel se fue a su casa, y el gobernador quedó diciendo:",0,0
"Mudé propósito, fuime con él, servíle en las jornadas que hizo, halléme en la muerte de los condes de Eguemón y de Hornos, alcancé a ser alférez de un famoso capitán de Guadalajara, llamado Diego de Urbina, y a cabo de algún tiempo que llegué a Flandes, se tuvo nuevas de la liga que la Santidad del papa Pío Quinto, de felice recordación, había hecho con Venecia y con España, contra el enemigo común, que es el Turco, el cual en aquel mesmo tiempo había ganado con su armada la famosa isla de Chipre, que estaba debajo del dominio de venecianos, y fue pérdida lamentable y desdichada.",1,0
"Sosegaos, señor caballero",0,1
": yo traigo aquí dos talegas de lienzo, de un mesmo tamaño; tomaréis vos la una, y yo la otra, y riñiremos a talegazos, con armas iguales.",0,0
"Admirado quedó el oidor del razonamiento de don Quijote, a quien se puso a mirar muy de propósito, y no menos le admiraba su talle que sus palabras; y sin hallar ningunas con que respondelle, se tornó a admirar de nuevo cuando vio delante de sí a Luscinda, Dorotea y a Zoraida, que a las nuevas de los nuevos güéspedes, y a las que la ventera les había dado de la hermosura de la doncella, habían venido a verla y a recebirla.",1,0
"A lo cual don Quijote respondió, con mucho entono y gravedad:",1,0
"dijo a esta sazón don Quijote- que más debe de dar contento a un hombre virtuoso y eminente es verse, viviendo, andar con buen nombre por las lenguas de las gentes, impreso y en estampa.",0,0
"Señor, allí está escrito y notado el día en que vuestra señoría tomó posesión desta ínsula, y dice el epitafio: «Hoy día, a tantos de tal mes y de tal año, tomó la posesión desta ínsula el señor don Sancho Panza, que muchos años la goce».",0,0
"respondió don Quijote- son de serviros, tanto, que tenía determinado de no salir destas sierras hasta hallaros y saber de vos si el dolor que en la estrañeza de vuestra vida mostráis tener se podía hallar algún género de remedio, y si fuera menester buscarle, buscarle con la diligencia posible.",0,1
"Sin duda, señor, que este es el moro encantado, y debe de guardar el tesoro para otros, y para nosotros solo guarda las puñadas y los candilazos.",0,0
"A todas estas y otras muchas razones que Anselmo dijo a Lotario para persuadille volviese como solía a su casa, respondió Lotario con tanta prudencia, discreción y aviso, que Anselmo quedó satisfecho de la buena intención de su amigo, y quedaron de concierto que dos días en la semana y las fiestas fuese Lotario a comer con él; y aunque esto quedó así concertado entre los dos, propuso Lotario de no hacer más de aquello que viese que más convenía a la honra de su amigo, cuyo crédito estaba en más que el suyo proprio.",1,0
"que así se llamaba el cura-, de la desgracia de mi señor?",0,0
"Y apenas habían sentado el pie y puesto en ala con otros muchos criados suyos, cuando, acosado de los perros y seguido de los cazadores, vieron que hacia ellos venía un desmesurado jabalí, crujiendo dientes y colmillos y arrojando espuma por la boca; y en viéndole, embrazando su escudo y puesta mano a su espada, se adelantó a recebirle don Quijote.",1,0
"Esfuércese, esfuércese, que el descaecimiento en los infortunios apoca la salud y acarrea la muerte ».",0,1
"Encerrada Leandra, quedaron los ojos de Anselmo ciegos, a lo menos sin tener cosa que mirar que contento le diese; los míos, en tinieblas, sin luz que a ninguna cosa de gusto les encaminase.",1,0
Preguntóle Sancho la causa de aquel súbito apeamiento y de aquel ligamiento.,1,0
"«Así que, señor mío de mi ánima",0,1
respondió don Quijote-.,0,0
No me descontenta el nombre,0,1
A esto respondió el labrador:,0,0
"Entró luego tras él, encima de un jumento, una mujer a la morisca vestida, cubierto el rostro, con una toca en la cabeza; traía un bonetillo de brocado, y vestida una almalafa, que desde los hombros a los pies la cubría.",1,0
"De todo no me queda más que decir sino que desde el punto que Basilio supo que la hermosa Quiteria se casaba con Camacho el rico, nunca más le han visto reír ni hablar razón concertada, y siempre anda pensativo y triste, hablando entre sí mismo, con que da ciertas y claras señales de que se le ha vuelto el juicio: come poco y duerme poco, y lo que come son frutas, y en lo que duerme, si duerme, es en el campo, sobre la dura tierra, como animal bruto; mira de cuando en cuando al cielo, y otras veces clava los ojos en la tierra, con tal embelesamiento, que no parece sino estatua vestida que el aire le mueve",0,0
"Subamos y apartémonos de aquí, que yo pondré silencio en mis rebuznos, pero no en dejar de decir que los caballeros andantes huyen y dejan a sus buenos escuderos molidos como alheña o como cibera en poder de sus enemigos.",0,0
"En verdad, señor, que soy el más desgraciado médico que se debe de hallar en el mundo, en el cual hay físicos que, con matar al enfermo que curan, quieren ser pagados de su trabajo, que no es otro sino firmar una cedulilla de algunas medicinas, que no las hace él, sino el boticario, y cátalo cantusado; y a mí, que la salud ajena me cuesta gotas de sangre, mamonas, pellizcos, alfilerazos y azotes, no me dan un ardite.",0,0
No sé cómo pueda ser eso de enderezar tuertos,0,1
"Suma era la alegría que llevaba consigo Sancho viéndose, a su parecer, en privanza con la duquesa, porque se le figuraba que había de hallar en su castillo lo que en la casa de don Diego y en la de Basilio, siempre aficionado a la buena vida, y, así, tomaba la ocasión por la melena en esto del regalarse cada y cuando que se le ofrecía.",1,0
"Y cuando el amigo tirase tanto la barra, que pusiese aparte los respetos del cielo por acudir a los de su amigo, no ha de ser por cosas ligeras y de poco momento, sino por aquellas en que vaya la honra y la vida de su amigo.",0,0
"Mi nombre es Cardenio; mi patria, una ciudad de las mejores desta Andalucía; mi linaje, noble; mis padres, ricos; mi desventura, tanta, que la deben de haber llorado mis padres, y sentido mi linaje, sin poderla aliviar con su riqueza, que para remediar desdichas del cielo poco suelen valer los bienes de fortuna.",0,0
"padre, suplicándole se entretuviese algunos días y dilatase el darle estado hasta que yo viese lo que el duque Ricardo me quería; él me lo prometió y ella me lo confirmó con mil juramentos y mil desmayos.",1,0
todos los que presentes estaban:,0,0
Aún la cola falta por desollar,0,1
"Después desto cuenta la historia que se llegó el día de la batalla aplazada, y, habiendo el duque una y muy muchas veces advertido a su lacayo Tosilos cómo se había de avenir con don Quijote para vencerle sin matarle ni herirle, ordenó que se quitasen los hierros a las lanzas, diciendo a don Quijote que no permitía la cristiandad de que él se preciaba que aquella batalla fuese con tanto riesgo y peligro de las vidas, y que se contentase con que le daba campo franco en su tierra, puesto que iba contra el decreto del santo Concilio que prohíbe los tales desafíos, y no quisiese llevar por todo rigor aquel trance tan fuerte.",1,0
"Pero acordándose que el valeroso Amadís no sólo se había contentado con llamarse «Amadís» a secas, sino que añadió el nombre de su reino y patria, por hacerla famosa, y se llamó «Amadís de Gaula», así quiso, como buen caballero, añadir al suyo el nombre de la suya y llamarse «don Quijote de la Mancha», con que a su parecer declaraba muy al vivo su linaje y patria, y la honraba con tomar el sobrenombre della.",0,0
"Adelante pasaran con el coloquio dueñesco, si no oyeran que el pífaro y los tambores volvían a sonar, por donde entendieron que la dueña Dolorida entraba.",1,0
"Respondióle el huésped que no tenía pollos, porque los milanos los tenían asolados.",0,0
"Venía la señora asimismo vestida de verde , tan bizarra y ricamente, que la misma bizarría venía transformada en ella.",1,0
Teresa dice,0,1
"¡Oh, cuerpo de mí!",0,1
"Quedó don Quijote, después de desarmado, en sus estrechos greguescos y en su jubón de camuza, seco, alto, tendido, con las quijadas que por de dentro se besaba la una con la otra: figura, que a no tener cuenta las doncellas que le servían con disimular la risa (que fue una de las precisas órdenes que sus señores les habían dado) reventaran riendo.",0,0
¿Ya no te he dicho,0,1
"Divididos estaban caballeros y escuderos, estos contándose sus vidas y aquellos sus amores, pero la historia cuenta primero el razonamiento de los mozos y luego prosigue el de los amos, y, así, dice que, apartándose un poco dellos, el del Bosque dijo a Sancho:",1,0
"Y aunque se deja entender que no podían pasar sin comer y sin hacer todos los otros menesteres naturales, porque en efeto eran hombres como nosotros, hase de entender también que andando lo más del tiempo de su vida por las florestas y despoblados, y sin cocinero, que su más ordinaria comida sería de viandas rústicas, tales como las que tú ahora me ofreces.",0,0
"Mire vuestra merced bien que por todos estos caminos no andan hombres armados, sino arrieros y carreteros, que no solo no traen celadas, pero quizá no las han oído nombrar en todos los días de su vida.",0,0
Por la fe de caballero andante,0,1
"Carretero, cochero o diablo, o lo que eres, no tardes en decirme quién eres, a dó vas y quién es la gente que llevas en tu carricoche, que más parece la barca de Carón que carreta de las que se usan.",0,0
Harásela a vuestra merced la razón,0,1
Dilas luego,0,1
Dios lo haga,0,1
"Yo, señores",0,1
"Además estaba mohíno y malencólico el malferido don Quijote, vendado el rostro y señalado, no por la mano de Dios, sino por las uñas de un gato, desdichas anejas a la andante caballería.",1,0
Dios sabe la verdad de todo,0,1
"Volvió Sancho a casa de don Quijote y, volviendo al pasado razonamiento, dijo:",1,0
El criado le respondió que se llamaba el licenciado Juan Pérez de Viedma y que había oído decir que era de un lugar de las montañas de León.,1,0
"Bien sabes, ¡oh Sancho Panza, vecino y amigo mío!, como el pregón y bando que Su Majestad mandó publicar contra los de mi nación puso terror y espanto en todos nosotros: a lo menos, en mí le puso de suerte que me parece que antes del tiempo que se nos concedía para que hiciésemos ausencia de España, ya tenía el rigor de la pena ejecutado en mi persona y en la de mis hijos.",0,0
"Váyase vuesa merced, señor hidalgo",0,1
"De aquí a pocos días me partiré al gobierno, adonde voy con grandísimo deseo de hacer dineros, porque me han dicho que todos los gobernadores nuevos van con este mesmo deseo; tomaréle el pulso, y avisaréte si has de venir a estar conmigo o no.",1,0
"Primeramente, quiero que vuestras mercedes sepan, señores míos, que a mí me llaman...",0,0
respondió Sancho- sino ahechando dos hanegas de trigo en un corral de su casa.,0,0
"Digo que era venta porque don Quijote la llamó así, fuera del uso que tenía de llamar a todas las ventas castillos.",1,0
"dijo a esta sazón la Dolorida-, con benignos ojos miren a vuestra grandeza, valeroso caballero, todas las estrellas de las regiones celestes, e infundan en vuestro ánimo toda prosperidad y valentía para ser escudo y amparo del vituperoso y abatido género dueñesco, abominado de boticarios, murmurado de escuderos y socaliñado de pajes , que mal haya la bellaca que en la flor de su edad no se metió primero a ser monja que a dueña.",0,0
"Bien creo yo, marido",0,1
"Pues ¿cómo se desembarcó vuestra merced en Osuna, señora mía",0,1
Estéril o estil,0,1
"Y avísote que no digas nada a nadie, ni a los que con nosotros vienen, de lo que aquí hemos departido y tratado; que pues Dulcinea es tan recatada, que no quiere que se sepan sus pensamientos, no será bien que yo ni otro por mí los descubra.",0,0
"Con estos iba ensartando otros disparates, todos al modo de los que sus libros le habían enseñado, imitando en cuanto podía su lenguaje.",1,0
"Por esto se dijo: No hay amigo para amigo: las cañas se vuelven lanzas; y el otro que cantó: De amigo a amigo, la chinche, etc.",1,0
"los que se alegran en los elíseos jerezanos prados; los manchegos, ricos y coronados de rubias espigas; los de hierro vestidos, reliquias antiguas de la sangre goda; los que en Pisuerga se bañan, famoso por la mansedumbre de su corriente; los que su ganado apacientan en las extendidas dehesas del tortuoso Guadiana, celebrado por su escondido curso; los que tiemblan con el frío del silvoso Pirineo y con los blancos copos del levantado Apenino; finalmente, cuantos toda la Europa en sí contiene y encierra.",1,0
Estraño es vuesa merced,0,1
"Pero toda su gentileza y buen donaire y todas sus gracias y habilidades fueran poca o ninguna parte para rendir la fortaleza de mi niña, si el ladrón desuellacaras no usara del remedio de rendirme a mí primero.",1,0
"Don Quijote diría, señora",0,1
Cuando yo se la iba a dar,0,1
"respondió don Quijote-, muy a lo discreto hablas.",0,0
"Las que el soldado muestra en el rostro y en los pechos, estrellas son que guían a los demás al cielo de la honra, y al de desear la justa alabanza; y hase de advertir que no se escribe con las canas, sino con el entendimiento, el cual suele mejorarse con los años.",1,0
Y yo lo entiendo así,0,1
"Sobre todo, le encargó que llevase alforjas.",1,0
"Si digo que sois vos, Fili, no acierto, que tanto mal en tanto bien no cabe ni me viene del cielo esta ruina.",1,0
"En esta maldita cama se acostó don Quijote, y luego la ventera y su hija le emplastaron de arriba abajo, alumbrándoles Maritornes, que así se llamaba la asturiana; y como al bizmalle viese la ventera tan acardenalado a partes a don Quijote, dijo que aquello más parecían golpes que caída.",1,0
"Del linaje plebeyo no tengo que decir sino que sirve solo de acrecentar el número de los que viven, sin que merezcan otra fama ni otro elogio sus grandezas.",1,0
"De ese modo, no es cordura querer curar la pasión, cuando los remedios son muerte, mudanza y locura.",1,0
"Venga acá, señor: ¿podría negar lo que comúnmente suele decirse por ahí cuando una persona está de mala voluntad: «No sé qué tiene fulano, que ni come, ni bebe, ni duerme, ni responde a propósito a lo que le preguntan, que no parece sino que está encantado»?",0,0
"Sí haré, madre",0,1
"De todo lo dicho quiero que infiráis, bobas mías, que es grande la confusión que hay entre los linajes, y que solos aquellos parecen grandes y ilustres que lo muestran en la virtud y en la riqueza y liberalidad de sus dueños.",1,0
"Y asiéndole por el brazo, le forzó a que junto dél se sentase.",0,0
"Escarmentó el loco y retiróse, y en más de un mes no salió a la plaza; al cabo del cual tiempo volvió con su invención y con más carga.",1,0
"Al llegar a las puertas de la villa, que era cercada, salió el regimiento del pueblo a recebirle, tocaron las campanas y todos los vecinos dieron muestras de general alegría y con mucha pompa le llevaron a la iglesia mayor a dar gracias a Dios, y luego con algunas ridículas ceremonias le entregaron las llaves del pueblo y le admitieron por perpetuo gobernador de la ínsula Barataria.",1,0
respondió el huésped.,0,0
Esto es lo que yo deseaba saber como al alma y como a la vida.,0,0
"¿No sabes tú, licenciadillo menguado, que lo podré hacer, pues, como digo, soy Júpiter Tonante, que tengo en mis manos los rayos abrasadores con que puedo y suelo amenazar y destruir el mundo?",0,0
"Mas apenas comenzó a descubrirse el día por los balcones del oriente, cuando los cinco de los seis cabreros se levantaron y fueron a despertar a don Quijote y a decille si estaba todavía con propósito de ir a ver el famoso entierro de Grisóstomo, y que ellos le harían compañía.",1,0
"dijo don Quijote-, pero querría yo saber, ya que Dios le haga merced de que se le dé licencia para imprimir esos sus libros, que lo dudo, a quién piensa dirigirlos.",0,0
"En estremo contento, ufano y vanaglorioso iba don Quijote por haber alcanzado vitoria de tan valiente caballero como él se imaginaba que era el de los Espejos, de cuya caballeresca palabra esperaba saber si el encantamento de su señora pasaba adelante, pues era forzoso que el tal vencido caballero volviese, so pena de no serlo, a darle razón de lo que con ella le hubiese sucedido.",1,0
"Quince días serían pasados, según es pública voz y fama, que el asno faltaba, cuando, estando en la plaza el regidor perdidoso, otro regidor del mismo pueblo le dijo: «Dadme albricias, compadre; que vuestro jumento ha parecido».",0,1
"Perdóname, niña, que te despierto, pues lo hago porque gustes de oír la mejor voz que quizá habrás oído en toda tu vida.",0,0
"Sucedió, pues, que tomando juramento a un hombre juró y dijo que para el juramento que hacía, que iba a morir en aquella horca que allí estaba, y no a otra cosa.",0,0
"Levantóse Sancho y desvióse de aquel lugar un buen espacio; y yendo a arrimarse a otro árbol, sintió que le tocaban en la cabeza y, alzando las manos, topó con dos pies de persona, con zapatos y calzas.",1,0
"Durmiéronse los dos, y en este tiempo quiso escribir y dar cuenta Cide Hamete, autor desta grande historia, qué les movió a los duques a levantar el edificio de la máquina referida; y dice que no habiéndosele olvidado al bachiller Sansón Carrasco cuando el Caballero de los Espejos fue vencido y derribado por don Quijote, cuyo vencimiento y caída borró y deshizo todos sus designios, quiso volver a probar la mano, esperando mejor suceso que el pasado, y, así, informándose del paje que llevó la carta y presente a Teresa Panza, mujer de Sancho, adónde don Quijote quedaba, buscó nuevas armas y caballo y puso en el escudo la blanca luna, llevándolo todo sobre un macho, a quien guiaba un",0,0
"Yo he estado un poco mal dispuesto, de un cierto gateamiento que me sucedió no muy a cuento de mis narices, pero no fue nada, que si hay encantadores que me maltraten, también los hay que me defiendan.",1,0
No la tenga yo en el cielo,0,1
En este que ahora nos ha acontecido,0,1
Pero ¿dónde me divierto?,0,0
"Poeta, bien podrá ser",0,1
"Tembló de miedo, acudió a otro árbol, y sucedióle lo mesmo.",1,0
"Pero sobre todo aviso a mi señor que si me ha de llevar consigo ha de ser con condición que él se lo ha de batallar todo y que yo no he de estar obligado a otra cosa que a mirar por su persona en lo que tocare a su limpieza y a su regalo, que en esto yo le bailaré el agua delante; pero pensar que tengo de poner mano a la espada, aunque sea contra villanos malandrines de hacha y capellina, es pensar en lo escusado.",1,0
"¿Qué locura o qué desatino me lleva a contar las ajenas faltas, teniendo tanto que decir de las mías?",0,0
"que él hacía tanta fiesta, que daba señales de volverse loco.",1,0
"Recatos impertinentes, honestidad contra el uso, son nubes que me la encubren cuando más verla procuro.",0,0
"Cuenta, pues, la historia, que Sancho no durmió aquella siesta, sino que, por cumplir su palabra, vino en comiendo a ver a la duquesa, la cual, con el gusto que tenía de oírle, le hizo sentar junto a sí en una silla baja, aunque Sancho, de puro bien criado, no quería sentarse; pero la duquesa le dijo que se sentase como gobernador y hablase como escudero, puesto que por entrambas cosas merecía el mismo escaño del Cid Ruy Díaz Campeador.",1,0
"Levantóse, en fin, el señor gobernador, y por orden del doctor Pedro Recio le hicieron desayunar con un poco de conserva y cuatro tragos de agua fría, cosa que la trocara Sancho con un pedazo de pan y un racimo de uvas; pero viendo que aquello era más fuerza que voluntad, pasó por ello, con harto dolor de su alma y fatiga de su estómago, haciéndole creer Pedro Recio que los manjares pocos y delicados avivaban el ingenio, que era lo que más convenía a las personas constituidas en mandos y en oficios graves, donde se han de aprovechar no tanto de las fuerzas corporales como de las del entendimiento.",1,0
No tengo en qué echarla,0,1
"Servíanos de intérprete a las más de estas palabras y razones el padre de Zoraida, como más ladino, que aunque ella hablaba la bastarda lengua que, como he dicho, allí se usa, más declaraba su intención por señas que por palabras.",0,0
"Por cierto que esos señores jueces que a mí os envían lo pudieran haber escusado, porque yo soy un hombre que tengo más de mostrenco que de agudo; pero, con todo eso, repetidme otra vez el negocio de modo que yo le entienda: quizá podría ser que diese en el hito.",0,0
"no se maravillarán de los efetos, y si no me dieren remedio, a lo menos no me darán culpa, convirtiéndoseles el enojo de mi desenvoltura en lástima de mis desgracias.",0,0
"Paréceme que en este pleito no ha de haber largas dilaciones, sino juzgar luego a juicio de buen varón; y, así, yo doy por sentencia que el sastre pierda las hechuras, y el labrador el paño, y las caperuzas se lleven a los presos de la cárcel, y no haya más.",0,0
"Cuando llegó a ellos el caminante los saludó cortésmente, y, picando a la yegua, se pasaba de largo, pero don Quijote le dijo:",0,0
"dijo en oyéndole don Quijote-, si nos ha de suceder cosa buena esta noche.",0,0
"¡Bien, por Dios!",0,1
"Y así estudiantes como labradores cayeron en la misma admiración en que caían todos aquellos que la vez primera veían a don Quijote, y morían por saber qué hombre fuese aquel tan fuera del uso de los otros hombres.",1,0
"Comenzaba la danza Cupido, y, habiendo hecho dos mudanzas, alzaba los ojos y flechaba el arco contra una doncella que se ponía entre las almenas del castillo, a la cual desta suerte dijo:",1,0
"Contra cuerdos y contra locos está obligado cualquier caballero andante a volver por la honra de las mujeres, cualesquiera que sean, cuanto más por las reinas de tan alta guisa y pro como fue la reina Madasima, a quien yo tengo particular afición por sus buenas partes; porque, fuera de haber sido fermosa, además fue muy prudente y muy sufrida en sus calamidades, que las tuvo muchas, y los consejos y compañía del maestro Elisabat le fue y le fueron de mucho provecho y",0,0
"de los que dicen las gentes que van a sus aventuras,",1,0
A lo que dijo el viejo:,1,0
"A este punto llegaba entonces don Quijote en su tan lastimero razonamiento, cuando la hija de la ventera le comenzó a cecear y a decirle:",1,0
"Cuando la vio Carrasco con muestras tan doloridas y sobresaltadas, le dijo:",1,0
"¡Afuera, ministros infernales, que no soy yo de bronce, para no sentir tan extraordinarios martirios!",0,0
"Si no, dígame: ¿hay mayor contento que ver, como si dijésemos, aquí ahora se muestra delante de nosotros un gran lago de pez hirviendo a borbollones, y que andan nadando y cruzando por él muchas serpientes, culebras y lagartos, y otros muchos géneros de animales feroces y espantables, y que del medio del lago sale una voz tristísima que dice: «Tú, caballero, quienquiera que seas, que el temeroso lago estás mirando, si quieres alcanzar el bien que debajo destas negras aguas se encubre, muestra el valor de tu fuerte pecho y arrójate en mitad de su negro y encendido licor, porque si así no lo haces, no serás digno de ver las altas maravillas que en sí encierran y contienen",0,0
Yo apostaré,0,1
Dos me han dado,0,1
"Primero quiso el malandrín y desalmado vagamundo granjearme la voluntad y cohecharme el gusto, para que yo, mal alcaide, le entregase las llaves de la fortaleza que guardaba.",1,0
"Encomiéndalo tú a Dios, Sancho",0,1
El barbero hizo una gran barba de una cola rucia o roja de buey donde el ventero tenía colgado el peine.,1,0
"amado padre, que madre no la tiene, y ausentádose de la aldea con el soldado, que salió con más triunfo desta empresa que de todas las muchas que él se aplicaba.",1,0
"Tus más finas aventuras en desventuras se vuelvan, en sueños tus pasatiempos, en olvidos tus firmezas.",1,0
Dijo el ventero:,0,0
"No se había curado Sancho de echar sueltas a Rocinante, seguro de que le conocía por tan manso y tan poco rijoso, que todas las yeguas de la dehesa de Córdoba no le hicieran tomar mal siniestro.",1,0
"Cuenta la historia que las voces que oyeron don Quijote, el cura y el barbero eran de la sobrina y ama, que las daban diciendo a Sancho Panza, que pugnaba por entrar a ver a don Quijote, y ellas le defendían la puerta:",1,0
Ni aun fuera bien que vos le entendiérades,0,1
"¡Válame Dios, y con cuánta gana debes de estar esperando ahora, lector ilustre o quier plebeyo, este prólogo, creyendo hallar en él venganzas, riñas y vituperios del autor del segundo Don Quijote, digo, de aquel que dicen que se engendró en Tordesillas y nació en Tarragona!",0,0
"Bien hayan aquellos benditos siglos que carecieron de la espantable furia de aquestos endemoniados instrumentos de la artillería, a cuyo inventor tengo para mí que en el infierno se le está dando el premio de su diabólica invención, con la cual dio causa que un infame y cobarde brazo quite la vida a un valeroso caballero, y que sin saber cómo o por dónde, en la mitad del coraje y brío que enciende y anima a los valientes pechos, llega una desmandada bala (disparada de quien quizá huyó y se espantó del resplandor que hizo el fuego al disparar de la maldita máquina) y corta y acaba en un instante los pensamientos y vida de quien la merecía gozar luengos",1,0
"¡Justicia de Dios y del rey de tanta malicia, por no decir bellaquería!",0,0
Si eso hay,0,1
"Mis dos hermanos, movidos de mi ejemplo, cada uno le dio mil ducados; de modo que a mi padre le quedaron cuatro mil en dineros, y más tres mil que a lo que parece valía la hacienda que le cupo, que no quiso vender, sino quedarse con ella en raíces.",1,0
Y díganme: ¿por ventura habrá quien se alabe que tiene echado un clavo a la rodaja de la fortuna?,0,0
Malos sean los que me quedan por vivir,0,1
"dijo don Quijote-, no será impertinente, sino perteneciente.",0,0
"Estando en todas estas preguntas y respuestas, salió de la casa del jardín la bella Zoraida, la cual ya había mucho que me había visto; y como las moras en ninguna manera hacen melindre de mostrarse a los cristianos, ni tampoco se esquivan, como ya he dicho, no se le dio nada de venir adonde su padre conmigo estaba: antes, luego cuando su padre vio que venía, y de espacio, la llamó",1,0
"fines y paraderos son diferentes, porque el del vicio, dilatado y espacioso, acaba en muerte, y el de la virtud, angosto y trabajoso, acaba en vida, y no en vida que se acaba, sino en la que no tendrá fin; y sé, como dice el gran poeta castellano nuestro, que",1,0
¿Qué mejores,0,1
"necesario para alcanzar su ordinario sustento tomar otro trabajo que alzar la mano y alcanzarle de las robustas encinas, que liberalmente les estaban convidando con su dulce y sazonado fruto.",1,0
"respondió el dueño- que me tendré y estimaré en más de aquí adelante, y pensaré que sé alguna cosa, pues tengo alguna gracia, que puesto que pensara que rebuznaba bien, nunca entendí que llegaba al estremo que decís.» «También diré yo ahora respondió el segundo- que hay raras habilidades perdidas en el mundo y que son mal empleadas en aquellos que no saben aprovecharse dellas.» «Las nuestras",0,1
"He aquí las cinco caperuzas que este buen hombre me pide, y en Dios y en mi conciencia que no me ha quedado nada del paño, y yo daré la obra a vista de veedores del oficio.",0,0
"Tu vasalla soy, pero no tu esclava; ni tiene ni debe tener imperio la nobleza de tu sangre para deshonrar y tener en poco la humildad de la mía; y en tanto me estimo yo, villana y labradora, como tú, señor y caballero.",1,0
"¿Cómo tengo de caminar, desventurado yo",0,1
"Calla, digo, y no digas blasfemias contra aquella encantada señora, que de su desgracia y desventura yo solo tengo la culpa: de la invidia que me tienen los malos ha nacido su mala andanza.",0,0
¿No es mejor,0,1
"cual, apeándose con grande desenvoltura , se fue a hincar de rodillas ante las de don Quijote; y aunque él pugnaba por levantarla, ella, sin levantarse, le fabló en esta guisa:",1,0
"¿Qué les parece a vuestras mercedes, señores",0,1
"El bachiller fue por el escribano y de allí a poco volvió con él y con Sancho Panza; el cual Sancho, que ya sabía por nuevas del bachiller en qué estado estaba su señor, hallando a la ama y a la sobrina llorosas, comenzó a hacer pucheros y a derramar lágrimas.",0,0
Yo vos le otorgo y concedo,0,1
"Yo te aseguro, Sancho",0,1
"primera que viniere, si le trocara por él, aunque me diesen cuatro fanegas de cebada encima.",1,0
En fee de esa promesa,0,1
"Tomé Cecial se volvió y le dejó, y él quedó imaginando su venganza, y la historia vuelve a hablar dél a su tiempo, por no dejar de regocijarse ahora con don Quijote.",1,0
"Sancho le respondió que no era nada, sino que había dado una caída de una peña abajo, y que venía algo brumadas las costillas.",1,0
"Todo esto para los labradores era hablarles en griego o en jerigonza, pero no para los estudiantes, que luego entendieron la flaqueza del celebro de don Quijote, pero con todo eso le miraban con admiración y con respecto, y uno dellos le dijo:",1,0
"respondió Sancho-, porque, según opinión de discretos, la culpa del asno no se ha de echar a la albarda; y pues deste suceso vuestra merced tiene la culpa, castíguese a sí mesmo, y no revienten sus iras por las ya rotas y sangrientas armas, ni por las mansedumbres de Rocinante, ni por la blandura de mis pies, queriendo que caminen más de lo justo.",0,0
"Y entiende con todos tus cinco sentidos que todo cuanto yo he hecho, hago e hiciere va muy puesto en razón y muy conforme a las reglas de caballería, que las sé mejor que cuantos caballeros las profesaron en el mundo.",0,0
"dijo Sancho-, que se pueden presentar al papa en persona, especialmente una muchacha, a quien crío para condesa, si Dios fuere servido, aunque a pesar de su madre.",0,0
"Conocíle, admiréme y alegréme; él me miró a hurto de mi padre, de quien él siempre se esconde cuando atraviesa por delante de mí en los caminos y en las posadas do llegamos; y como yo sé quién es y considero que por amor de mí viene a pie y con tanto trabajo, muérome de pesadumbre, y adonde él pone los pies pongo yo los ojos.",1,0
"Por otra parte, mostraba señales de heridas que, aunque no se divisaban, nos hacía entender que eran arcabuzazos dados en diferentes rencuentros y faciones.",1,0
Pues ¿vale esta cañaheja diez escudos de oro?,0,0
"Porque veas, Sancho, el bien que en sí encierra la andante caballería y cuán a pique están los que en cualquiera ministerio della se ejercitan de venir brevemente a ser honrados y estimados del mundo, quiero que aquí a mi lado y en compañía desta buena gente te sientes, y que seas una mesma cosa conmigo, que soy tu amo y natural señor; que comas en mi plato y bebas por donde yo bebiere, porque de la caballería andante se puede decir lo mesmo que del amor se dice: que todas las cosas iguala.",0,0
"No era muy vieja, aunque mostraba pasar de los cuarenta, pero fuerte, tiesa, nervuda y avellanada; la cual viendo a su hija, y al paje a caballo, le dijo:",0,0
Lo que a mí en este más desplace es que pinta a don Quijote ya desenamorado de Dulcinea del Toboso.,0,0
"Autores hay que dicen que la primera aventura que le avino fue la del Puerto Lápice; otros dicen que la de los molinos de viento; pero lo que yo he podido averiguar en este caso, y lo que he hallado escrito en los anales de la Mancha es que él anduvo todo aquel día, y, al anochecer, su rocín y él se hallaron cansados y muertos de hambre, y que, mirando a todas partes por ver si descubriría algún castillo o alguna majada de pastores donde recogerse y adonde pudiese remediar su mucha hambre y necesidad, vio, no lejos del camino por donde iba, una venta, que fue como si viera una estrella que, no a los portales, sino a",1,0
"Y agora, en estos nuestros detestables siglos, no está segura ninguna, aunque la oculte y cierre otro nuevo laberinto como el de Creta; porque allí, por los resquicios o por el aire, con el celo de la maldita solicitud, se les entra la amorosa pestilencia y les hace dar con todo su recogimiento al traste.",1,0
"Finalmente, don Quijote se sosegó, y la comida se acabó, y en levantando los manteles llegaron cuatro doncellas, la una con una fuente de plata y la otra con un aguamanil asimismo de plata, y la otra con dos blanquísimas y riquísimas toallas al hombro, y la cuarta descubiertos los brazos hasta la mitad, y en sus blancas manos",1,0
"respondió Sancho-, porque no ha sino un mes que andamos buscando las aventuras, y hasta ahora no hemos topado con ninguna que lo sea; y tal vez hay que se busca una cosa y se halla otra.",0,0
"Desmentíla y enojóse; volvió por ella su primo, desafióme, y ya sabes lo que yo hice y él hizo.",1,0
"Ya os he dicho, hermano, que no me mentéis ni por pienso más eso de los batanes",0,1
a todos.,0,0
"Podré yo verme en la región de olvido, de vida y gloria y de favor desierto, y allí verse podrá en mi pecho abierto como tu hermoso rostro está esculpido.",1,0
"La fugitiva cabra, temerosa y despavorida, se vino a la gente, como a favorecerse della, y allí se detuvo.",0,0
"respondió la dueña- con este buen hombre, que me ha pedido encarecidamente que vaya a poner en la caballeriza a un asno suyo que está a la puerta del castillo, trayéndome por ejemplo que así lo hicieron no sé dónde, que unas damas curaron a un tal Lanzarote, y unas dueñas a su rocino, y, sobre todo, por buen término me ha llamado vieja.",0,0
Si yo hubiera servido a algún grande de España o algún principal personaje,0,1
"Y diciendo esto fue a tener el estribo a don Quijote, el cual se apeó con mucha dificultad y trabajo, como aquel que en todo aquel día no se había desayunado.",0,0
"Quisiéronle sacar el estoque, pero el cura, que estaba presente, fue de parecer que no se le sacasen antes de confesarle, porque el sacársele y el espirar sería todo a un tiempo.",1,0
"Las doncellas y la honestidad andaban, como tengo dicho, por dondequiera, sola y señera, sin temor que la ajena desenvoltura y lascivo intento le menoscabasen, y su perdición nacía de su gusto y propria voluntad.",1,0
"Todos estos coloquios pasaron entre amo y criado; y temiendo don Fernando y Cardenio que Sancho no viniese a caer del todo en la cuenta de su invención, a quien andaba ya muy en los alcances, determinaron de abreviar con la partida, y llamando aparte al ventero, le ordenaron que ensillase a Rocinante y enalbardase el jumento de Sancho, el cual lo hizo con mucha presteza.",0,0
"En fin, señor, lo que últimamente te digo es que, quieras o no quieras, yo soy tu esposa: testigos son tus palabras, que no han ni deben ser mentirosas, si ya es que te precias de aquello por que me desprecias; testigo será la firma que hiciste, y testigo el cielo, a quien tú llamaste por testigo de lo que me prometías.",1,0
"Estaba Sancho Panza colgado de sus palabras, sin hablar ninguna, y de cuando en cuando volvía la cabeza a ver si veía los caballeros y gigantes que su amo nombraba; y como no descubría a ninguno, le dijo:",1,0
"Una olla de algo más vaca que carnero, salpicón las más noches, duelos y quebrantos los sábados, lantejas los viernes, algún palomino de añadidura los domingos, consumían las tres partes de su hacienda.",1,0
"Lo que real y verdaderamente tengo son dos uñas de vaca que parecen manos de ternera, o dos manos de ternera que parecen uñas de vaca; están cocidas con sus garbanzos, cebollas y tocino, y la hora de ahora están diciendo: «¡Coméme!",0,0
"Estaba el rucio boca arriba, y Sancho Panza le acomodó de modo que le puso en pie, que apenas se podía tener; y sacando de las alforjas, que también habían corrido la mesma fortuna de la caída, un pedazo de pan, lo dio a su jumento, que no le supo mal, y díjole Sancho, como si lo entendiera:",1,0
"Llamó el maese de campo a don Quijote, que ya se había presentado en la plaza, y junto con Tosilos habló a las dueñas, preguntándoles si consentían que volviese por su derecho don Quijote de la Mancha.",1,0
"¿Quién la había de notar sino yo, pecador de mí?",0,1
"Encargó don Quijote al bachiller la tuviese secreta, especialmente al cura y a maese Nicolás, y a su sobrina y al ama, porque no estorbasen su honrada y valerosa determinación.",1,0
¿Cómo debe?,0,1
"Él, sin responder palabra, se quitó el cordel de la muñeca y, levantándose en pie, subió sobre Rocinante, embrazó su adarga, enristró su lanzón y, tomando buena parte del campo, volvió a medio galope, diciendo:",1,0
antigua y la más principal dueña de su madre.,1,0
"respondió don Quijote-, pero de aquí adelante yo procuraré haber a las manos alguna espada hecha por tal maestría, que al que la trujere consigo no le puedan hacer ningún género de encantamentos; y aun podría ser que me deparase la ventura aquella de Amadís, cuando se llamaba el Caballero de la Ardiente Espada, que fue una de las mejores espadas que tuvo caballero en el mundo, porque, fuera que tenía la virtud",0,0
¿Qué redoma y qué bálsamo es ese?,0,1
"No parece sino que ahora la veo, con aquella cara que del un cabo tenía el sol y del otro la luna; y, sobre todo, hacendosa y amiga de los pobres, por lo que creo que debe de estar su ánima a la hora de ahora gozando de Dios en el otro mundo.",0,0
Todos los presentes se rieron de la multitud de las caperuzas y del nuevo pleito.,0,0
"Apeáronse los de a caballo, y junto con los de a pie, tomando en peso y arrebatadamente a Sancho y a don Quijote, los entraron en el patio, alrededor del cual ardían casi cien hachas, puestas en sus blandones, y por los corredores del patio, más de quinientas luminarias; de modo que a pesar de la noche, que se mostraba algo escura, no se echaba de ver la falta del día.",1,0
"Pues en verdad que esta vez han dado salto en vago, que yo confío en el buen discurso de mi señor, que habrá considerado que ni yo tengo requesones, ni leche, ni otra cosa que lo valga, y que si la tuviera, antes la pusiera en mi estómago que en la celada.",1,0
"De ese Sancho tu escudero las entrañas sean tan tercas y tan duras, que no salga de su encanto Dulcinea.",1,0
"Y lo que le fatigaba mucho era no hallar por allí otro ermitaño que le confesase y con quien consolarse; y, así, se entretenía paseándose por el pradecillo, escribiendo y grabando por las cortezas de los árboles y por la menuda arena muchos versos, todos acomodados a su tristeza, y algunos en alabanza de Dulcinea.",0,0
"Que en mi tierra faldas y colas, colas y faldas, todo es uno.",0,0
¡Válame Dios!,0,1
"dijo Sancho-, vea el señor doctor de cuantos manjares hay en esta mesa cuál me hará más provecho y cuál menos daño, y déjeme comer dél sin que me le apalee; porque por",0,0
"No las tuvo todas consigo don Quijote, que",0,0
"Por ser todo lo que he contado tan averiguada verdad, me doy a entender que también lo es la que nuestro zagal dijo que se decía de la causa de la muerte de Grisóstomo.",1,0
"respondió Sancho-, que en el que yo vi a su grandeza no era sino casa muy pequeña?",0,0
"No me puedo persuadir que haya hoy en la tierra quien favorezca viudas, ampare doncellas, ni honre casadas, ni socorra huérfanos, y no lo creyera si en vuesa merced no lo hubiera visto con mis ojos.",0,0
"Suelen las fuerzas de amor sacar de quicio a las almas, tomando por instrumento la ociosidad descuidada.",0,0
No con menor lo cuento yo,0,1
"respondió don Quijote-, tiempos hay de burlar y tiempos donde caen y parecen mal las burlas.",0,0
"poeta Ludovico Ariosto; al cual, si aquí le hallo, y que habla en otra lengua que la suya, no le guardaré respeto alguno, pero, si habla en su idioma, le pondré sobre mi cabeza.",1,0
"Finalmente, el colmilludo jabalí quedó atravesado de las cuchillas de muchos venablos que se le pusieron delante; y volviendo la cabeza don Quijote a los gritos de Sancho, que ya por ellos le había conocido, viole pendiente de la encina y la cabeza abajo, y al rucio junto a él, que no le desamparó en su calamidad, y dice Cide Hamete que pocas veces vio a Sancho Panza sin ver al rucio, ni al rucio sin ver a Sancho: tal era la amistad y buena fe que entre los dos se guardaban.",1,0
"El calor, y el día que allí llegaron, era de los del mes de agosto, que por aquellas partes suele ser el ardor muy grande; la hora, las tres de la tarde; todo lo cual hacía al sitio más agradable, y que convidase a que en él esperasen la vuelta de Sancho, como lo hicieron.",1,0
"antes con gentil continente y con intrépido corazón los ha de acometer y embestir, y, si fuere posible, vencerlos y desbaratarlos en un pequeño instante, aunque viniesen armados de unas conchas de un cierto pescado que dicen que son más duras que si fuesen de diamantes, y en lugar de espadas trujesen cuchillos tajantes de damasquino acero, o porras ferradas con puntas asimismo de acero, como yo las he visto más de dos veces.",1,0
Esta es la historia que prometí contaros.,1,0
"Todo este largo preámbulo dijo don Quijote en tanto que los demás cenaban, olvidándose de llevar bocado a la boca, puesto que algunas veces le había dicho Sancho Panza que cenase, que después habría lugar para decir todo lo que quisiese.",1,0
Pues yo le tengo en italiano,0,1
"Desnúdese vuesa merced y vístase a sus solas y a su modo como y cuando quisiere, que no habrá quien lo impida, pues dentro de su aposento hallará los vasos necesarios al menester del que duerme a puerta cerrada, porque ninguna natural necesidad le obligue a que la abra.",1,0
¡Aun bien,0,1
"Hecho esto, sacó de la vaina un ancho y desmesurado alfanje, y asiéndome a mí por los cabellos, hizo finta de querer segarme la gola y cortarme cercen la cabeza.",1,0
"respondió Sancho-, si mal no me acuerdo, he suplicado a vuestra merced que no me emiende los vocablos, si es que entiende lo que quiero decir en ellos, y que cuando no los entienda, diga: «Sancho, o diablo, no te entiendo»; y si yo no me declarare, entonces podrá emendarme, que yo soy tan fócil...",0,0
"A este instante entraron en el juzgado dos hombres, el uno vestido de labrador y el otro de sastre, porque traía unas tijeras en la mano, y el sastre dijo:",1,0
"Quisiera el del Verde Gabán oponérsele, pero viose desigual en las armas y no le pareció cordura tomarse con un loco, que ya se lo había parecido de todo punto don Quijote; el cual, volviendo a dar priesa al leonero y a reiterar las amenazas, dio ocasión al hidalgo a que picase la yegua, y Sancho al rucio, y el carretero a sus mulas, procurando todos apartarse del carro lo más que pudiesen, antes que los leones se desembanastasen.",0,0
"Con todo eso, imaginó que algún sabio, o ya amigo o enemigo, por arte de encantamento las habrá dado a la estampa: si amigo, para engrandecerlas y levantarlas sobre las más señaladas de caballero andante; si enemigo, para aniquilarlas y ponerlas debajo de las más viles que de algún vil escudero se hubiesen escrito, puesto",1,0
"que, acabados los negocios a que venían a la corte, se volvían a sus casas y recogían las libreas que por sola ostentación habían dado.",1,0
Y ese don Quijote,0,1
"Al lado deste teatro, adonde se subía por algunas gradas, estaban otras dos sillas, sobre las cuales los que trujéronlos presos sentaron a don Quijote y a Sancho, todo esto callando y dándoles a entender con señales a los dos que asimismo callasen; pero sin que se lo señalaran callaran ellos, porque la admiración de lo que estaban mirando les tenía atadas las lenguas.",1,0
Paréceme a mí,0,1
"Levantaron la voz los de abajo, tanto, que pudo oír estas razones:",1,0
"Ya en este tiempo se había levantado Sancho Panza, algo maltratado de los mozos de los frailes, y había estado atento a la batalla de su señor don Quijote, y rogaba a Dios en su corazón fuese servido de darle vitoria y que en ella ganase alguna ínsula de donde le hiciese gobernador, como se lo había prometido.",1,0
"A un lado del patio estaba puesto un teatro, y en dos sillas sentados dos personajes, que por tener coronas en la cabeza y ceptros en las manos daban señales de ser algunos reyes, ya verdaderos o ya fingidos.",1,0
"Vosotros estáis ya en edad de tomar estado, o a lo menos de elegir ejercicio, tal que cuando mayores os honre y aproveche.",0,1
"desenvainaron casi otras tantas, y tomando la delantera a caballo don Quijote, con la lanza sobre el brazo y bien cubierto de su escudo, se hacía dar lugar de todos.",1,0
"Vida, por cierto, miserable y enfadosa.",1,0
Dios lo hará mejor,0,1
"Don Quijote se gallardeó en la silla, púsose bien en los estribos, acomodóse la visera, arremetió a Rocinante y con gentil denuedo fue a besar las manos a la duquesa; la cual, haciendo llamar al duque su marido, le contó, en tanto que don Quijote llegaba, toda la embajada suya, y los dos, por haber leído la primera parte desta historia y haber entendido por ella el disparatado humor de don Quijote, con grandísimo gusto y con deseo de conocerle le atendían, con prosupuesto de seguirle el humor y conceder con él en cuanto les dijese, tratándole como a caballero andante los días que con ellos se detuviese, con todas las ceremonias acostumbradas en los libros de caballerías, que ellos",0,0
"Don Quijote creyó sin duda que aquel era el marqués de Mantua, su tío, y, así, no le respondió otra cosa sino fue proseguir en su romance, donde le daba cuenta de su desgracia y de los amores del hijo del Emperante con su esposa, todo de la mesma manera que el romance lo canta.",0,0
"Calla, amigo",0,1
¡Y buena patria!,0,1
"Apeáronse y recogió Sancho su repostería en un aposento de quien el huésped le dio la llave, llevó las bestias a la caballeriza, echóles sus piensos, salió a ver lo que don Quijote, que estaba sentado sobre un poyo, le mandaba, dando particulares gracias al cielo de que a su amo no le hubiese parecido castillo aquella venta.",1,0
"Llegaron en esto los de a caballo y, arbolando las lanzas, sin hablar palabra alguna rodearon a don Quijote y se las pusieron a las espaldas y pechos, amenazándole de muerte.",0,0
"respondió Sancho- y vuestra merced quiere dar a cada paso en estos que no sé si los llame disparates, no hay sino obedecer y bajar la cabeza, atendiendo al refrán: «Haz lo que tu amo te manda, y siéntate con él a la mesa »; pero, con todo esto, por lo que toca al descargo de mi conciencia, quiero advertir a vuestra merced que a mí me parece que este tal barco no es de los encantados, sino de algunos pescadores deste río, porque en él se pescan las mejores sabogas del mundo.",0,0
"Admirada quedó Camila de la respuesta de Anselmo, que la puso en más confusión que primero, porque ni se atrevía a estar en su casa, ni menos irse a la de sus padres, porque en la quedada corría peligro su honestidad, y en la ida, iba contra el mandamiento de su esposo.",1,0
¿Cómo gente forzada?,0,1
"Mire vuestra merced, señor, lo que dice",0,1
Y tan entendido,0,1
"¿«Miente» delante de mí, ruin villano?",0,1
Falte lo que faltare,0,1
"Felicísimos y venturosos fueron los tiempos donde se echó al mundo el audacísimo caballero don Quijote de la Mancha, pues por haber tenido tan honrosa determinación como fue el querer resucitar y volver al mundo la ya perdida y casi muerta orden de la andante caballería gozamos ahora en esta nuestra edad, necesitada de alegres entretenimientos, no solo de la dulzura de su verdadera historia, sino de los cuentos y episodios della, que en parte no son menos agradables y artificiosos y verdaderos que la misma historia; la cual prosiguiendo su rastrillado, torcido y aspado hilo, cuenta que así como el cura comenzó a prevenirse para consolar a Cardenio, lo impidió una voz que llegó a sus oídos, que, con",1,0
"Cuenta, pues, la historia que, antes que a la casa de placer o castillo llegasen, se adelantó el duque y dio orden a todos sus criados del modo que habían de tratar a don Quijote; el cual como llegó con la duquesa a las puertas del castillo, al instante salieron dél dos lacayos o palafreneros vestidos hasta en pies de unas ropas que llaman de levantar, de finísimo raso carmesí, y cogiendo a don Quijote en brazos, sin ser oído ni visto, le dijeron:",1,0
Pues yo te aseguro,0,1
"Mirad, amigo Sancho",0,1
"Pues vuestra merced, señor mío, lo quiere así",0,1
duque que os he contado.,0,0
"Donde no, desde aquí juro por el santo más bendito de no salir destas sierras",1,0
"Leí la carta y enmudecí leyéndola, y más cuando oí que mi padre me decía: «De aquí a dos días te partirás, Cardenio, a hacer la voluntad del duque, y da gracias a Dios, que te va abriendo camino por donde alcances lo que yo sé que mereces».",0,0
"Pero haga el cielo lo que fuere servido, que tanto seré más estimado, si salgo con lo que pretendo, cuanto a mayores peligros me he puesto que se pusieron los caballeros andantes de los pasados siglos.",1,0
"Verdad es que yo soy algún tanto aficionado a la poesía y a leer los buenos poetas, pero no de manera que se me pueda dar el nombre de grande que mi padre dice.",0,0
"Mirad, discreto Basilio",0,1
"respondió don Quijote- los anales e historias de Ingalaterra, donde se tratan las famosas fazañas del rey Arturo, que continuamente en nuestro",0,0
Esa ciencia se llama astrología,0,1
"La justicia se estaba en sus proprios términos, sin que la osasen turbar ni ofender los del favor y los del interese, que tanto ahora la menoscaban, turban y persiguen.",1,0
"No hubo bien acabado el cura, cuando Sancho dijo:",1,0
Pues llevaos,0,1
"Bien parece la mesura en las fermosas, y es mucha sandez además la risa que de leve causa procede; pero non vos lo digo porque os acuitedes ni mostredes mal talante, que el mío non es de ál que de serviros.",0,0
"Llámase mi competidor Anselmo, y yo Eugenio, porque vais con noticia de los nombres de las personas que en esta tragedia se contienen, cuyo fin aún está pendiente, pero bien se deja entender que ha de ser desastrado. »En esta sazón vino a nuestro pueblo un Vicente de la Roca, hijo de un pobre labrador del mismo lugar, el cual Vicente venía de las Italias y de otras diversas partes de ser soldado.",0,1
"¡Ta, ta!",0,1
Ahí te envío un vestido verde de cazador que me dio mi señora la duquesa; acomódale en modo que sirva de saya y cuerpos a nuestra hija.,1,0
"Pero estáme atento y mira, que te quiero dar cuenta de los caballeros más principales que en estos dos ejércitos vienen.",0,0
"Llegué, vila y vencíla, y hícela estar queda y a raya, porque en más de una semana no soplaron sino vientos nortes.",0,0
"Olvidábaseme de decir como el tal mase Pedro traía cubierto el ojo izquierdo y casi medio carrillo con un parche de tafetán verde, señal que todo aquel lado debía de estar enfermo.",0,0
"Acudieron luego sus amigos a favorecerle, condolidos de su miseria y lastimosa desgracia; y dejando don Quijote a Rocinante, acudió a favorecerle y le tomó en sus brazos, y halló que aún no había espirado.",1,0
¿Qué ha de ser de nosotros?,0,0
"Entonces la hermosa Quiteria, sin responder palabra alguna, turbada, al parecer triste y pesarosa, llegó donde Basilio estaba ya los ojos vueltos, el aliento corto y apresurado, murmurando entre los dientes el nombre de Quiteria, dando muestras de morir como gentil, y no como cristiano.",0,0
"Y Vivaldo, que era persona muy discreta y de alegre condición, por pasar sin pesadumbre el poco camino que decían que les faltaba, al llegar a la sierra del entierro quiso darle ocasión a que pasase más adelante con sus disparates, y, así, le dijo:",1,0
"Eso no, marido mío",0,1
"manteles, y después de haberse entretenido un buen espacio con la sabrosa conversación de Sancho, a deshora se oyó el son tristísimo de un pífaro y el de un ronco y destemplado tambor.",1,0
los venideros hombres de sus virtudes.,0,0
"¡Qué poco sabes, Sancho",0,1
"Y en diciendo esto tocó el desaforado cuerno, y volvió las espaldas y fuese, sin esperar respuesta de ninguno.",1,0
"Los enlutados asimesmo, revueltos y envueltos en sus faldamentos y lobas, no se podían mover, así que muy a su salvo don Quijote los apaleó a todos y les hizo dejar el sitio mal de su grado, porque todos pensaron que aquel no era hombre, sino diablo del infierno, que les salía a quitar el cuerpo muerto que en la litera llevaban.",1,0
Mi nombre es don Álvaro Tarfe,0,1
"¿Es todo esto así, hermano?",0,1
"Lo que puedo dar os doy, que es una ínsula hecha y derecha, redonda y bien proporcionada y sobremanera fértil y abundosa, donde, si vos os sabéis dar maña, podéis con las riquezas de la tierra granjear las del cielo.",0,0
"ante Dorotea, la cual no le consintió que hablase palabra hasta que se levantase, y él, por obedecella, se puso en pie y le dijo:",1,0
"El primero que le habló fue don Quijote, diciéndole:",1,0
"Diéronle a don Quijote un vestido de monte, y a Sancho otro verde de finísimo paño, pero don Quijote no se le quiso poner, diciendo que otro día había de volver al duro ejercicio de las armas y que no podía llevar consigo guardarropas ni reposterías.",1,0
"Sí, que no fue disparate La ingratitud vengada, ni le tuvo La Numancia, ni se le halló en la del Mercader amante, ni menos en La enemiga favorable, ni en otras algunas que de algunos entendidos poetas han sido compuestas, para fama y renombre suyo y para ganancia de los que las han representado».",0,0
"respondió Sancho-, si también mi manteamiento fuera cosa dese jaez, mas no lo fue, sino real y verdaderamente; y vi yo que el ventero que aquí está hoy día tenía del un cabo de la manta y me empujaba hacia el cielo con mucho donaire y brío, y con tanta risa como fuerza; y donde interviene conocerse las personas, tengo para mí, aunque simple y pecador, que no hay encantamento alguno, sino mucho molimiento y mucha mala ventura.",0,0
"Por quien Dios es, Sancho",0,1
"respondió don Quijote-, no se estenderá el encantamento a quitar el conocimiento de Dulcinea a los vencidos y presentados gigantes y caballeros; y en uno o dos de los primeros que yo venza y le envíe haremos la experiencia si la ven o no, mandándoles que vuelvan a darme relación de lo que acerca desto les hubiere sucedido.",0,0
¡Los ojos de vuestros amigos y parientes os vean gozar en paz tranquila los días (que los de Néstor sean) que os quedan de la vida!,0,0
Ella no me preguntó nada,0,1
"Uno de los cuadrilleros, a quien fue hecha la pregunta, respondió ansí:",1,0
"daño amor, fortuna y el cielo.",1,0
Díjole el cura que los dijese.,0,0
"Ea, pues",0,1
dijo el duque.,0,0
"Pero, con todo eso, dieron los ojos al sueño, y al salir del alba siguieron su camino buscando las riberas del famoso Ebro, donde les sucedió lo que se contará en el capítulo venidero.",0,0
Y ¡cómo si llevaba azogue!,0,1
"Yo compraré algunas ovejas y todas las demás cosas que al pastoral ejercicio son necesarias, y llamándome yo «el pastor Quijótiz» y tú «el pastor Pancino», nos andaremos por los montes, por las selvas y por los prados, cantando aquí, endechando allí, bebiendo de los líquidos cristales de las fuentes, o ya de los limpios arroyuelos o de los caudalosos ríos.",0,0
"Dile también que de la amenaza que me hace que me ha de quitar la ganancia con su libro, no se me da un ardite, que, acomodándome al entremés famoso de La perendenga, le respondo que me viva el veinte y cuatro mi señor, y Cristo con todos.",1,0
"Pues sabed, hermana mía, que caballero aventurero es una cosa que en dos palabras se ve apaleado y emperador: hoy está la más desdichada criatura del mundo y la más menesterosa, y mañana tendría dos o tres coronas de reinos que dar a su escudero.",0,0
"dijo Leonela-, según estoy de turbada; déjame hasta mañana, que entonces sabrás de mí lo que te ha de admirar; y está seguro que el que saltó por esta ventana es un mancebo desta ciudad, que me ha dado la mano de ser mi esposo. »Sosegóse con esto Anselmo y quiso aguardar el término que se le pedía, porque no pensaba oír cosa que contra Camila fuese, por estar de su bondad tan satisfecho y seguro; y, así, se salió del",0,0
¿Qué diablos de venganza hemos de tomar,0,1
"Y, así, habiendo dado orden a sus criados de todo lo que habían de hacer, de allí a seis días le llevaron a caza de montería, con tanto aparato de monteros y cazadores como pudiera llevar un rey coronado.",1,0
"De tanta confusión no las arenas del padre Tajo oirán los tristes ecos, ni del famoso Betis las olivas, que allí se esparcirán mis duras penas en altos riscos y en profundos huecos, con muerta lengua y con palabras vivas, o ya en escuros valles o en esquivas playas, desnudas de contrato humano,",1,0
"Estaban acaso a la puerta dos mujeres mozas, destas que llaman del partido, las cuales iban a Sevilla con unos arrieros que en la venta aquella noche acertaron a hacer jornada; y como a nuestro aventurero todo cuanto pensaba, veía o imaginaba le parecía ser hecho y pasar al modo de lo que había leído, luego que vio la venta se le representó que era un castillo con sus cuatro torres y chapiteles de luciente plata, sin faltarle su puente levadiza y honda cava, con todos aquellos adherentes que semejantes castillos se pintan.",1,0
"preguntó don Quijote-, si no es puerto de mar?",0,0
"En lo de las armas blancas, pensaba limpiarlas de manera, en teniendo lugar, que lo fuesen más que un arminio; y con esto se quietó y prosiguió su camino, sin llevar otro que aquel que su caballo quería, creyendo que en aquello consistía la fuerza de las aventuras.",1,0
"El barbero, que a todo había estado suspenso y callado, hizo también su buena plática y se ofreció con no menos voluntad que el cura a todo aquello que fuese bueno para servirles.",1,0
replicó Sancho-.,0,0
"dijo el buen viejo-, y en verdad, señor, que en lo de hechicero que no tuve culpa; en lo de alcahuete, no lo pude negar, pero nunca pensé que hacía mal en ello, que toda mi intención era que todo el mundo se holgase y viviese en paz y quietud, sin pendencias ni penas; pero no me aprovechó nada este buen deseo para dejar de ir adonde no espero volver, según me cargan los años y un mal de orina que llevo, que no me deja reposar un rato.",0,0
"Miraba Sancho a don Quijote de hito en hito, en tanto que los tales vituperios le decía, y compungióse de manera que le vinieron las lágrimas a los ojos y con voz dolorida y enferma le dijo:",0,0
"Viendo esto el buen hombre, lo mejor que pudo le quitó el peto y espaldar, para ver si tenía alguna herida, pero no vio sangre ni señal alguna.",1,0
"de tres la cabeza del segundo arriero, porque se la abrió por cuatro.",1,0
"De los presentes no digo nada, que, por ser vuestra merced uno dellos, los tengo respeto, y porque sé que sabe vuesa merced un punto más que el diablo en cuanto habla y en cuanto piensa.",1,0
"Parecieron en esto, que por el patio venían, hasta seis dueñas en procesión una tras otra, las cuatro con antojos, y todas levantadas las manos derechas en alto, con cuatro dedos de muñecas de fuera, para hacer las manos más largas, como ahora se usa.",1,0
Debe de ser,0,1
"«Mirad lo que decís, licenciado, no os engañe el diablo",0,1
"aquí morirás, traidor, enemigo de doña Sancha.",1,0
"La del alba sería cuando don Quijote salió de la venta tan contento, tan gallardo, tan alborozado por verse ya armado caballero, que el gozo le reventaba por las cinchas del caballo.",1,0
"Pero, sobre todos, estaba bien con Reinaldos de Montalbán, y más cuando le veía salir de su castillo y robar cuantos topaba, y cuando en allende robó aquel ídolo de Mahoma que era todo de oro, según dice su historia.",1,0
"Oyendo lo cual Sancho, dijo:",0,0
"Que puesto que en los páramos desiertos los ecos roncos de mi mal inciertos suenen con tu rigor tan sin segundo, por privilegio de mis cortos hados, serán llevados por el ancho mundo.",1,0
"Mirad, caterva enamorada, que para sola Dulcinea soy de masa y de alfenique, y para todas las demás soy de pedernal; para ella soy miel, y para vosotras acíbar; para mí sola Dulcinea es la hermosa, la discreta, la honesta, la gallarda y la bien nacida, y las demás, las feas, las necias, las livianas y las de peor linaje; para ser yo suyo, y no de otra alguna, me arrojó la naturaleza al mundo.",1,0
"Y, así, determiné de ir al jardín y ver si podría hablarla; y, con ocasión de coger algunas yerbas, un día antes de mi partida fui allá, y la primera persona con quien encontré fue con su padre, el cual me dijo en lengua que en toda la Berbería y aun en Costantinopla se halla entre cautivos y moros, que ni es morisca ni castellana ni de otra nación alguna, sino una mezcla de todas las lenguas, con la cual todos nos entendemos, digo, pues, que en esta manera de lenguaje me preguntó que qué buscaba en aquel su jardín y de quién era.",1,0
"Apenas vio el ama que Sancho Panza se encerraba con su señor, cuando dio en la cuenta de sus tratos; y imaginando que de aquella consulta había de salir la resolución de su tercera salida, y tomando su manto, toda llena de congoja y pesadumbre se fue a buscar al bachiller Sansón Carrasco, pareciéndole que por ser bien hablado y amigo fresco de su señor le podría persuadir a que dejase tan desvariado propósito.",1,0
"Admiróle ver lanza arrimada al árbol, escudo en el suelo, y a don Quijote armado y pensativo, con la más triste y melancólica figura que pudiera formar la misma tristeza.",1,0
"Miró don Quijote a todas partes, y no vio persona alguna; y luego sin más ni más se apeó de Rocinante y mandó a Sancho que lo mesmo hiciese del rucio y que a entrambas bestias las atase muy bien juntas al tronco de un álamo o sauce que allí estaba.",1,0
"En esto hizo su operación el brebaje y comenzó el pobre escudero a desaguarse por entrambas canales, con tanta priesa, que la estera de enea sobre quien se había vuelto a echar, ni la manta de anjeo con que se cubría, fueron más de provecho.",0,0
preguntó el cura.,0,0
"En esto llegaron corriendo, con grita, lililíes y algazara, los de las libreas adonde don Quijote suspenso y atónito estaba, y uno dellos, que era el avisado de Roque, dijo en alta voz a don Quijote:",1,0
"No será en daño ni en mengua de los que decís, mi buen señor",0,1
"Decía él, y decía bien, que el casado a quien el cielo había concedido mujer hermosa tanto cuidado había de tener qué amigos llevaba a su casa como en mirar con qué amigas su mujer conversaba, porque lo que no se hace ni concierta en las plazas ni en los templos ni en las fiestas públicas ni estaciones (cosas que no todas veces las han de",1,0
"Si eso es así, no tengo yo que replicar",0,1
Sea en buen hora,0,1
"¡Afuera, malignos encantadores!",0,0
"Respondíle que era esclavo de Arnaute Mamí (y esto, porque sabía yo por muy cierto que era un grandísimo amigo suyo) y que buscaba de todas yerbas para hacer ensalada.",1,0
"Calle vuestra merced, señor compadre",0,1
¡Qué mal lo entiendes!,0,1
"Visita las cárceles, las carnicerías y las plazas, que la presencia del gobernador en lugares tales es de mucha importancia: consuela a los presos, que esperan la brevedad de su despacho; es coco a los carniceros, que por entonces igualan los pesos, y es espantajo a las placeras, por la misma razón.",1,0
"No comía don Quijote, de puro pesaroso, ni Sancho no osaba tocar a los manjares que delante tenía, de puro comedido, y esperaba a que su señor hiciese la salva; pero viendo que llevado de sus imaginaciones no se acordaba de llevar el pan a la boca, no abrió la suya y, atropellando por todo género de crianza, comenzó a embaular en el estómago el pan y queso que se le ofrecía.",1,0
"El traje, las barbas, la gordura ypequeñez del nuevo gobernador tenía admirada a toda la gente que el busilis del cuento no sabía, y aun a todos los que lo sabían, que eran muchos.",1,0
No es mi tristeza,0,1
"Así que, Sancho mío, volveos a vuestra casa y declarad a vuestra Teresa mi intención; y si ella gustare y vos gustáredes de estar a merced conmigo, bene quidem, y si no, tan amigos como de antes: que si al palomar no le falta cebo, no le faltarán palomas.",0,0
"Con esto le despedí y con esto me despido, ofreciendo a Vuestra Excelencia Los trabajos de Persiles y Sigismunda, libro a quien daré fin dentro de cuatro meses, Deo volente, el cual ha de ser o el más malo o el mejor que en nuestra lengua se haya compuesto, quiero decir de los de entretenimiento; y digo que me arrepiento de haber dicho el más malo, porque según la opinión de mis amigos ha de llegar al estremo de bondad posible.",1,0
"Y diciendo esto don Quijote, se apartó con Sancho en remota parte, de donde vino más aliviado y con más deseos de poner en obra lo que su escudero ordenase.",0,0
"Y no hubieron andado un cuarto de legua, cuando al cruzar de una senda vieron venir hacia ellos hasta seis pastores vestidos con pellicos negros y coronadas las cabezas con guirnaldas de ciprés y de amarga adelfa.",1,0
Llegó en esto la cadena de los galeotes y don Quijote con muy corteses razones pidió a los que iban en su guarda fuesen servidos de informalle y decille la causa o causas porque llevaban aquella gente de aquella manera.,0,0
¿Ahora que tengo de ir sentado en una tabla rasa quiere vuestra merced que me lastime las posas?,0,0
La mujer de don Antonio Moreno cuenta la historia que recibió grandísimo contento de ver a Ana Félix en su casa.,1,0
"No ha de ser así, porque los azotes que ha de recebir el buen Sancho han de ser por su voluntad, y no por fuerza, y en el tiempo que él quisiere, que no se le pone término señalado; pero permítesele que si él quisiere redemir su vejación por la mitad de este vapulamiento, puede dejar que se los dé ajena mano, aunque sea algo pesada.",0,0
dijo Sancho-.,0,0
"Mira, Teresa, siempre he oído decir a mis mayores que el que no sabe gozar de la ventura cuando le viene, que no se debe quejar si se le pasa; y no sería bien que ahora que está llamando a nuestra puerta se la cerremos: dejémonos llevar deste viento favorable que nos sopla.",0,0
"Y aunque algunas veces he procurado persuadir a los actores que se engañan en tener la opinión que tienen, y que más gente atraerán y más fama cobrarán representando comedias que sigan el arte que no con las disparatadas, ya están tan asidos y encorporados en su parecer, que no hay razón ni evidencia que dél los saque.",0,1
"respondió el ventero-, que ya llegan.",0,0
"respondió la amiga-, porque Altisidora es la doncella más sana de toda esta casa, y yo nunca la he sentido un ¡ay! en cuanto ha que la conozco: que mal hayan cuantos caballeros andantes hay en el mundo, si es que todos son desagradecidos.",0,0
Dice verdad el señor don Quijote de la Mancha,0,1
"En resolución, él tomó sus simples, de los cuales hizo un compuesto, mezclándolos todos y cociéndolos un buen espacio, hasta que le pareció que estaban en su punto.",0,0
Cuanto más que yo no debo de hacer al caso para el rapamiento destas barbas como lo soy para el desencanto de mi señora Dulcinea.,0,0
"Yo lo creo, Sancho",0,1
"cuando de Bretaña vino, que damas curaban dél, y dueñas del su rocino, y que en el particular de mi asno, que no le trocara yo con el rocín del señor Lanzarote.",1,0
"Estos dos príncipes, sin que los solicite adulación mía ni otro género de aplauso, por sola su bondad, han tomado a su cargo el hacerme merced y favorecerme, en lo que me tengo por más dichoso y más rico que si la fortuna por camino ordinario me hubiera puesto en su cumbre.",1,0
"Mas viniéndole a la memoria los consejos de su huésped cerca de las prevenciones tan necesarias que había de llevar consigo, especial la de los dineros y camisas, determinó volver a su casa y acomodarse de todo, y de un escudero, haciendo cuenta de recebir a un labrador vecino suyo que era pobre y con hijos, pero muy a propósito para el oficio escuderil de la caballería.",1,0
"¡Aquel portillo se guarde, aquella puerta se cierre, aquellas escalas se tranquen!",0,0
En casa por ahora,0,1
"Pero sea lo que fuere, que para mí que la conozco no hace al caso su trasmutación, que yo la aderezaré en el primer lugar donde haya herrero, y de suerte que no le haga ventaja, ni aun le llegue, la que hizo y forjó el dios de las herrerías para el dios de las batallas ; y en este entretanto la traeré como pudiere, que más vale algo que no nada, cuanto más que bien será bastante para defenderme de alguna pedrada.",0,0
"Pero pasa adelante: cuando le diste mi carta, ¿besóla?",0,0
"respondió Sancho-, que yo he visto a muchos tomar el apellido y alcurnia del lugar donde nacieron, llamándose Pedro de Alcalá, Juan de Úbeda y Diego de Valladolid, y esto mesmo se debe de usar allá en Guinea, tomar las reinas los nombres de sus reinos.",0,0
"dijo el barbero- es Amadís de Grecia, y aun todos los deste lado, a lo que creo, son del mesmo linaje de Amadís.",0,0
"Par Dios, señor",0,1
Así es la verdad,0,1
"dijo Sancho-, que ese escrúpulo viene con parto derecho; pero dígale vuesa merced que hable claro, o como quisiere, que yo conozco que dice verdad, que si yo fuera discreto, días ha que había de haber dejado a mi amo.",0,0
"No quiero alargarme más en esto, pues dello se puede colegir que cualquiera parte que se lea de cualquiera historia de caballero andante ha de causar gusto y maravilla a cualquiera que la leyere.",1,0
"Eso no haré yo, por cierto",0,1
"De allí a dos días trató el visorrey con don Antonio qué modo tendrían para que Ana Félix y su padre quedasen en España, pareciéndoles no ser de inconveniente alguno que quedasen en ella hija tan cristiana y padre, al parecer, tan bienintencionado.",1,0
"Volvióse por el castillo del duque y contóselo todo, con las condiciones de la batalla y que ya don Quijote volvía a cumplir, como buen caballero andante, la palabra de retirarse un año en su aldea, en el cual tiempo podía ser, dijo el bachiller, que sanase de su locura, que esta era la intención que le había movido a hacer aquellas transformaciones, por ser cosa de lástima que un hidalgo tan bien entendido como don Quijote fuese loco.",1,0
Y tú ¿qué le respondiste?,0,0
De muy buena gana,0,1
"Encomendadlo a Dios, Sancho",0,1
"Señor, yo soy hombre pacífico, manso, sosegado, y sé disimular cualquiera injuria , porque tengo mujer y hijos que sustentar y criar.",0,0
Desa suerte,0,1
No estoy para responder,0,1
Y por ventura,0,1
"Si muchos pensamientos fatigaban a don Quijote antes de ser derribado, muchos más le fatigaron después de caído.",1,0
"Las pastoras de quien hemos de ser amantes, como entre peras podremos escoger sus nombres; y pues el de mi señora cuadra así al de pastora como al de princesa, no hay para qué cansarme en buscar otro que mejor le venga; tú, Sancho, pondrás a la tuya el que quisieres.",0,0
"Engáñaste, Sancho",0,1
No sé qué mala ventura es esta mía,0,1
"No parecieron mal los sonetos, y el cautivo se alegró con las nuevas que de su camarada le dieron y, prosiguiendo su cuento, dijo:",1,0
"Con esto que dijo hizo que todos se acomodasen y le prestasen un grande silencio; y él, viendo que ya callaban y esperaban lo que decir quisiese, con voz agradable y reposada comenzó a decir desta manera:",1,0
"En mi vida le he hablado palabra y, con todo eso, le quiero de manera que no he de poder vivir sin él.",1,0
"Apeóse la duquesa, y, con un agudo venablo en las manos, se puso en un puesto por donde ella sabía que solían venir algunos jabalíes.",1,0
"Contó el ventero a todos cuantos estaban en la venta la locura de su huésped, la vela de las armas y la armazón de caballería que esperaba.",0,0
"No se hubo bien apartado, cuando volviendo en sí la desmayada Altisidora dijo a su compañera:",0,0
"Y no es de maravillar que no sepamos más de lo que habemos dicho, porque mi compañero y yo no ha más de dos días que los acompañamos; porque, habiéndolos encontrado en el camino, nos rogaron y persuadieron que viniésemos con ellos hasta el Andalucía, ofreciéndose a pagárnoslo muy bien.",0,0
Dios lo oiga,0,1
¡Pues ni él ni las armas,0,1
"En estremo se holgaron el duque y la duquesa de ver cuán bien iba respondiendo a su intención don Quijote, y a esta sazón dijo Sancho:",1,0
"¿Veis cuanto decís, marido?",0,1
"Al principio pensó que algún tercio de soldados pasaba por aquella parte, y por verlos picó a Rocinante y subió la loma arriba; y cuando estuvo en la cumbre, vio al pie della, a su parecer, más de docientos hombres armados de diferentes suertes de armas, como si dijésemos lanzones, ballestas, partesanas, alabardas y picas, y algunos arcabuces y muchas rodelas.",1,0
"Mal se te acuerdan a ti, ¡oh Sancho!, aquellos versos de nuestro poeta donde nos pinta las labores que hacían allá en sus moradas de cristal aquellas cuatro ninfas que del Tajo amado sacaron las cabezas y se sentaron a labrar en el prado verde aquellas ricas telasque allí el ingenioso poeta nos describe, que todas eran de oro, sirgo y perlas contestas y tejidas.",0,0
A lo cual replicó don Quijote:,1,0
Sentábase en un poyo que debajo de un gran álamo está en nuestra plaza y allí nos,0,1
No hacen,0,1
"En tanto que don Quijote se estuvo desarmando, tuvo lugar don Lorenzo, que así se llamaba el hijo de don Diego, de decir a su padre:",1,0
"La gente labradora, que de suyo es maliciosa y dándole el ocio lugar es la misma malicia, lo notó, y contó punto por punto sus galas y preseas, y halló que los vestidos eran tres, de diferentes colores, con sus ligas y medias, pero él hacía tantos guisados e invenciones dellas, que si no se los contaran hubiera quien jurara que había hecho muestra de más de diez pares de vestidos y de más de veinte plumajes.",0,1
"Con esto cobraba crédito inefable, y andábanse todos tras él.",1,0
"Mas no más justas de su duro seno habrán al claro cielo almas subido, ni aun él sostuvo cuerpos tan valientes.",1,0
Volvióse don Quijote a Sancho y díjole:,1,0
"Calla, te digo otra vez, Sancho",0,1
"Razón tienes, Sancho",0,1
¡Válame Dios,0,1
Eso fuera hacer milagros,0,1
"No me puedo detener, señor",0,1
"Pero uno de los que estaban junto a él, creyendo que hacía burla dellos, alzó un varapalo que en la mano tenía y diole tal golpe con él, que, sin ser poderoso a otra cosa, dio con Sancho Panza en el suelo.",1,0
"Era graduado en cánones por Osuna, pero aunque lo fuera por Salamanca, según opinión de muchos, no dejara de ser loco.",0,1
"El rucio está bueno y se te encomienda mucho, y no le pienso dejar aunque me llevaran a ser Gran Turco.",1,0
"Apeóse don Quijote y abrazólos estrechamente; y los mochachos, que son linces no escusados, divisaron la coroza del jumento y acudieron a verle, y decían unos a otros:",1,0
"Cerró tras sí la puerta, y a la luz de dos velas de cera se desnudó, y al descalzarse, ¡oh desgracia indigna de tal persona!, se le soltaron, no suspiros ni otra cosa que desacreditasen la limpieza de su policía, sino hasta dos docenas de puntos de una media, que quedó hecha celosía.",0,0
"Y siendo yo gobernador, que es más que ser alcalde, ¡llegaos, que la dejan ver!",0,0
"Finalmente, él se recostó pensativo y pesaroso, así de la falta que Sancho le hacía como de la inreparable desgracia de sus medias, a quien tomara los puntos aunque fuera con seda de otra color, que es una de las mayores señales de miseria que un hidalgo puede dar en el discurso de su prolija estrecheza.",1,0
"Causaba su tristeza el vencimiento, y la alegría, el considerar en la virtud de Sancho, como lo había mostrado en la resurreción de Altisidora, aunque con algún escrúpulo se persuadía a que la enamorada doncella fuese muerta de veras.",1,0
"Ahora es mi intención, Sancho, sacar el tesoro que dejé enterrado, que por estar fuera del pueblo lo podré hacer sin peligro, y escribir o pasar desde Valencia a mi hija y a mi mujer, que sé que están en Argel, y dar traza como traerlas a algún puerto de Francia y desde allí llevarlas a Alemania, donde esperaremos lo que Dios quisiere hacer de nosotros.",0,0
Tan estrecha bien podía ser,0,1
"Por cierto, hermano cabrero, que si yo me hallara posibilitado de poder comenzar alguna aventura, que luego luego me pusiera en camino porque vos la tuviérades buena, que yo sacara del monesterio (donde sin duda alguna debe de estar contra su voluntad) a Leandra, a pesar de la abadesa y de cuantos quisieran estorbarlo, y os la pusiera en vuestras manos, para que hiciérades della a toda vuestra voluntad y talante, guardando, pero, las leyes de la caballería, que mandan que a ninguna doncella se le sea fecho desaguisado alguno; aunque yo espero en Dios nuestro Señor que no ha de poder tanto la fuerza de un encantador malicioso, que no pueda más la de otro encantador mejor intencionado, y",0,0
"Dejo el bailar por tu causa, ni las músicas te pinto que has escuchado a deshoras y al canto del gallo primo.",1,0
"Mandó Sancho al secretario que la leyese para sí, y que si no viniese en ella alguna cosa digna de secreto, la leyese en voz alta.",0,0
"Si ya quisiera la suerte que los animales hablaran, como hablaban en tiempo de Guisopete, fuera menos mal, porque departiera yo con mi jumento lo que me viniera en gana y con esto pasara mi mala ventura; que es recia cosa, y que no se puede llevar en paciencia, andar buscando aventuras toda la vida, y no hallar sino coces y manteamientos, ladrillazos y puñadas, y, con todo esto, nos hemos de coser la boca, sin osar decir lo que el hombre tiene en su corazón, como si fuera mudo.",0,0
"Tu marido el gobernador Sancho Panza En acabando la duquesa de leer la carta, dijo a Sancho:",1,0
"Yo tendré lugar de contarte lo que me ha sucedido después que me partí de nuestro lugar, por obedecer el bando de Su Majestad, que con tanto rigor a los desdichados de mi nación amenazaba, según oíste.",0,0
"Vuestras mercedes, señores, se pongan en cobro antes que abra, que yo seguro estoy que no me han de hacer daño.",0,0
"Derrámasele al otro mendoza la sal encima de la mesa, y derrámasele a él la melancolía por el corazón, como si estuviese obligada la naturaleza a dar señales de las venideras desgracias con cosas tan de poco momento como las referidas.",0,0
"respondió el del Bosque- dicen que la codicia rompe el saco, y si va a tratar dellos, no hay otro mayor en el mundo que mi amo, porque es de aquellos que dicen: «Cuidados ajenos matan al asno»; pues porque cobre otro caballero el juicio que ha perdido se hace él loco y anda buscando lo que no sé si después de hallado le ha de salir a los hocicos.",0,0
Bien podrá ser eso,0,1
"Con esta sofistería padecía hambre Sancho, y tal, que en su secreto maldecía el gobierno, y aun a quien se le había dado; pero con su hambre y con su conserva se puso a juzgar aquel día, y lo primero que se le ofreció fue una pregunta que un forastero le hizo, estando presentes a todo el mayordomo y los demás acólitos, que fue:",1,0
Esos no son gobernadores de ínsulas,0,1
"Con estos y otros entretenidos razonamientos, salieron de la tienda al bosque, y en requerir algunas paranzas y puestos se les pasó el día y se les vino la noche, y no tan clara ni tan sesga como la sazón del tiempo pedía, que era en la mitad del verano; pero un cierto claroescuro que trujo consigo ayudó mucho a la intención de los duques, y así como comenzó a anochecer un poco más adelante del crepúsculo, a deshora pareció que todo el bosque por todas cuatro partes se ardía, y luego se oyeron por aquí y por allí, y por acá y por acullá, infinitas cornetas y otros instrumentos de guerra, como de muchas tropas de caballería que por",0,0
¿Con quien te da su pan te atreves?,0,0
"Lo que no he podido dejar de sentir es que me note de viejo y de manco, como si hubiera sido en mi mano haber detenido el tiempo, que no pasase por mí, o si mi manquedad hubiera nacido en alguna taberna, sino en la más alta ocasión que vieron los siglos pasados, los presentes, ni esperan ver los venideros.",1,0
"Cuenta la historia que cuando don Quijote daba voces a Sancho que le trujese el yelmo, estaba él comprando unos requesones que los pastores le vendían y, acosado de la mucha priesa de su amo, no supo qué hacer dellos, ni en qué traerlos, y por no perderlos, que ya los tenía pagados, acordó de echarlos en la celada de su señor, y con este buen recado volvió a ver lo que le quería; el cual, en llegando, le dijo:",1,0
"Estos pensamientos le hicieron titubear en su propósito; mas, pudiendo más su locura que otra razón alguna, propuso de hacerse armar caballero del primero que topase, a imitación de otros muchos que así lo hicieron, según él había leído en los libros que tal le tenían.",1,0
"Deste suceso se puede inferir que pues el gran don Quijote dice que vio allí a la mesma labradora que Sancho vio a la salida del Toboso, sin duda es Dulcinea, y que andan por aquí los encantadores muy listos y demasiadamente curiosos.",0,0
"respondió Sancho-, debe de haber más de veinte años, tres días más a menos .",0,0
Pero dime por tu vida: ¿has visto más valeroso caballero que yo en todo lo descubierto de la tierra?,0,0
"dijo don Quijote-, el cielo te ayude, y pégate, que yo me aparto.",0,0
"Y deste jaez otras coplitas y estrambotes, que cantados encantan y escritos suspenden.",1,0
"Admiráronse todos aquellos que la conocían, y más los duques que ninguno, que, puesto que la tenían por boba y de buena pasta, no por tanto que viniese a hacer locuras.",1,0
"respondió Anselmo-, y con esa confianza te hago saber, amigo Lotario, que el deseo que me fatiga es pensar si Camila, mi esposa, es tan buena y tan perfeta como yo pienso, y no puedo enterarme en esta verdad si no es probándola de manera que la prueba manifieste los quilates de su bondad, como el fuego muestra los del oro.",0,1
"Viendo, pues, que no parecía, dijo el regidor que le había visto al otro: «Mirad, compadre: una traza me ha venido al pensamiento, con la cual sin duda alguna podremos descubrir este animal, aunque esté metido en las entrañas de la tierra, no que del monte, y es que yo sé rebuznar maravillosamente, y si vos sabéis algún tanto, dad el hecho por concluido».",0,1
"Otro libro tengo, que le llamo Suplemento a Virgilio Polidoro, que trata de la invención de las cosas, que es de grande erudición y estudio, a causa que las cosas que se dejó de decir Polidoro de gran sustancia las averiguo yo y las declaro por gentil estilo.",1,0
"Calla, amigo Sancho",0,1
"Para ganar la voluntad del pueblo que gobiernas, entre otras has de hacer dos cosas: la una, ser bien criado con todos, aunque esto ya otra vez te lo he dicho; y la otra, procurar la abundancia de los mantenimientos, que no hay cosa que más fatigue el corazón de los pobres que la hambre y la carestía.",1,0
"respondió Sansón- en hallando que halle la historia, que él va buscando con extraordinarias diligencias, la dará luego a la estampa, llevado más del interés que de darla se le sigue que de otra alabanza alguna.",0,0
Cuando no lo fuera,0,1
"Quédese uno de nosotros a la puerta y entren los demás a buscarle; y aun sería bien que uno de nosotros rodease toda la venta, porque no se fuese por las bardas de los corrales.",0,0
alivio para poder llevar sus trabajos con prudencia y paciencia.,1,0
quedaré agraviado para siempre; y harta desventura ha sido topar con vos que vais buscando aventuras.,1,0
"dijo el eclesiástico- sois vos, hermano, aquel Sancho Panza que dicen, a quien vuestro amo tiene prometida una ínsula?",0,0
Don Quijote a grandes voces decía:,1,0
"Yo, Sancho, nací para vivir muriendo y tú para morir comiendo; y porque veas que te digo verdad en esto, considérame impreso en historias, famoso en las armas, comedido en mis acciones, respetado de príncipes, solicitado de doncellas: al cabo al cabo, cuando esperaba palmas, triunfos y coronas, granjeadas y merecidas por mis valerosas hazañas, me he visto esta mañana pisado y acoceado y molido de los pies de animales inmundos y soeces.",0,0
"Contó don Quijote por menudo todo el suceso del gobierno de Sancho, con que dio gran gusto a los oyentes.",0,0
Soy más que contento desa condición y convenencia,0,1
Eso juro yo bien,0,1
Levantaron una riquísima y blanca toalla con que estaban cubiertas las frutas y mucha diversidad de platos de diversos manjares.,1,0
Ni quito rey ni pongo rey,0,1
"Y pues estos lugares son tan acomodados para semejantes efectos, no hay para qué se deje pasar la ocasión, que ahora con tanta comodidad me ofrece sus guedejas.",1,0
De la misma manera que yo lo cuento,0,1
"¿Con qué palabras contaré esta tan espantosa hazaña, o con qué razones la haré creíble a los siglos venideros, o qué alabanzas habrá que no te convengan y cuadren, aunque sean hipérboles sobre todos los hipérboles?",0,0
"Ya le parecía hallarse en la cueva de Montesinos, ya ver brincar y subir sobre su pollina a la convertida en labradora Dulcinea, ya que le sonaban en los oídos las palabras del sabio Merlín que le referían las condiciones y diligencias que se habían de hacer y tener en el desencanto de Dulcinea.",1,0
"Calló Sancho, con temor que su amo no cumpliese el voto que le había echado, redondo como una bola.",1,0
"Admiró el suceso a toda el aldea y aun a todos los que dél noticia tuvieron; yo quedé suspenso, Anselmo atónito, el padre triste, sus parientes afrentados, solícita la justicia, los cuadrilleros listos; tomáronse los caminos, escudriñáronse los bosques y cuanto había, y al cabo de tres días hallaron a la antojadiza Leandra en una cueva de un monte, desnuda en camisa, sin muchos dineros y preciosísimas joyas que de su casa había sacado.",1,0
"Yo, señor, confieso que me los prestó, y baje vuestra merced esa vara; y pues él lo deja en mi juramento, yo juraré como se los he vuelto y pagado real y verdaderamente.",0,0
"Ama, lo que Dios responderá a tus quejas yo no lo sé, ni lo que ha de responder Su Majestad tampoco, y solo sé que si yo fuera rey me escusara de responder a tanta infinidad de memoriales impertinentes como cada día le dan, que uno de los mayores trabajos que los reyes tienen, entre otros muchos, es el estar obligados a escuchar a todos y a responder a todos; y, así, no querría yo que cosas mías le diesen pesadumbre.",0,0
"Venía sobre un asno pardo, como Sancho dijo, y esta fue la ocasión que a don Quijote le pareció caballo rucio rodado y caballero y yelmo de oro, que todas las cosas que veía con mucha facilidad las acomodaba a sus desvariadas caballerías y malandantes pensamientos.",1,0
"En las gargantas de los sus pies, que descubiertas, a su usanza, traía, traía dos carcajes (que así se llamaban las manillas o ajorcas de los pies en morisco) de purísimo oro, con tantos diamantes engastados que ella me dijo después que su padre los estimaba en diez mil doblas, y las que traía en las muñecas de las manos valían otro tanto.",1,0
"Este iba en hábito de estudiante, y dijo una de las guardas que era muy grande hablador y muy gentil latino.",0,0
"Deso es lo que yo reniego, señor Sansón",0,1
Erutar diré de aquí adelante,0,1
"Ella lo hizo así y mostró ser lo que jamás se pudiera pensar, porque descubrió el rostro de doña Rodríguez, la dueña de casa, y la otra enlutada era su hija, la burlada del hijo del labrador rico.",1,0
"Paróse colorada con las razones de Sancho Dorotea, porque era verdad que su esposo don Fernando, alguna vez, a hurto de otros ojos había cogido con los labios parte del premio que merecían sus deseos, lo cual había visto Sancho, y parecídole que aquella desenvoltura más era de dama cortesana que de reina de tan gran reino, y no pudo ni quiso responder palabra a Sancho, sino dejóle proseguir en su plática, y él fue diciendo:",1,0
"Por estas razones que dijo acabaron de enterarse los caminantes que era don Quijote falto de juicio y del género de locura que lo señoreaba, de lo cual recibieron la mesma admiración que recibían todos aquellos que de nuevo venían en conocimiento della.",1,0
"Loco soy, loco he de ser hasta tanto que tú vuelvas con la respuesta de una carta que contigo pienso enviar a mi señora Dulcinea; y si fuere tal cual a mi fe se le debe, acabarse ha mi sandez y mi penitencia; y si fuere al contrario, seré loco de veras y, siéndolo, no sentiré nada.",0,0
Que me maten,0,1
"Vuesa merced desembaúle su cuita, y cuéntenosla, y deje hacer, que todos nos entenderemos.",0,0
"Por esto determinaron de mostrarse; y al movimiento que hicieron de ponerse en pie, la hermosa moza alzó la cabeza y, apartándose los cabellos de delante de los ojos con entrambas manos, miró los que el ruido hacían, y apenas los hubo visto, cuando se levantó en pie y, sin aguardar a calzarse ni a recoger los cabellos, asió con mucha presteza un bulto, como de ropa, que junto a sí tenía, y quiso ponerse en huida, llena de turbación y sobresalto; mas no hubo dado seis pasos, cuando, no pudiendo sufrir los delicados pies la aspereza de las piedras, dio consigo en el suelo.",1,0
"En esto fueron razonando los dos, hasta que llegaron a un pueblo donde fue ventura hallar un algebrista, con quien se curó el Sansón desgraciado.",1,0
"respondió Sancho-, lo que tengo dicho: que de los azotes, abernuncio.",0,0
"Estaba Cardenio entonces en su entero juicio, libre de aquel furioso accidente que tan a menudo le sacaba de sí mismo; y, así, viendo a los dos en traje tan no usado de los que por aquellas soledades andaban, no dejó de admirarse algún tanto, y más cuando oyó que le habían hablado en su negocio, como en cosa sabida (porque las razones que el cura le dijo así lo dieron a entender); y, así, respondió desta manera:",1,0
Y hablador,0,1
respondió Sancho Panza.,0,0
"Don Quijote dijo que sí haría, y, así, le aderezaron uno razonable en el mismo camaranchón de marras, y él se acostó luego, porque venía muy quebrantado y falto de juicio.",1,0
"Despidiéronse de todos, y de la buena de Maritornes, que prometió de rezar un rosario, aunque pecadora, por que Dios les diese buen suceso en tan arduo y tan cristiano negocio como era el que habían emprendido.",1,0
"Duerme tú, Sancho",0,1
Dígame vuestra merced cuánto me dará por cada azote que me diere.,0,0
"Pues, desa manera",0,1
¿A qué llamas apear o a qué dormir?,0,1
"Y a fe que se dijo esto en más de un corrillo en el pueblo, en alabanza del buen sacerdote; que quiero que sepa, señor andante, que en estos lugares cortos de todo se trata y de todo se murmura, y tened para vos, como yo tengo para mí, que debía de ser demasiadamente bueno el clérigo que obliga a sus feligreses a que digan bien dél, especialmente en las aldeas.",1,0
"Y dando con la mano derecha dos golpes sobre el hombro izquierdo, en un brinco se le puso el mono en él, y llegando la boca al oído daba diente con diente muy apriesa; y habiendo hecho este ademán por espacio de un credo, de otro brinco se puso en el suelo, y al punto, con grandísima priesa, se fue maese Pedro a poner de rodillas ante don Quijote y, abrazándole las piernas, dijo:",1,0
"No sé yo el que tuvo Leandra, solo sé que el padre nos entretuvo a entrambos con la poca edad de su hija y con palabras generales, que ni le obligaban ni nos desobligaban tampoco.",0,1
"Bien puede eso ser así, y yo la tengo por buena usanza, pero eso debió de ser en los tiempos pasados, que ahora solo se debe de acostumbrar a dar un pedazo de pan y queso, que esto fue lo que me dio mi señora Dulcinea, por las bardas de un corral, cuando della me despedí; y aun, por más señas, era el queso ovejuno.",0,0
Sin duda,0,1
"Y en esto no hablemos más, que Sanchica ha de ser condesa, aunque tú más me digas.",1,0
Yo daré veinte de muy buena gana,0,1
No lo digo por tanto,0,1
"Llegado, pues, el temeroso día, y habiendo mandado el duque que delante de la plaza del castillo se hiciese un espacioso cadahalso donde estuviesen los jueces del campo y las dueñas, madre y hija, demandantes, había acudido de todos los lugares y aldeas circunvecinas infinita gente a ver la novedad de aquella batalla, que nunca otra tal no habían visto ni oído decir en aquella tierra los que vivían ni los que habían muerto.",1,0
No hay que proseguir,0,1
"Teneos, señores, teneos, que no es razón toméis venganza de los agravios que el amor nos hace, y advertid que el amor y la guerra son una misma cosa, y así como en la guerra es cosa lícita y acostumbrada usar de ardides y estratagemas para vencer al enemigo, así en las contiendas y competencias amorosas se tienen por buenos los embustes y marañas que se hacen para conseguir el fin que se desea, como no sean en menoscabo y deshonra de la cosa amada.",0,0
dijo Sancho- que vuestra merced nombró ahí hilo.,0,0
No será menester eso,0,1
"Aquí está un labrador negociante que quiere hablar a vuestra señoría en un negocio, según él dice, de mucha importancia.",0,0
"¡Pues no se piense, que por los huesos de mi padre y por el siglo de mi madre, si no me lo han de pagar un cuarto sobre otro, o no me llamaría yo como me llamo ni sería hija de quien soy!",0,0
"Y en diciendo esto, y encomendándose de todo corazón a su señora Dulcinea, pidiéndole que en tal trance le socorriese, bien cubierto de su rodela, con la lanza en el ristre, arremetió a todo el galope de Rocinante y embistió con el primero molino que estaba delante; y dándole una lanzada en el aspa, la volvió el viento con tanta furia, que hizo la lanza pedazos, llevándose tras sí al caballo y al caballero, que fue rodando muy maltrecho por el campo.",0,0
"Finalmente, aunque con este miedo y recelo, las escribió de la misma manera que él las hizo, sin añadir ni quitar a la historia un átomo de la verdad, sin dársele nada por objeciones que podían ponerle de mentiroso; y tuvo razón, porque la verdad adelgaza y no quiebra, y siempre anda sobre la mentira, como el aceite sobre el agua.",1,0
"Convidó el duque a don Quijote con la cabecera de la mesa, y aunque él lo rehusó, las importunaciones del duque fueron tantas, que la hubo de tomar.",1,0
"Mal me conoce vuestra merced, sí, que aún no estoy en edad tan prolongada, que me acoja a semejantes niñerías, pues, Dios loado, mi alma me tengo en las carnes, y todos mis dientes y muelas en la boca, amén de unos pocos que me han usurpado unos catarros, que en esta tierra de Aragón son tan ordinarios.",0,0
"En fin, una noche sintió Anselmo pasos en el aposento de Leonela, y, queriendo entrar a ver quién los daba, sintió que le detenían la puerta, cosa que le puso más voluntad de abrirla, y tanta fuerza hizo, que la abrió y entró dentro a tiempo que vio que un hombre saltaba por la ventana a la calle; y acudiendo con presteza a alcanzarle o conocerle, no pudo conseguir lo uno ni lo otro, porque Leonela se abrazó con él, diciéndole:»",0,0
"respondió don Quijote-, sino que tú debías de estar romadizado o te debiste de oler a ti mismo, porque yo sé bien a lo que huele aquella rosa entre espinas, aquel lirio del campo, aquel ámbar desleído.",0,0
"El ventero daba voces que le dejasen, porque ya les había dicho como era loco, y que por loco se libraría, aunque los matase a todos.",0,0
"¿Sabes de qué estoy maravillado, Sancho?",0,0
Quiero decir,0,1
"dijo a esta sazón don Quijote- merecía ese mancebo no solo casarse con la hermosa Quiteria, sino con la mesma reina Ginebra, si fuera hoy viva, a pesar de Lanzarote y de todos aquellos que estorbarlo quisieran.",0,0
"respondió Sancho- y querría que vuestra merced me dijese qué es la causa porque dicen los españoles cuando quieren dar alguna batalla, invocando aquel San Diego Matamoros: «¡Santiago, y cierra España!».",0,0
"respondió Sancho-, y más teniendo tan principal amo en vuestra merced, que me sabrá dar todo aquello que me esté bien y yo pueda llevar.",0,0
"Es, pues, el caso",0,1
"Mala me la dé Dios, Sancho",0,1
"Hízolo así don Quijote, pareciéndole que las razones de Sancho más eran de filósofo que de mentecato, y díjole:",0,0
"No tienen más que hacer sino tomar una gran piedra y atármela al cuello y dar conmigo en un pozo, de lo que a mí no pesaría mucho, si es que para curar los males ajenos tengo yo de ser la vaca de la boda.",0,0
"Solo sé que todos servían a merced, y que cuando menos se lo pensaban, si a sus señores les había corrido bien la suerte, se hallaban premiados con una ínsula o con otra cosa equivalente, y, por lo menos, quedaban con título y señoría.",0,0
"en rústica aldeana; condolíme, y encerrando mi espíritu en el hueco desta espantosa y fiera notomía, después de haber revuelto cien mil libros desta mi ciencia endemoniada y torpe, vengo a dar el remedio que conviene a tamaño dolor, a mal tamaño.",1,0
"¿Ahora te vas, cuando yo venía con intención firme y valedera de hacerte señor de la mejor ínsula del mundo?",0,0
"Estas dos señoras fueron desdichadísimas por no haber nacido en esta edad, y yo sobre todos desdichado en no haber nacido en la suya: encontrara a aquestos señores yo, y ni fuera abrasada Troya ni Cartago destruida, pues con solo que yo matara a Paris se escusaran tantas desgracias.",0,0
A mí no me falta nada deso,0,1
"Es tan verdad, señor",0,1
Y yo también,0,1
Si vuestra merced tuviera buena memoria,0,1
"Desta orden soy yo, hermanos cabreros, a quien agradezco el gasaje y buen acogimiento que hacéis a mí y a mi escudero.",1,0
"Entraron dentro todos, y la ama con ellos, y hallaron más de cien cuerpos de libros grandes, muy bien encuadernados, y otros pequeños; y, así como el ama los vio, volvióse a salir del aposento con gran priesa, y tornó luego con una escudilla de agua bendita y un hisopo, y dijo:",1,0
"Díjole también que en aquel su castillo no había capilla alguna donde poder velar las armas, porque estaba derribada para hacerla de nuevo, pero que en caso de necesidad él sabía que se podían velar dondequiera y que aquella noche las podría velar en un patio del castillo, que a la mañana, siendo Dios servido, se harían las debidas ceremonias de manera que él quedase armado caballero, y tan caballero, que no pudiese ser más en el mundo.",0,0
"respondió don Quijote-, apéate y desunce y haz lo que quisieres, que presto verás que trabajaste en vano y que pudieras ahorrar desta diligencia.",0,0
¿Y lleva vuesa merced alguna ventaja por ventura?,0,1
"Yo sigo otro camino más fácil, y a mi parecer el más acertado, que es decir mal de la ligereza de las mujeres, de su inconstancia, de su doble trato, de sus promesas muertas, de su fe rompida y, finalmente, del poco discurso que tienen en saber colocar sus pensamientos e intenciones que tienen.",1,0
"Mató las velas; hacía calor y no podía dormir; levantóse del lecho y abrió un poco la ventana de una reja que daba sobre un hermoso jardín, y al abrirla sintió y oyó que andaba y hablaba gente en el jardín.",1,0
"Vine, en fin, donde el duque Ricardo estaba.",1,0
"Dijo más el cura: que pues ya el buen suceso de la señora Dorotea impidía pasar con su disignio adelante, que era menester inventar y hallar otro para poderle llevar a su tierra.",0,0
Como me lo pregunta este señor,0,1
"¡Justicia, señor gobernador, justicia, y si no la hallo en la tierra, la iré a buscar al cielo!",0,1
No sé qué ciencia sea esa,0,1
"No, señor, ni por pienso, porque en viéndose solo me desuelle como a un San Bartolomé.",0,0
"Llevadme do quisiéredes, que yo no tendré otra voluntad que la vuestra, y más si la queréis ocupar en vuestro servicio.",0,0
"El mar alegre, la tierra jocunda, el aire claro, solo tal vez turbio del humo de la artillería, parece que iba infundiendo y engendrando gusto súbito en todas las gentes.",1,0
En cuidado me lo tengo,0,1
"Esta verdad se verificó en don Quijote, el cual, dando lugar a la furia del pueblo y a las malas intenciones de aquel indignado escuadrón, puso pies en polvorosa y, sin acordarse de Sancho ni del peligro en que le dejaba, se apartó tanto cuanto le pareció que bastaba para estar seguro.",1,0
"respondió Sancho-, y aquel escudero suyo que anda o debe de andar en la tal historia, a quien llaman Sancho Panza, soy yo, si no es que me trocaron en la cuna, quiero decir, que me trocaron en la estampa.",0,0
"Ahora bien, señora Rodríguez",0,1
"Es, pues, el caso que, como entre los amigos no hay cosa secreta que no se comunique y la privanza que yo tenía con don Fernando dejaba de serlo por ser amistad, todos sus pensamientos me declaraba, especialmente uno enamorado, que le traía con un poco de desasosiego.",1,0
respondió Sancho-; pero sabe Dios si yo me holgara que vuestra merced se quejara cuando alguna cosa le doliera.,0,0
"o Rocinante, que este es el nombre, señoras mías, de mi caballo, y don Quijote de la Mancha el mío; que, puesto que no quisiera descubrirme fasta que las fazañas fechas en vuestro servicio y pro me descubrieran, la fuerza de acomodar al propósito presente este romance viejo de Lanzarote ha sido causa que sepáis mi nombre antes de toda sazón; pero tiempo vendrá en que las vuestras señorías me manden y yo obedezca, y el valor de mi brazo descubra el deseo que tengo de serviros.",1,0
"No la pasó ansí Sancho Panza, que, como tenía el estómago lleno, y no de agua de chicoria, de un sueño se la llevó toda, y no fueran parte para despertarle, si su amo no lo llamara, los rayos del sol, que le daban en el rostro, ni el canto de las aves, que muchas y muy regocijadamente la venida del nuevo día saludaban.",1,0
"Venían las doce dueñas y la señora a paso de procesión, cubiertos los rostros con unos velos negros, y no trasparentes como el de Trifaldín, sino tan apretados, que ninguna cosa se traslucían.",1,0
"Lléguese, pues, a todo esto, el día y la hora de recebir el grado de su ejercicio: lléguese un día de batalla, que allí le pondrán la borla en la cabeza, hecha de hilas, para curarle algún balazo que quizá le habrá pasado las sienes o le dejará estropeado de brazo o pierna.",0,0
"Don Quijote que vio tan malparado a Sancho, arremetió al que le había dado, con la lanza sobre mano; pero fueron tantos los que se pusieron en medio, que no fue posible vengarle, antes, viendo que llovía sobre él un nublado de piedras y que le amenazaban mil encaradas ballestas y no menos cantidad de arcabuces, volvió las riendas a Rocinante, y a todo lo que su galope pudo se salió de entre ellos, encomendándose de todo corazón a Dios que de aquel peligro le librase, temiendo a cada paso no le entrase alguna bala por las espaldas y le saliese al pecho, y a cada punto recogía el aliento, por ver si le faltaba.",1,0
"los dos atentamente al suelo, se solían estar de aquella manera tres días, a lo menos todo el tiempo que les dejaban o no les compelía la hambre a buscar sustento.",1,0
Y don Quijote respondió:,0,0
Y ¿habéis oído nombrar a alguno dellos?,0,1
"respondió Dorotea-, si es que no os enfadan oír lástimas y desgracias.",0,0
"no estaban impedidos en negocios más importantes, quisiesen ser sus compañeros, que él compraría ovejas y ganado suficiente que les diese nombre de pastores; y que les hacía saber que lo más principal de aquel negocio estaba hecho, porque les tenía puestos los nombres, que les vendrían como de molde.",0,0
"Debió de morir, sin duda",0,1
"¡Pardiez que según diviso, que las patenas que había de traer son ricos corales, y la palmilla verde de Cuenca es terciopelo de treinta pelos!",0,0
Si yo la tuviera de agua,0,1
Lea más vuestra merced,0,1
"dijo don Quijote-, que estás en lo cierto y que habré de tomar tu consejo en cuanto el ir antes con la princesa que a ver a Dulcinea.",0,0
"Apeáronse don Quijote y Sancho y, dejando al jumento y a Rocinante a sus anchuras pacer de la mucha yerba que allí había, dieron saco a las alforjas y, sin cerimonia alguna, en buena paz y compañía, amo y mozo comieron lo que en ellas hallaron.",1,0
Sin duda que el pagano a cuya medida se forjó primero esta famosa celada debía de tener grandísima cabeza; y lo peor dello es que le falta la mitad.,0,0
«Y cuando así no sea,0,0
"Junto a él estaba Sancho Panza, que tenía del cabestro a su asno, a los pies del cual estaba otro rétulo que decía «Sancho Zancas», y debía de ser que tenía, a lo que mostraba la pintura, la barriga grande, el talle corto y las zancas largas, y por esto se le debió de poner nombre de «Panza» y de «Zancas», que con estos dos sobrenombres le llama algunas veces la historia.",0,0
Porque me han muerto,0,1
"¡Ah, pesia tal",0,1
Y esto lleva camino,0,1
"No des en eso, Altisidora amiga",0,1
"Acudió don Quijote luego al son de la lastimada voz y del golpe del riguroso azote, y, asiendo del torcido cabestro que le servía de corbacho a Sancho, le dijo:",0,0
La señora duquesa despachó un propio con tu vestido y otro presente a tu mujer Teresa Panza; por momentos esperamos respuesta.,1,0
"Tan de valientes corazones es, señor mío, tener sufrimiento en las desgracias como alegría en las prosperidades; y esto lo juzgo por mí mismo, que si cuando era gobernador estaba alegre, agora que soy escudero de a pie no estoy triste, porque he oído decir que esta que llaman por ahí Fortuna es una mujer borracha y antojadiza, y sobre todo ciega, y, así, no vee lo que hace, ni sabe a quién derriba ni a quién ensalza.",0,0
"Vamos, Sancho hijo",0,1
Ahora digo,0,1
Luego ¿conocístela tú?,0,1
"respondió el caballero-, voy a Granada, que es mi patria.",0,0
"El uno de los estudiantes traía, como en portamanteo , en un lienzo de bocací verde envuelto, al parecer, un poco de grana blanca y dos pares de medias de cordellate; el otro no traía otra cosa que dos espadas negras de esgrima, nuevas y con sus zapatillas.",1,0
Desa mesma manera le sé yo,0,1
"Cuando llegaron a él, acababa de cantar una que el primo tomó de memoria, que dicen que decía:",1,0
"Eran solteros, mozos de una misma edad y de unas mismas costumbres, todo lo cual era bastante causa a que los dos con recíproca amistad se correspondiesen.",1,0
"replicó don Quijote-, porque ni yo soy de mármol, ni vos de bronce, ni ahora son las diez del día, sino media noche, y aun un poco más, según imagino, y en una estancia más cerrada y secreta que lo debió de ser la cueva donde el traidor y atrevido Eneas gozó a la hermosa y piadosa Dido.",0,0
"En resolución, la ventera vistió al cura de modo que no había más que ver.",1,0
¿Y son grandes los leones?,0,1
"Acabaron de comer, cargaron con sus imágines y, despidiéndose de don Quijote, siguieron su viaje.",0,0
"añadió don Quijote- por la orden de caballería que recebí, aunque indigno y pecador, y por la profesión de caballero andante, que si en esto, señor, me complacéis, de serviros con las veras a que me obliga el ser quien soy, ora remediando vuestra desgracia, si tiene remedio, ora ayudándoos a llorarla, como os lo he prometido.",0,0
"Todos se abrazaron y quedaron de darse noticia de sus sucesos, diciendo don Fernando al cura dónde había de escribirle para avisarle en lo que paraba don Quijote, asegurándole que no habría cosa que más gusto le diese que saberlo, y que él asimesmo le avisaría de todo aquello que él viese que podría darle gusto, así de su casamiento como del bautismo de Zoraida y suceso de don Luis y vuelta de Luscinda a su casa.",0,0
"respondió Sancho-, que no estoy agora para mirar en sotilezas ni en letras más a menos, porque me tienen tan turbado estos azotes que me han de dar o me tengo de dar, que no sé lo que me digo ni lo que me hago.",0,0
"Sancho se puso a considerar un poco, y dijo:",0,0
"¿Que es posible que tanta gente honrada diga que esta no es bacía, sino yelmo?",0,0
"Resolvámonos, cuerpo de mí",0,1
"Viva el gran conde de Lemos, cuya cristiandad y liberalidad, bien conocida, contra todos los golpes de mi corta fortuna me tiene en pie, y vívame la suma caridad del ilustrísimo de Toledo, don Bernardo de Sandoval y Rojas, y siquiera no haya emprentas en el mundo, y siquiera se impriman contra mí más libros que tienen letras las coplas de Mingo Revulgo .",1,0
¿Qué descaecimiento es este?,0,0
"Para mí, señor castellano, cualquiera cosa basta, porque «mis arreos son las armas, mi descanso el pelear», etc.",0,0
"Y así, sin dar parte a persona alguna de su intención y sin que nadie le viese, una mañana, antes del día, que era uno de los calurosos del mes de julio, se armó de todas sus armas, subió sobre Rocinante, puesta su mal compuesta celada, embrazó su adarga, tomó su lanza y por la puerta falsa de un corral salió al campo, con grandísimo contento y alborozo de ver con cuánta facilidad había dado principio a su buen deseo.",1,0
"Seguía a los tres un personaje de cuerpo agigantado, amantado, no que vestido, con una negrísima loba, cuya falda era asimismo desaforada de grande.",1,0
"A obra de doce o catorce estados de la profundidad desta mazmorra, a la derecha mano, se hace una concavidad y espacio capaz de poder caber en ella un gran carro con sus mulas.",0,0
La verdad que os diga,0,1
¡Claro está,0,1
Lo que yo quiero decir,0,1
"Tentó asimismo con las manos por las paredes de la sima, por ver si sería posible salir della sin ayuda de nadie, pero todas las halló rasas y sin asidero alguno, de lo que Sancho se congojó mucho, especialmente cuando oyó que el rucio se quejaba tierna y dolorosamente; y no era mucho, ni se lamentaba de vicio, que a la verdad no estaba muy bien parado.",1,0
"Sepa, señor maese Nicolás (que este era el nombre del barbero), que muchas veces le aconteció a mi señor tío estarse leyendo en estos desalmados libros de desventuras dos días con sus noches, al cabo de los cuales arrojaba el libro de las manos, y ponía mano a la espada, y andaba a cuchilladas con las paredes; y cuando estaba muy cansado decía que había muerto a cuatro gigantes como cuatro torres, y el sudor que sudaba del cansancio decía que era sangre de las feridas que había recebido en la batalla, y bebíase luego un gran jarro de agua fría, y quedaba sano y sosegado, diciendo que aquella agua era una preciosísima bebida que le había traído el sabio",0,0
Esto digo yo también,0,1
"En las quiebras de las peñas y en lo hueco de los árboles formaban su república las solícitas y discretas abejas, ofreciendo a cualquiera mano, sin interés alguno, la fértil cosecha de su dulcísimo trabajo.",1,0
"Por Dios, que no dé la ventaja a nadie, ni aun a los mesmos asnos.» «Ahora lo veremos",0,1
"Causóme esto mucha pesadumbre, porque el gusto de haber leído tan poco se volvía en disgusto de pensar el mal camino que se ofrecía para hallar lo mucho que a mi parecer faltaba de tan sabroso cuento.",1,0
"Y fue que la noche cerró con alguna escuridad, pero, con todo esto, caminaban, creyendo Sancho que, pues aquel camino era real, a una o dos leguas, de buena razón hallaría en él alguna venta.",0,0
Don Quijote de la Mancha,0,1
"Entró Sancho, y el cura y el barbero se despidieron de don Quijote, de cuya salud desesperaron, viendo cuán puesto estaba en sus desvariados pensamientos y cuán embebido en la simplicidad de sus malandantes caballerías; y, así, dijo el cura al barbero:",0,0
"¡Par Dios que si el señor Merlín no ha hallado otra manera como desencantar a la señora Dulcinea del Toboso, encantada se podrá ir a la sepultura!",0,0
Es una ciencia,0,1
"Hechas, pues, de galope y aprisa las hasta allí nunca vistas ceremonias, no vio la hora don Quijote de verse a caballo y salir buscando las aventuras, y, ensillando luego a Rocinante, subió en él y, abrazando a su huésped, le dijo cosas tan estrañas, agradeciéndole la merced de haberle armado caballero, que no es posible acertar a referirlas.",1,0
Con todo eso,0,1
"Solamente hubo un daño en este negocio, que fue el de la desigualdad, por ser don Clavijo un caballero particular, y la infanta Antonomasia heredera, como ya he dicho, del reino.",1,0
"Súpose cierto que venía por general desta liga el serenísimo don Juan de Austria, hermano natural de nuestro buen rey don Felipe; divulgóse el grandísimo aparato de guerra que se hacía, todo lo cual me incitó y conmovió el ánimo y el deseo de verme en la jornada que se esperaba; y aunque tenía barruntos, y casi premisas ciertas, de que en la primera ocasión que se ofreciese sería promovido a capitán, lo quise dejar todo y venirme, como me vine a Italia, y quiso mi buena suerte que el señor don Juan de Austria acababa de llegar a Génova, que pasaba a Nápoles a juntarse con la armada de Venecia, como después lo hizo en Mecina.",1,0
"Sepa, señor, que no vale dos maravedís para reina; condesa le caerá mejor, y aun Dios y ayuda.",0,0
"Hacía el traidor que sus lágrimas acreditasen sus palabras, y los suspiros su intención.",1,0
¿Qué tienen que ver los escuderos con las aventuras de sus señores?,0,0
"Tráele amor al estricote, que es de muy mala ralea; y, así, hasta henchir un pipote, aquí lloró don Quijote ausencias de Dulcinea del Toboso.",1,0
"Este la maldice y la llama antojadiza, varia y deshonesta; aquel la condena por fácil y ligera; tal la absuelve y perdona, y tal la justicia y vitupera; uno celebra su hermosura, otro reniega de su condición, y, en fin, todos la deshonran y todos la adoran, y de todos se estiende a tanto la locura, que hay quien se queje de desdén sin haberla jamás hablado, y aun quien se lamente y sienta la rabiosa enfermedad de los celos, que ella jamás dio a nadie, porque, como ya tengo dicho, antes se supo su pecado que su deseo.",1,0
Verdad dices,0,1
Pues ¿qué eres?,0,1
"¡Castígame mi madre, y yo trómpogelas!",0,0
"A la entrada del cual, según dice Cide Hamete, vio don Quijote que en las eras del lugar estaban riñendo dos mochachos, y el uno dijo al otro:",1,0
"Y queriéndolo poner en efeto, hizo la mesma voz que no se moviesen, la cual llegó de nuevo a sus oídos, cantando este soneto: SONETO",1,0
"Y repitiéndole el nombre de podenco muchas veces, envió al loco hecho una alheña.",1,0
Pues otra mayor os amenaza,0,1
"Hay un refrán en nuestra España, a mi parecer muy verdadero, como todos lo son, por ser sentencias breves sacadas de la luenga y discreta experiencia; y el que yo digo dice: ""Iglesia o mar o casa real "", como si más claramente dijera: ""Quien quisiere valer y ser rico siga o la Iglesia o navegue, ejercitando el arte de la mercancía, o entre a servir a los reyes en sus casas""; porque dicen: ""Más vale migaja de rey que merced de señor "".",0,1
"Y volviendo a contar lo que hizo el de la Triste Figura después que se vio solo, dice la historia que así como don Quijote acabó de dar las tumbas o vueltas de medio abajo desnudo y de medio arriba vestido, y que vio que Sancho se había ido sin querer aguardar a ver más sandeces, se subió sobre una punta de una alta peña y allí tornó a pensar lo que otras muchas veces había pensado sin haberse jamás resuelto en ello, y era que cuál sería mejor y le estaría más a cuento: imitar a Roldán en las locuras desaforadas que hizo, o Amadís en las malencónicas; y hablando entre sí mesmo decía:",1,0
No oigo otra cosa,0,1
No sé nada,0,1
"Anda, hijo",0,1
Todo lo cual no,0,0
"Agradecióselo Sancho con tales palabras, que renovó la risa en todos.",1,0
"Llegóse en esto el día, dio el sol con sus rayos en los ojos a Sancho, despertó y esperezóse, sacudiéndose y estirándose los perezosos miembros; miró el destrozo que habían hecho los puercos en su repostería y maldijo la piara, y aun más adelante.",1,0
¿Quién duda de eso?,0,1
"Ella se lo prometió, y la otra le calzó la espuela, con la cual le pasó casi el mismo coloquio que con la de la espada.",1,0
"Venía sobre un poderoso caballo, vestida la acerada cota y con cuatro pistoletes (que en aquella tierra se llaman pedreñales a los lados.",1,0
"Uno de los de a pie, puesto un dedo en la boca en señal de que callase, asió del freno de Rocinante y le sacó del camino, y los demás de a pie, antecogiendo a Sancho y al rucio, guardando todos maravilloso silencio, siguieron los pasos del que llevaba a don Quijote, el cual dos o tres veces quiso preguntar adónde le llevaban o qué querían, pero apenas comenzaba a mover los labios, cuando se los iban a cerrar con los hierros de las lanzas; y a Sancho le acontecía lo mismo, porque apenas daba muestras de hablar, cuando uno de los de a pie con un aguijón le punzaba, y al rucio ni más ni menos, como si hablar",0,0
"La duquesa se lo dijo al duque y le pidió licencia para que ella y Altisidora viniesen a ver lo que aquella dueña quería con don Quijote; el duque se la dio, y las dos, con gran tiento y sosiego, paso ante paso llegaron a ponerse junto a la puerta del aposento, y tan cerca, que oían todo lo que dentro hablaban, y cuando oyó la duquesa que Rodríguez había echado en la calle el Aranjuez de sus fuentes, no lo pudo sufrir, ni menos Altisidora, y así, llenas de cólera y deseosas de venganza, entraron de golpe en el aposento y acrebillaron a don Quijote y vapularon a la dueña del modo que queda contado: porque las afrentas que",1,0
"¿Qué decís vos a esto, buen viejo del báculo?",0,1
"Díjole también que el que les había dado noticia de aquel caso se había errado en decir que dos regidores habían sido los que rebuznaron, pero que, según los versos del estandarte, no habían sido sino alcaldes.",1,0
"No os entiendo, marido",0,1
"Y queriendo leer otro papel de los que había reservado del fuego, lo estorbó una maravillosa visión",0,0
"Digo, en fin, que yo me hallé en aquella felicísima jornada, ya hecho capitán de infantería, a cuyo honroso cargo me subió mi buena suerte, más que mis merecimientos; y aquel día, que fue para la cristiandad tan dichoso, porque en él se desengañó el mundo y todas las naciones del error en que estaban creyendo que los turcos eran invencibles por la mar, en aquel día, digo, donde quedó el orgullo y soberbia otomana quebrantada, entre tantos venturosos como allí hubo (porque más ventura tuvieron los cristianos que allí murieron que los que vivos y vencedores quedaron), yo solo fui el desdichado; pues, en cambio de que pudiera esperar, si fuera en los romanos siglos, alguna naval corona, me",1,0
"Trujéronsele, y en viéndole Sancho le dijo:",0,0
"Yo pensaba en mi ánima que solo podía saber aquello que tocaba a sus caballerías, pero no hay cosa donde no pique y deje de meter su cucharada.",1,0
"La mejor salsa del mundo es la hambre; y como esta no falta a los pobres, siempre comen con gusto.",0,0
"No tengas pena, amigo",0,1
"suave y madura, y cerrarán tus ojos las tiernas y delicadas manos de tus terceros netezuelos.",0,0
Todos haremos lo mesmo,0,1
"Tras ellas venía la condesa Trifaldi, a quien traía de la mano el escudero Trifaldín de la Blanca Barba, vestida de finísima y negra bayeta por frisar, que a venir frisada descubriera cada grano del grandor de un garbanzo de los buenos de Martos.",1,0
"Con esta licencia, que don Quijote se tomara aunque no se la dieran, se llegó a la cadena y al primero le preguntó que por qué pecados iba de tan mala guisa.",1,0
"añadió la hija, toda llorosa y toda vergonzosa y de mal talante.",0,0
"Y en tanto que estaba en su menester, ¿qué coloquios pasó contigo?",0,0
"Diré que la enemiga siempre mía hermosa el alma como el cuerpo tiene, y que su olvido de mi culpa nace, y que, en fe de los males que nos hace, amor su imperio en justa paz mantiene.",1,0
No hay que llorar,0,1
"Ellas dijeron que sí y que todo lo que en aquel caso hiciese lo daban por bien hecho, por firme y por valedero.",1,0
"Calló en diciendo esto el cautivo, a quien don Fernando dijo:",1,0
"¿Que es posible que en cuanto ha que andas conmigo no has echado de ver que todas las cosas de los caballeros andantes parecen quimeras, necedades y desatinos, y que son todas hechas al revés?",0,0
"Y otra vez cantó: Ven, muerte, tan escondida, que no te sienta venir, porque el placer del morir no me torne a dar la vida.",1,0
"No respondió don Quijote palabra, ni los caballeros esperaron a que la respondiese, sino, volviéndose y revolviéndose con los demás que los seguían, comenzaron a hacer un revuelto caracol alderredor de don Quijote, el cual, volviéndose a Sancho, dijo:",1,0
"Y sepa que, aunque zafio y villano, todavía se me alcanza algo desto que llaman buen gobierno; así que no se arrepienta de haber tomado mi consejo, sino suba en Rocinante, si puede, o si no yo le ayudaré, y sígame; que el caletre me dice que hemos menester ahora más los pies que las manos.",0,0
"respondió don Quijote- que no estás cursado en esto de las aventuras: ellos son gigantes; y si tienes miedo quítate de ahí, y ponte en oración en el espacio que yo voy a entrar con ellos en fiera y desigual batalla.",0,0
"Dice, pues, la historia, que el paje era muy discreto y agudo, y con deseo de servir a sus señores partió de muy buena gana al lugar de Sancho, y antes de entrar en él vio en un arroyo estar lavando cantidad de mujeres, a quien preguntó si le sabrían decir si en aquel lugar vivía una mujer llamada Teresa Panza, mujer de un cierto Sancho Panza, escudero de un caballero llamado don Quijote de la Mancha; a cuya pregunta se levantó en pie una mozuela que estaba lavando y dijo:",1,0
"Ya en esto Sancho había aderezado y cinchado bien la silla a Rocinante; y subiendo en él don Quijote, y el duque en un hermoso caballo, pusieron a la duquesa en medio y encaminaron al castillo.",1,0
Llegóse a él el cuadrillero y díjole:,0,0
"Todas estas pláticas estaba escuchando muy atento don Quijote, y sentándose en el lecho como pudo, tomando de la mano a la ventera, le dijo:",0,0
"Hola, hermano correo",0,1
Veis también cómo los relinchos del caballo dan señales que va contento con la valiente y hermosa carga que lleva en su señor y en su señora.,0,0
"Acaeció, pues, que un día, estando en un terrado de nuestra prisión con otros tres compañeros, haciendo pruebas de saltar con las cadenas, por entretener el tiempo, estando solos, porque todos los demás ristianos habían salido a trabajar, alcé acaso los ojos y vi que por aquellas cerradas ventanillas que he dicho parecía una caña, y al remate della puesto un lienzo atado, y la caña se estaba blandeando y moviéndose, casi como si hiciera señas que llegásemos a tomarla.",1,0
"Por esta insignia sacó don Quijote que aquella gente debía de ser del pueblo del rebuzno, y así se lo dijo a Sancho, declarándole lo que en el estandarte venía escrito.",1,0
"quince días de gobernador me comiese las manos tras el oficio y supiese más dél que de la labor del campo, en que me he criado.",1,0
"dijo el cura-, que Dios será servido que la suerte se mude y que lo que hoy se pierde se gane mañana; y atienda vuestra merced a su salud por agora, que me parece que debe de estar demasiadamente cansado, si ya no es que está malferido.",0,0
Ahora bien,0,1
"Don Quijote dijo que Su Excelencia dispusiese las cosas de aquel negocio como más fuese servido, que él le obedecería en todo.",1,0
"Con esta relación y con lo que él había visto, se acabó de confirmar de que aquel era su hermano, que había seguido las letras, por consejo de su padre; y alborozado y contento, llamando aparte a don Fernando, a Cardenio y al cura, les contó lo que pasaba, certificándoles que aquel oidor era su hermano.",1,0
A lo que yo imagino,0,1
"Este soliloquio pasó consigo Sancho, y lo que sacó dél fue que volvió a decirse:",1,0
Acudimos luego con las manos a los rostros y hallámonos de la manera que ahora veréis.,1,0
"Y ha de ser condición de nuestra batalla que el vencido ha de quedar a la voluntad del vencedor, para que haga dél todo lo que quisiere, con tal que sea decente a caballero lo que se le ordenare.",0,0
Dios lo haga como puede,0,1
"No me porfíes, ¡oh Emerencia!, que cante, pues sabes que desde el punto que este forastero entró en este castillo y mis ojos le miraron, yo no sé cantar, sino llorar; cuanto más que el sueño de mi señora tiene más de ligero que de pesado, y no querría que nos hallase aquí por todo el tesoro del mundo; y puesto caso que durmiese y no despertase, en vano sería mi canto si duerme y no despierta para oírle este nuevo Eneas, que ha llegado a mis regiones para dejarme escarnida.",0,0
Y en esto se echará de ver que es antiguo el uso del almidón y de los cuellos abiertos.,1,0
"Con la ausencia de Leandra crecía nuestra tristeza, apocábase nuestra paciencia, maldecíamos las galas del soldado y abominábamos del poco recato del padre de Leandra.",1,0
"Digo, pues, que después de haber visitado el arriero a su recua y dádole el segundo pienso, se tendió en sus enjalmas y se dio a esperar a su puntualísima Maritornes.",1,0
"respondió el cabrero-; y es lo bueno que mandó en su testamento que le enterrasen en el campo, como si fuera moro, y que sea al pie de la peña donde está la fuente del alcornoque, porque, según es fama y él dicen que lo dijo, aquel lugar es adonde él la vio la vez primera.",0,0
Eso creo yo bien,0,1
"Abran vuestras mercedes al señor Valdovinos y al señor marqués de Mantua, que viene malferido, y al señor moro Abindarráez, que trae cautivo el valeroso Rodrigo de Narváez, alcaide de Antequera.",0,0
"Es aquí el lugar adonde el amador más leal de su señora se esconde, y ha venido a tanto mal sin saber cómo o por dónde.",1,0
"Dígame, señor bachiller",0,1
"Esperaos un poco, gente tan inconsiderada como presurosa.",0,0
Todo eso es verdad,0,1
Todo eso es cosa de risa,0,1
"Si me tuvieran por tonto los caballeros, los magníficos, los generosos, los altamente nacidos, tuviéralo por afrenta inreparable ; pero de que me tengan por sandio los estudiantes, que nunca entraron ni pisaron las sendas de la caballería, no se me da un ardite: caballero soy, y caballero he de morir, si place al Altísimo.",0,0
"Entró el correo sudando y asustado, y, sacando un pliego del seno, le puso en las manos del gobernador, y Sancho le puso en las del mayordomo, a quien mandó leyese el sobreescrito, que decía así: A don Sancho Panza, gobernador de la ínsula Barataria, en su propia mano o en las de su secretario.",1,0
"Lo cual oído por su amo, le respondió:",1,0
"Bien dices, Pedro",0,1
"Y, volviéndose a Sancho, le dijo:",0,0
La Dolorida respondió:,0,0
"Con esto, se fue don Lorenzo a entretener a don Quijote, como queda dicho, y entre otras pláticas que los dos pasaron dijo don Quijote a don Lorenzo:",0,0
"Oye a una triste doncella bien crecida y mal lograda, que en la luz de tus dos soles se siente abrasar el alma.",1,0
"Quedó pasmada Teresa, y su hija ni más ni menos, y la muchacha dijo:",0,0
"dijo Sancho-: yo soy un pobre escudero, y no puedo llevar a cuestas tantas cortesías; suba mi amo, tápenme estos ojos y encomiéndenme a Dios, y avísenme si cuando vamos por esas altanerías podré encomendarme a Nuestro Señor o invocar los ángeles que me favorezcan.",0,0
"No me da mucha pena el haberle perdido, que ya sabes tú, Sancho",0,1
"Más tardó en hablar don Quijote que en acabarse la cena, al fin de la cual uno de los cabreros dijo:",1,0
"Púsose a su lado en pie un personaje, que después mostró ser médico, con una varilla de ballena en la mano.",1,0
"Lo que has de hacer es apretar bien las cinchas a Rocinante y quedarte aquí, que yo daré la vuelta presto, o vivo o muerto.Viendo, pues, Sancho la última resolución de su amo y cuán poco valían con él sus lágrimas, consejos y ruegos, determinó de aprovecharse de su industria y hacerle esperar hasta el día, si pudiese; y así, cuando apretaba las cinchas al caballo, bonitamente y sin ser sentido ató con el cabestro de su asno ambos pies a Rocinante, de manera que cuando don Quijote se quiso partir no pudo, porque el caballo no se podía mover sino a saltos.",0,0
"aposento y dejó encerrada en él a Leonela, diciéndole que de allí no saldría hasta que le dijese lo que tenía que decirle.",1,0
"El licenciado le respondió que no tuviese pena, que ellos le sacarían de allí, mal que le pesase.",1,0
", como tus palabras no se encaminen a ponerme miedo: que si tú le tienes, haces como quien eres, y si yo no le tengo, hago como quien soy.",0,0
"Y esto que ahora le quiero decir llévelo en la memoria, que le será de mucho provecho y alivio en sus trabajos: y es que aparte la imaginación de los sucesos adversos que le podrán venir, que el peor de todos es la muerte, y como esta sea buena, el mejor de todos es el morir.",0,0
"Estando a la mesa, dijo don Antonio a Sancho:",1,0
"Venid acá, señor buen hombre",0,1
"Dios, por medio de unas calenturas pestilentes que le dieron",0,1
"Del cura no digo nada, pero yo apostaré que debe de tener sus puntas y collares de poeta; y que las tenga también maese Nicolás, no dudo en ello, porque todos o los más son guitarristas y copleros.",1,0
Muchas veces he dicho lo que vuelvo a decir ahora,0,1
No sé lo que me hiciera,0,1
"Y así, prosiguiendo su historia, dice que así como don Quijote se emboscó en la floresta, encinar o selva junto al gran Toboso, mandó a Sancho volver a la ciudad y que no volviese a su presencia sin haber primero hablado de su parte a su señora, pidiéndola fuese servida de dejarse ver de su cautivo caballero y se dignase de echarle su bendición, para que pudiese esperar por ella felicísimos sucesos de todos sus acometimientos y dificultosas empresas.",1,0
"Cardenio, como ya sabía la historia del",0,0
"De allí le ha sacado Malambruno con sus artes, y le tiene en su poder, y se sirve dél en sus viajes, que los hace por momentos por diversas partes del mundo, y hoy está aquí y mañana en Francia y otro día en Potosí; y es lo bueno que el tal caballo ni come ni duerme ni gasta herraduras, y lleva un portante por los aires sin tener alas, que el que lleva encima puede llevar una taza llena de agua en la mano sin que se le derrame gota, según camina llano y reposado, por lo cual la linda Magalona se holgaba mucho de andar caballera en él.",1,0
"No, no, señor",0,1
Ya lo veo,0,1
"Llegaron, pues, a ella, y, asiéndola por la mano, el cura prosiguió diciendo:",0,0
"Parecióles bien lo que Sancho Panza decía, y, así, determinaron de aguardarle hasta que volviese con las nuevas del hallazgo de su amo.",1,0
Así sería,0,1
aun en la sepultura no estés triste.,1,0
dijo don Quijote- que tienes el más corto entendimiento que tiene ni tuvo escudero en el mundo.,0,0
Eso haré yo de muy buena gana,0,1
"Y sus males, ¿quién los cura?",0,0
"Estando en esto, llegó acaso a la venta un castrador de puercos, y así como llegó, sonó su silbato de cañas cuatro o cinco veces, con lo cual acabó de confirmar don Quijote que estaba en algún famoso castillo y que le servían con música y que el abadejo eran truchas, el pan candeal y las rameras damas y el ventero castellano del castillo, y con esto daba por bien empleada su determinación y salida.",0,0
En la manta no hice yo cabriolas,0,1
"Y fue que en saliendo al camino real se puso en busca del del Toboso, y",1,0
"Uno de los de a caballo, hablando con su compañero, le dijo:",1,0
"Parecióme cosa imposible y fuera de toda buena costumbre que a tan buen caballero le hubiese faltado algún sabio que tomara a cargo el escrebir sus nunca vistas hazañas, cosa que no faltó a ninguno de los caballeros andantes,",1,0
"respondió el duque- que vuesa merced se ponga en trabajo de buscar al rústico de quien esta buena dueña se queja, ni es menester tampoco que vuesa merced me pida a mí licencia para desafiarle, que yo le doy por desafiado y tomo a mi cargo de hacerle saber este desafío y que le acete y venga a responder por sí a este mi castillo, donde a entrambos daré campo seguro, guardando todas las condiciones que en tales actos suelen y deben guardarse, guardando igualmente su justicia a cada uno, como están obligados a guardarla todos aquellos príncipes que dan campo franco a los que se combaten en los términos de sus señoríos.",0,0
"Mandó echar el esquife para traerle y mandó amainar la entena para ahorcar luego luego al arráez y a los demás turcos que en el bajel había cogido, que serían hasta treinta y seis personas, todos gallardos, y los más, escopeteros turcos.",1,0
Decidme ahora si queréis seguir mi parecer y consejo en lo que os he propuesto».,0,1
"Bien es verdad que el Anselmo era algo más inclinado a los pasatiempos amorosos que el Lotario, al cual llevaban tras sí los de la caza; pero, cuando se ofrecía, dejaba Anselmo de acudir a sus gustos, por seguir los de Lotario, y Lotario dejaba los suyos, por acudir a los de Anselmo, y desta manera andaban tan a una sus voluntades, que no había concertado reloj que así lo anduviese.",1,0
"respondió don Quijote- ni es imposible ni disparatado, sino el más fácil, el más justo y el más mañero y breve que puede caber en pensamiento de arbitrante alguno.",0,0
"estas calles o callejuelas que se me ofrecen: podría ser que en algún rincón topase con ese alcázar, que le vea yo comido de perros, que así nos trae corridos y asendereados.",1,0
"respondió el hallador- le vi esta mañana, sin albarda y sin aparejo alguno, y tan flaco, que era una compasión miralle.",0,1
"Ahora, señor",0,1
"Eso me parece, Sancho",0,1
"Escucha, pues, y presta atento oído, no al concertado son, sino al ruïdo que de lo hondo de mi amargo pecho, llevado de un forzoso desvarío, por gusto mío sale y tu despecho.",1,0
"Hemos estado en la cueva de Montesinos, y el sabio Merlín ha echado mano de mí para el desencanto de Dulcinea del Toboso, que por allá se llama Aldonza Lorenzo: con tres mil y trecientos azotes, menos cinco, que me he de dar, quedará desencantada como la madre que la parió.",1,0
"dijo el cura- que estos dos, el de Don Cirongilio y el de Felixmarte.",0,0
"¿Por qué huías, hombre?",0,1
"Hecho esto, antes que entrase en el lugar donde entraba con su retablo y mono, se informaba en el lugar más cercano, o de quien él mejor podía, qué cosas particulares hubiesen sucedido en el tal lugar, y a qué personas; y llevándolas bien en la memoria, lo primero que hacía era mostrar su retablo, el cual unas veces era de una historia y otras de otra, pero todas alegres y regocijadas y conocidas.",1,0
"Cardenio y Dorotea se lo agradecieron, y acetaron la merced que se les ofrecía.",1,0
"Este es un famoso titerero, que ha muchos días que anda por esta Mancha de Aragón enseñando un retablo de la libertad de Melisendra, dada por el famoso don Gaiferos, que es una de las mejores y más bien representadas historias que de muchos años a esta parte en este reino se han visto.",0,0
"Pero por parecerle no convenirle ni estarle bien comenzar nueva empresa hasta poner a Micomicona en su reino, hubo de callar y estarse quedo, esperando a ver en qué paraban las diligencias de aquellos caminantes, uno de los cuales halló al mancebo que buscaba durmiendo al lado de un mozo de mulas, bien descuidado de que nadie ni le buscase, ni menos de que le hallase.",0,0
"Si una vez lo probáis, Sancho",0,1
"Por donde conjeturo que el tesoro de la fermosura desta doncella le debe de guardar algún encantado moro, y no debe de ser para mí.",0,0
"Y así lo hizo, ahechándole la cebada y limpiando el pesebre, humildad que obligó al hombre a contarle con buena voluntad lo que le pedía; y sentándose en un poyo, y don Quijote junto a él, teniendo por senado y auditorio al primo, al paje, a Sancho Panza y al ventero, comenzó a decir desta manera:",0,0
"Mejor estaba con Bernardo del Carpio, porque en Roncesvalles había muerto a Roldán, el encantado, valiéndose de la industria de Hércules, cuando ahogó a Anteo, el hijo de la Tierra, entre los brazos.",1,0
Con la grama bien me avendría yo,0,1
"dijo don Quijote- no sé si soy bueno, pero sé decir que no soy el malo.",0,0
"Ante estos pies y piernas me arrojo, ¡oh caballero invicto!, por ser los que son basas y colunas de la andante caballería: estos pies quiero besar, de cuyos pasos pende y cuelga todo el remedio de mi desgracia, ¡oh valeroso andante, cuyas verdaderas fazañas dejan atrás y escurecen las fabulosas de los Amadises, Esplandianes y Belianises!",0,0
"Con esto se escapan de aquel primer ímpetu y se reconcilian con la Iglesia, sin que se les haga daño; y cuando veen la suya, se vuelven a Berbería a ser lo que antes eran.",1,0
"Levantaron a don Quijote, descubriéronle el rostro y halláronle sin color y trasudando.",0,0
"No soy verde, sino moreno",0,1
"Esta, pues, le pareció a él que le venía de molde para el paso en que se hallaba, y así, con muestras de grande sentimiento, se comenzó a volcar por la tierra y a decir con debilitado aliento lo mesmo que dicen decía el herido caballero del bosque:",1,0
Yo lo haré así,0,1
"Mira lo que haces, y no las toques, si no quieres dejar la vida en pago de tu atrevimiento.",0,0
"que tal parecía ella- que improvisamente se les ofreció a los ojos; y fue que por cima de la peña donde se cavaba la sepultura pareció la pastora Marcela, tan hermosa, que pasaba a su fama su hermosura.",0,0
"Tomóle la mano el canónigo, aunque las tenía atadas, y debajo de su buena fe y palabra le desenjaularon, de que él se alegró infinito y en grande manera de verse fuera de la jaula; y lo primero que hizo fue estirarse todo el cuerpo y luego se fue donde estaba Rocinante y, dándole dos palmadas en las ancas, dijo:",0,0
¿Nosotros barberos ni estropajos?,0,0
"Quedamos todos confusos y alegres con lo sucedido, y como ninguno de nosotros no entendía el arábigo, era grande el deseo que teníamos de entender lo que el papel contenía, y mayor la dificultad de buscar quien lo leyese.",1,0
"Y, luego, puesta la mano en las narices, comenzó a rebuznar tan reciamente, que todos los cercanos valles retumbaron.",1,0
"Si mis heridas no resplandecen en los ojos de quien las mira, son estimadas a lo menos en la estimación de los que saben dónde se cobraron: que el soldado más bien parece muerto en la batalla que libre en la fuga, y es esto en mí de manera, que si ahora me propusieran y facilitaran un imposible, quisiera antes haberme hallado en aquella facción prodigiosa que sano ahora de mis heridas sin haberme hallado en ella.",1,0
"conocía muy bien, y aun quieren decir que era algo pariente suyo.",1,0
"Y deste y de aquel, y de aquellos y de estos, libre y desenfadadamente triunfa la hermosa Marcela, y todos los que la conocemos estamos esperando en qué ha de parar su altivez y quién ha de ser el dichoso que ha de venir a domeñar condición tan terrible y gozar de hermosura tan estremada.",1,0
"Y a no estar avisada Camila de Lotario de que eran fingidos aquellos amores de Clori, y que él se lo había dicho a Anselmo por poder ocuparse algunos ratos en las mismas alabanzas de Camila, ella sin duda cayera en la desesperada red de los celos; mas, por estar ya advertida, pasó aquel sobresalto sin pesadumbre.",0,0
Yo soy tan venturoso,0,1
dijo el loco-.,0,0
"Si nudo gordiano cortó el Magno Alejandro, diciendo «Tanto monta cortar como desatar», y no por eso dejó de ser universal señor de toda la Asia, ni más ni menos podría suceder ahora en el desencanto de Dulcinea, si yo azotase a Sancho a pesar suyo; que si la condición deste remedio está en que Sancho reciba los tres mil y tantos azotes, ¿qué se me da a mí que se los dé él o que se los dé otro, pues la sustancia está en que él los reciba, lleguen por do llegaren?",0,0
No hay para qué desnudarse,0,1
"Querría, si fuese posible",0,1
"Oyó Sancho la carta con mucha atención, y fue celebrada y tenida por discreta de los que la oyeron, y luego Sancho se levantó de la mesa y, llamando al secretario, se encerró con él en su estancia, y sin dilatarlo más quiso responder luego a su señor don Quijote y dijo al secretario que, sin añadir ni quitar cosa alguna, fuese escribiendo lo que él le dijese, y así lo hizo; y la carta de la respuesta fue del tenor siguiente:",1,0
"¿Hay otra cosa que enmendar en esa leyenda, señor bachiller?",0,1
"El decir esto y el tenderse en el suelo todo fue a un mesmo tiempo, y al arrojarse hicieron ruido las armas de que venía armado, manifiesta señal por donde conoció don Quijote que debía de ser caballero andante; y llegándose a Sancho, que dormía, le trabó del brazo, y con no pequeño trabajo le volvió en su acuerdo y con voz baja le dijo:",0,0
"Que ahora volváis sobre Clavileño con la brevedad que su ligereza promete, ora la contraria fortuna os traiga y vuelva a pie, hecho romero, de mesón en mesón y de venta en venta, siempre que volviéredes hallaréis vuestra ínsula donde la dejáis, y a vuestros insulanos con el mesmo deseo de recebiros por su gobernador que siempre han tenido, y mi voluntad será la mesma; y no pongáis duda en esta verdad, señor Sancho, que sería hacer notorio agravio al deseo que de serviros tengo.",1,0
"lo que yo pensaba pedirle, porque ya le juzgaba por vencido, era que se volviese a su lugar y que no saliese dél en todo un año, en el cual tiempo podría ser curado.",0,0
¿No vees tú que aplicando aquella palabra a mi intención quiere significar que no tengo de ver más a Dulcinea?,0,0
"Y la orden que llevaban era esta: iba primero el carro, guiándole su dueño; a los dos lados iban los cuadrilleros, como se ha dicho, con sus escopetas; seguía luego Sancho Panza sobre su asno, llevando de rienda a Rocinante.",0,0
"También yo lo escucho, y en verdad que aunque no lo entiendo, que recibo gusto en oíllo; pero no gusto yo de los golpes de que mi padre gusta, sino de las lamentaciones que los caballeros hacen cuando están ausentes de sus señoras, que en verdad que algunas veces me hacen llorar, de compasión que les tengo.",0,0
"Andaba Sancho buscando la cabeza del gigante por todo el suelo y, como no la hallaba, dijo:",1,0
"Esto todo será que yo prosiga mi viaje no con aquel contento con que le comencé, sino con toda melancolía y tristeza.",0,0
Y es de saber,0,0
"Quiere hacer uno un viaje largo, y si es prudente, antes de ponerse en camino busca alguna compañía segura y apacible con quien acompañarse; pues ¿por qué no hará lo mesmo el que ha de caminar toda la vida, hasta el paradero de la muerte, y más si la compañía le ha de acompañar en la cama, en la mesa y en todas partes, como es la de la mujer con su marido?",0,0
"Proveyóse de camisas y de las demás cosas que él pudo, conforme al consejo que el ventero le había dado; todo lo cual hecho y cumplido, sin despedirse Panza de sus hijos y mujer, ni don Quijote de su ama y sobrina, una noche se salieron del lugar sin que persona los viese; en la cual caminaron tanto, que al amanecer se tuvieron por seguros de que no los hallarían aunque los buscasen.",1,0
"¿Por ventura son mis carnes de bronce, o vame a mí algo en que se desencante o no?",0,0
Yo así lo creo,0,1
"Muy bien puede Dulcinea, doncella rolliza y sana, preciarse de que ha rendido a una tigre y fiera brava.",1,0
¿Y quién la notó?,0,1
"Mira lo que te está mejor y respóndeme luego, porque hoy todo el día traigo de término para despachar este negocio.",1,0
"Como si fueran de vino tinto, pudiera vuestra merced decir mejor",0,1
"dijo el bachiller-, solo vuestra merced lleva la palma a todos los caballeros andantes; porque el moro en su lengua y el cristiano en la suya tuvieron cuidado de pintarnos muy al vivo la gallardía de vuestra merced, el ánimo grande en acometer los peligros, la paciencia en las adversidades y el sufrimiento así en las desgracias como en las heridas, la honestidad y continencia en los amores tan platónicos de vuestra merced y de mi señora doña Dulcinea del Toboso.",0,0
"Habla con respeto, Sancho, de las cosas de mi señora",0,1
"No sé yo cómo puede ser eso, que en verdad que, a lo que yo entiendo, no hay mejor letrado en el mundo, y que tengo ahí dos o tres dellos, con otros papeles, que verdaderamente me han dado la vida, no solo a mí, sino a otros muchos.",0,0
Menos te entiendo agora,0,1
"No, sino haceos miel, y paparos han moscas; tanto vales cuanto tienes, decía una mi agüela, y del hombre arraigado no te verás vengado.",0,0
"En tanto que el mayordomo decía esto a Sancho, estaba él mirando unas grandes y muchas letras que en la pared frontera de su silla estaban escritas, y como él no sabía leer, preguntó que qué eran aquellas pinturas que en aquella pared estaban.",0,0
"Sepamos, pues, ahora cuál es más loco, el que lo es por no poder menos o el que lo es por su voluntad.",0,0
"Pero como vio que se tardaban y que Rocinante se daba priesa por llegar a la caballeriza, se llegó a la puerta de la venta y vio a las dos destraídas mozas que allí estaban, que a él le parecieron dos hermosas doncellas o dos graciosas damas que delante de la puerta del castillo se estaban solazando.",1,0
"Si cortesías engendran cortesías, la vuestra, señor caballero, es hija o parienta muy cercana de las del gran Roque.",0,0
"Don Quijote, temeroso, comenzó a decir:",0,0
"No te entiendo, Sancho",0,1
"Bien notas, escudero fiel y legal, las tinieblas desta noche, su estraño silencio, el sordo y confuso estruendo destos árboles, el temeroso ruido de aquella agua en cuya busca venimos, que parece que se despeña y derrumba desde los altos montes de la Luna, y aquel incesable golpear que nos hiere y lastima los oídos, las cuales cosas todas juntas y cada una por sí son bastantes a infundir miedo, temor y espanto en el pecho del mesmo Marte, cuanto más en aquel que no está acostumbrado a semejantes acontecimientos y aventuras.",0,0
"Esto es cuanto al salario de mi trabajo; pero en cuanto a satisfacerme a la palabra y promesa que vuestra merced me tiene hecha de darme el gobierno de una ínsula, sería justo que se me añadiesen otros seis reales, que por todos serían treinta.",0,0
La edad al parecer no llegaba a veinte años.,0,0
Pero no por esto dejaba don Quijote sus tristezas.,1,0
"Y don Quijote rogó a Pedro le dijese qué muerto era aquel y qué pastora aquella; a lo cual Pedro respondió que lo que sabía era que el muerto era un hijodalgo rico, vecino de un lugar que estaba en aquellas sierras, el cual había sido estudiante muchos años en Salamanca, al cabo de los cuales había vuelto a su lugar con opinión de muy sabio y muy leído.",0,0
"Pero el hombre, que lo conoció, como vecino de su casa, respondió:",0,0
"Mirad, Sancho",0,1
"Pues ¿juré yo algo, por dicha?",0,1
los alcázares de su redención le encaminaba.,1,0
¡Voto a tal!,0,1
"Porque si has mirado en ello, más de una vez habrás visto que me he vestido en los lunes lo que me honraba el domingo.",1,0
"Si vuestras cuitas, angustiada señora, se pueden prometer alguna esperanza de remedio por algún valor o fuerzas de algún andante caballero, aquí están las mías, que, aunque flacas y breves, todas se emplearán en vuestro servicio.",0,0
"En tanto que de la suerte que se ha dicho se quejaba la lastimada Altisidora, la estuvo mirando don Quijote y, sin responderla palabra, volviendo el rostro a Sancho le dijo:",1,0
Apostaré yo,0,1
"En efeto, rematado ya su juicio, vino a dar en el más estraño pensamiento que jamás dio loco en el mundo, y fue que le pareció convenible y necesario, así para el aumento de su honra como para el servicio de su república, hacerse caballero andante y irse por todo el mundo con sus armas y caballo a buscar las aventuras y a ejercitarse en todo aquello que él había leído que los caballeros andantes se ejercitaban, deshaciendo todo género de agravio y poniéndose en ocasiones y peligros donde, acabándolos, cobrase eterno nombre y fama.",1,0
"Si vuestra señoría fuese servido de darme una tantica parte del cielo, aunque no fuese más de media legua, la tomaría de mejor gana que la mayor ínsula del mundo.",0,0
"y quédente los raigones, si te sacares las muelas.",1,0
Sea ansí,0,1
"Cuando el valiente huye, la superchería está descubierta, y es de varones prudentes guardarse para mejor ocasión.",1,0
"dijo don Quijote-, don villano, harto de ajos, y amarraros he a un árbol, desnudo como vuestra madre os parió, y no digo yo tres mil y trecientos, sino seis mil y seiscientos azotes os daré, tan bien pegados, que no se os caigan a tres mil y trecientos tirones.",0,0
"dijo don Quijote-, tú eres, Sancho, el mayor glotón del mundo y el mayor ignorante de la tierra, pues no te persuades que este correo es encantado, y este Tosilos, contrahecho.",0,0
"Venga, que es tiempo ya, del hondo abismo Tántalo con su sed; Sísifo venga con el peso terrible de su canto; Ticio traiga su buitre, y ansimismo con su rueda Egïón no se detenga, ni las hermanas que trabajan tanto, y todos juntos su mortal quebranto trasladen en mi pecho, y en voz baja",1,0
Tú has dicho muy bien,0,1
¡Cuerpo de tal,0,1
"Y no me aprietes tanto, que me derribas; y en verdad que no sé de qué te turbas ni te espantas, que osaré jurar que en todos los días de mi vida he subido en cabalgadura de paso más llano: no parece sino que no nos movemos de un lugar.",0,0
"a solas, que me hice cruces de espantado cómo las pudo saber el historiador que las escribió.",0,0
A esto dijo don Luis:,0,0
"Y el bien de amor, ¿quién le alcanza?",0,0
"Quizá con envidia de la suya la estás ahora mirando que, o paseándose por alguna galería de sus suntuosos palacios o ya puesta de pechos sobre algún balcón, está considerando cómo, salva su honestidad y grandeza, ha de amansar la tormenta que por ella este mi cuitado corazón padece, qué gloria ha de dar a mis penas, qué sosiego a mi cuidado y, finalmente, qué vida a mi muerte y qué premio a mis servicios.",1,0
"Mire, ¡pecador de mí!, que me destruye y echa a perder toda mi hacienda.",0,0
"Fue condición de los combatientes que si don Quijote vencía, su contrario se había de casar con la hija de doña Rodríguez, y si él fuese vencido, quedaba libre su contendor de la palabra que se le pedía, sin dar otra satisfación alguna.",1,0
"No enfadará, señora mía",0,1
"Sí, que tiempos hay de acometer y tiempos de retirar; sí, no ha de ser todo «¡Santiago, y cierra, España!».",0,0
"Sí, señor",0,1
"dijo don Quijote-, y proseguid adelante, que el cuento es muy bueno, y vos, buen Pedro, le contáis con muy buena gracia.",0,0
preguntó el del Bosque.,0,0
"Fuese llegando a ellos don Quijote, no con poca pesadumbre de Sancho, que nunca fue amigo de hallarse en semejantes jornadas.",0,0
"Si yo te hubiera de pagar, Sancho",0,1
"Lo primero, le aconsejaría que mirase más a la fama que a la hacienda, porque la buena mujer no alcanza la buena fama solamente con ser buena, sino con parecerlo, que mucho más dañan a las honras de las mujeres las desenvolturas y libertades públicas que las maldades secretas.",0,0
"Atentísimamente le escuchaba Sancho y procuraba conservar en la memoria sus consejos, como quien pensaba guardarlos y salir por ellos a buen parto de la preñez de su gobierno.",1,0
Ese fue un rey godo,0,1
"dijo el del Bosque- yo daré un suficiente remedio, y es que, antes que comencemos la pelea, yo me llegaré bonitamente a vuestra merced y le daré tres o cuatro bofetadas, que dé con él a mis pies, con las cuales le haré despertar la cólera, aunque esté con más sueño que un lirón.",0,0
"Llegóse la hora del cenar, recogiéronse a su estancia; preguntó Sancho al huésped que qué tenía para darles de cenar, a lo que el huésped respondió que su boca sería medida y, así, que pidiese lo que quisiese, que de las pajaricas del aire, de las aves de la tierra y de los pescados del mar estaba proveída aquella venta.",1,0
"Contó luego a Cardenio y a Dorotea lo que tenían pensado para remedio de don Quijote, a lo menos para llevarle a su casa.",1,0
"Miróla don Quijote desde su atalaya, y cuando vio su adeliño y notó su silencio, pensó que alguna bruja o maga venía en aquel traje a hacer en él alguna mala fechuría y comenzó a santiguarse con mucha priesa.",0,0
"dijo el cura-, yo le abono y salgo por él, que en este caso no hablará más que un mudo, so pena de pagar lo juzgado y sentenciado.",0,0
"Plégaos, señora, de membraros deste vuestro sujeto corazón, que tantas cuitas por vuestro amor padece.",1,0
"quedó por jaez hasta el día del juicio, y la bacía por yelmo y la venta por castillo en la imaginación de don Quijote.",1,0
"Sudaba y trasudaba con tales parasismos y accidentes, que no solamente él, sino todos pensaron que se le acababa la vida.",0,0
Responde en buen hora,0,1
¡Oh Dulcinea famosa!,0,0
"Y como ya habréis, señores, oído decir que el Uchalí se salvó con toda su escuadra, vine yo a quedar cautivo en su poder, y solo fui el triste entre tantos alegres y el cautivo entre tantos libres, porque fueron quince mil cristianos los que aquel día alcanzaron la deseada libertad, que todos venían al remo en la turquesca armada.",1,0
"Halláronse presentes a la plática la sobrina y ama, y no se hartaban de dar gracias a Dios de ver a su señor con tan buen entendimiento; pero el cura, mudando el propósito primero, que era de no tocarle en cosa de caballerías, quiso hacer de todo en todo esperiencia si la sanidad de don Quijote era falsa o verdadera, y así, de lance en lance, vino a contar algunas nuevas que habían venido de la corte, y, entre otras, dijo que se tenía por cierto que el Turco bajaba con una poderosa armada, y que no se sabía su designio ni adónde había de descargar tan gran nublado, y con este temor, con que casi cada año nos toca",1,0
"En fin, por caminos desusados, por atajos y sendas encubiertas, partieron Roque, don Quijote y Sancho con otros seis escuderos a Barcelona.",1,0
"Viendo, pues, mi padre que, según él decía, no podía irse a la mano contra su condición, quiso privarse del instrumento y causa que le hacía gastador y dadivoso, que fue privarse de la hacienda, sin la cual el mismo Alejandro pareciera estrecho.",0,1
"En tanto que Sancho Panza y su mujer Teresa Cascajo pasaron la impertinente referida plática, no estaban ociosas la sobrina y el ama de don Quijote, que por mil señales iban coligiendo que su tío y señor quería desgarrarse la vez tercera y volver al ejercicio de su para ellas malandante caballería: procuraban por todas las vías posibles apartarle de tan mal pensamiento, pero todo era predicar en desierto y majar en hierro frío.",1,0
"A cada uno di este aviso de por sí, con orden que aunque allí viesen a otros cristianos, no les dijesen sino que yo les había mandado esperar en aquel lugar.",1,0
"Despidióse del cabrero don Quijote y, subiendo otra vez sobre Rocinante, mandó a Sancho que le siguiese, el cual lo hizo, con su jumento, de muy mala gana.",1,0
"Volvió a decir el retor que mirase lo que hacía, porque sin duda alguna el licenciado aún se estaba loco.",0,1
¿Adónde has tú hallado que los alcázares y palacios reales estén edificados en callejuelas sin salida?,0,0
"Estaba el vizcaíno tan turbado, que no podía responder palabra; y él lo pasara mal, según estaba ciego don Quijote, si las señoras del coche, que hasta entonces con gran desmayo habían mirado la pendencia, no fueran a donde estaba y le pidieran con mucho encarecimiento les hiciese tan gran merced y favor de perdonar la vida a aquel su escudero.",1,0
"Lloraba Sancho la muerte de su señor, que aquella vez sin duda creía que llegaba en las garras de los leones; maldecía su ventura y llamaba menguada la hora en que le vino al pensamiento volver a servirle; pero no por llorar y lamentarse dejaba de aporrear al rucio para que se alejase del carro.",0,0
Él le respondió que por enamorado iba de aquella manera.,1,0
"Andalucía; un Diego García de Paredes, Estremadura; un Garci Pérez de Vargas, Jerez; un Garcilaso, Toledo; un don Manuel de León, Sevilla, cuya leción de sus valerosos hechos puede entretener, enseñar, deleitar y admirar a los más altos ingenios que los leyeren.",1,0
"Estéril queréis decir, amigo",0,1
¿Cómo se llama este caballero?,0,1
En la gran ciudad del Toboso.,0,0
Yo tendré cuidado,0,1
"A todo estaba presente Sancho, embobado y atónito de ver la honra que a su señor aquellos príncipes le hacían; y viendo las muchas ceremonias y ruegos que pasaron entre el duque y don Quijote para hacerle sentar a la cabecera de la mesa, dijo:",1,0
"Y no le digas más, ni yo quiero decirte más a ti, sino advertirte que consideres que esta segunda parte de Don Quijote que te ofrezco es cortada del mismo artífice y del mesmo paño que la primera, y que en ella te doy a don Quijote dilatado, y finalmente muerto y sepultado, porque ninguno se atreva a levantarle nuevos testimonios, pues bastan los pasados y basta también que un hombre honrado haya dado noticia destas discretas locuras, sin querer de nuevo entrarse en ellas: que la abundancia de las cosas, aunque sean buenas, hace que no se estimen, y la carestía, aun de las malas, se estima en algo.",1,0
"Discurra, si quisiere, por otras delicadezas, y déjese de pedir gullurías.",0,0
Hacíanles el son cuatro diestros tañedores de tamboril y flauta.,0,0
A lo cual respondió el de la vara:,1,0
"Dígame, señor licenciado, aquel del caballo ¿no es Sancho Panza, el que dijo el ama de nuestro aventurero que había salido con su señor por escudero?",0,0
"Pero, dime, ¿qué joya fue la que te dio al despedirte, por las nuevas que de mí le llevaste?",0,0
"A lo que su traductor dice que el jurar Cide Hamete como católico cristiano, siendo él moro, como sin duda lo era, no quiso decir otra cosa sino que así como el católico cristiano, cuando jura, jura o debe jurar verdad y decirla en lo que dijere, así él la decía como si jurara como cristiano católico en lo que quería escribir de don Quijote, especialmente en decir quién era maese Pedro y quién el mono adivino que traía admirados todos aquellos pueblos con sus adivinanzas.",1,0
"respondió Sancho- que vuesa merced es como lo que dicen: «Dijo la sartén a la caldera: Quítate allá, ojinegra».",0,0
Y también le dijo:,0,0
"Los que mi padre tenía eran tres, todos varones y todos de edad de poder elegir estado.",0,1
"«En buena mano está, compadre",0,1
Bien podrá ser,0,1
"Allí era el brincar de las almas, el retozar de la risa, el desasosiego de los cuerpos y finalmente el azogue de todos los sentidos.",1,0
¿Qué hemos de hacer ahora?,0,0
¿Cómo la pobreza?,0,1
Por el omnipotente Dios juro,0,1
Mejor fuera que las palabras que en la carrera gastó encomendándose a su dama las gastara en lo que debía y estaba obligado como cristiano.,0,0
"Muchas palabras de comedimiento y muchos ofrecimientos pasaron entre don Quijote y don Fernando, pero a todo puso silencio un pasajero que en aquella sazón entró en la venta, el cual en",0,0
"muchas amistades, y que le quité de que no le palmease las espaldas el verdugo por ser demasiadamente atrevido.",1,0
"Y con esta opinión y un duro lazo, acelerando el miserable plazo a que me han conducido sus desdenes, ofreceré a los vientos cuerpo y alma, sin lauro o palma de futuros bienes.",1,0
"Una no más quiero que me escuches, ¡oh valeroso don Quijote!",0,1
"Duro se nos hizo de creer la continencia del mozo, pero ella lo afirmó con tantas veras, que fueron parte para que eldesconsolado padre se consolase, no haciendo cuenta de las riquezas que le llevaban, pues le habían dejado a su hija con la joya que, si una vez se pierde, no deja esperanza de que jamás se cobre.",1,0
No sé quién te lo enseña .,0,0
No se le quedó nada,0,1
¡A mí con eso!,0,0
Sois un grandísimo bellaco,0,1
"Pero antes que se moviese el carro salió la ventera, su hija y Maritornes a despedirse de don Quijote, fingiendo que lloraban de dolor de su desgracia; a quien don Quijote dijo:",1,0
preguntó la asturiana Maritornes.,0,0
Eso está de molde,0,1
"Verdad dices, Sancho",0,1
"Yo, pobrecilla, sola entre los míos, mal ejercitada en casos semejantes, comencé no sé en qué modo a tener por verdaderas tantas falsedades, pero no de suerte que me moviesen a compasión menos que buena sus lágrimas y suspiros; y así, pasándoseme aquel sobresalto primero, torné algún tanto a cobrar mis perdidos espíritus y, con más ánimo del que pensé que pudiera tener, le dije: «Si como estoy, señor, en tus brazos, estuviera entre los de un león fiero, y el librarme dellos se me asegurara con que hiciera o dijera cosa que fuera en perjuicio de mi honestidad, así fuera posible hacella o decilla como es posible dejar de haber sido lo que fue.",0,0
"vida, harto mejor haría yo, vuelvo a decir, en volverme a mi casa y a mi mujer y a mis hijos, y sustentarla y criarlos con lo que Dios fue servido de darme, y no andarme tras vuesa merced por caminos sin camino y por sendas y carreras que no las tienen, bebiendo mal y comiendo peor.",1,0
"Sancho, que a todo estaba presente, dijo, meneando la cabeza a una parte y a otra:",0,0
"respondió Sancho-, que el retirar no es huir, ni el esperar es cordura, cuando el peligro sobrepuja a la esperanza, y de sabios es guardarse hoy para mañana y no aventurarse todo en un día.",0,0
"No, por cierto, que este es ejercicio y oficio de hombres robustos, curtidos y criados para tal ministerio casi desde las fajas y mantillas.",0,0
No la hallé,0,1
¿Y quién le mató?,0,1
dijo Sancho- para el puto que no se casare en abriendo el gaznatico al señor Pandahilado !,0,0
"La ventera, ventero, su hija y Maritornes, que vieron venir a don Quijote y a Sancho, les salieron a recebir con muestras de mucha alegría, y él las recibió con grave continente y aplauso, y díjoles que le aderezasen otro mejor lecho que la vez pasada.",1,0
"Amigo Sancho Panza, ¿adónde queda vuestro amo?",0,0
"Don Quijote, que otra cosa no deseaba, se levantó y mandó a Sancho que ensillase y enalbardase al momento, lo cual él hizo con mucha diligencia, y con la mesma se pusieron luego todos en camino.",1,0
"Estas fueron las razones que Anselmo dijo a Lotario, a todas las cuales estuvo tan atento, que, si no fueron las que quedan escritas que le dijo, no desplegó sus labios hasta que hubo acabado; y viendo que no decía más, después que le estuvo mirando un buen espacio, como si mirara otra cosa que jamás hubiera visto, que le causara admiración y espanto, le dijo:",1,0
"Y diciendo esto, dio muestras de desmayarse.",0,0
No son los amores como los que vuestra merced piensa,0,1
"que él le había dado lugar para llegar a aquel punto, porque no tuviese en menos su amor y pensase que así, acaso y sin pensar, y no de propósito, la había solicitado.",1,0
"No tratamos tan secretamente nuestros amores, que no viniesen a noticia de mi señora, la cual, por escusar dimes y diretes, nos casó en paz y en haz de la santa madre Iglesia Católica Romana, de cuyo matrimonio nació una hija para rematar con mi ventura, si alguna tenía, no porque yo muriese del parto, que le tuve derecho y en sazón, sino porque desde allí a poco murió mi esposo de un cierto espanto que tuvo, que, a tener ahora lugar para contarle, yo sé que vuestra merced se admirara.",0,0
"Esta figura que vuesa merced en mí ha visto, por ser tan nueva y tan fuera de las que comúnmente se usan, no me maravillaría yo de que le hubiese maravillado, pero dejará vuesa merced de estarlo cuando le diga, como le digo, que soy caballero destos que dicen las gentes que a sus aventuras van.",0,0
Partióles el maestro de las ceremonias el sol y puso a los dos cada uno en el puesto donde habían de estar.,1,0
"Yo tengo más armas que letras, y nací, según me inclino a las armas, debajo de la influencia del planeta Marte, así que casi me es forzoso seguir por su camino, y por él tengo de ir a pesar de todo el mundo, y será en balde cansaros en persuadirme a que no quiera yo lo que los cielos quieren, la fortuna ordena y la razón pide, y, sobre todo, mi voluntad desea; pues con saber, como sé, los innumerables trabajos que son anejos a la andante, sé también los infinitos bienes que se alcanzan con ella y sé que la senda de la virtud es muy estrecha, y el camino del vicio, ancho y espacioso; y sé que sus",1,0
"Dígote, Sancho",0,1
¿Quién ha de ser,0,1
Mi desventura.,0,0
"Ahora yo te digo, Sancho",0,1
"Calla, Teresa",0,1
Lo que yo veo y columbro,0,1
"Conjúrote, por lo que debes a tu bondad fidelísima, me seas buen intercesor con tu dueño, para que luego favorezca a esta humilísima y desdichadísima condesa.",0,0
Bien se me alcanza eso,0,1
"Añadió también vuestra merced diciendo que me habían hecho mucho daño tales libros, pues me habían vuelto el juicio y puéstome en una jaula, y que me sería mejor hacer la enmienda y mudar de letura, leyendo otros más verdaderos y que mejor deleitan y enseñan.",0,0
Si yo mal no me acuerdo,0,1
Ni yo tampoco,0,1
"Yo gobernaré esta ínsula sin perdonar derecho ni llevar cohecho, y todo el mundo traiga el ojo alerta y mire por el virote, porque les hago saber que el diablo está en Cantillana y que si me dan ocasión han de ver maravillas.",0,0
Ni para mí tampoco,0,1
"De Dios en ayuso, no os entendemos, Teresa, ni sabemos lo que os decís.",0,0
"Vio que sus escuderos, que así llaman a los que andan en aquel ejercicio, iban a despojar a Sancho Panza; mandóles que no lo hiciesen, y fue luego obedecido, y así se escapó la ventrera.",1,0
"Contó don Antonio al visorrey todo lo que Carrasco le había contado, de lo que el visorrey no recibió mucho gusto, porque en el recogimiento de don Quijote se perdía el que podían tener todos aquellos que de sus locuras tuviesen noticia.",1,0
Advierta vuestra merced,0,1
"No quedaron arrepentidos los duques de la burla hecha a Sancho Panza del gobierno que le dieron, y más que aquel mismo día vino su mayordomo y les contó punto por punto todas casi las palabras y acciones que Sancho había dicho y hecho en aquellos días, y finalmente les encareció el asalto de la ínsula, y el miedo de Sancho y su salida, de que no pequeño gusto recibieron.",1,0
"¡Albricias, señor don Quijote, que don Gregorio y el renegado que fue por él está en la playa!",0,0
"Dejémosle apear, que después se lo preguntaremos.",0,0
Eso estaba puesto en razón,0,1
"voluntad a Basilio, que yo le daré a él un saco de buena ventura: que el amor, según yo he oído decir, mira con unos antojos que hacen parecer oro al cobre, a la pobreza, riqueza, y a las lagañas, perlas.",1,0
"Una vez me mandó que fuese a desafiar a aquella famosa giganta de Sevilla llamada la Giralda, que es tan valiente y fuerte como hecha de bronce, y sin mudarse de un lugar es la más movible y voltaria mujer del mundo.",0,0
Marinero soy de amor y en su piélago profundo navego sin esperanza de llegar a puerto alguno.,0,0
"vuestros enemigos; y habiendo discurrido una y muchas veces en mi entendimiento sobre vuestro negocio, hallo, según las leyes del duelo, que estáis engañados en teneros por afrentados, porque ningún particular puede afrentar a un pueblo entero, si no es retándole de traidor por junto, porque no sabe en particular quién cometió la traición por que le reta.",1,0
"Dame, desdén, una torcida soga.",1,0
"El cura lo sosegó todo, prometiendo de satisfacerles su pérdida lo mejor que pudiese, así de los cueros como del vino, y principalmente del menoscabo de la cola, de quien tanta cuenta hacían.",1,0
"Abre los brazos y recibe también tu hijo don Quijote, que, si viene vencido de los brazos ajenos, viene vencedor de sí mismo, que, según él me ha dicho, es el mayor vencimiento que desearse puede.",0,0
"De la culpa que tú tienes lleve la triste la pena, que justos por pecadores tal vez pagan en mi tierra.",1,0
"Y en esto se resuelven todos cuantos de su desgracia han sido los autores, y a esto es mi venida, mis señores.",1,0
De buena gana,0,1
¿Cómo fuera de la ciudad?,0,1
"Finalmente, con una no vista arrogancia llamaba de vos a sus iguales y a los mismos que le conocían, y decía que su padre era su brazo, su linaje sus obras, y que, debajo de ser soldado, al mismo rey no debía nada.",1,0
"En esto atravesaron al jabalí poderoso sobre una acémila, y, cubriéndole con matas de romero y con ramas de mirto, le llevaron, como en señal de vitoriosos despojos, a unas grandes tiendas de campaña que en la mitad del bosque estaban puestas, donde hallaron las mesas en orden y la comida aderezada, tan sumptuosa y grande, que se echaba bien de ver en ella la grandeza y magnificencia de quien la daba.",1,0
En el principio no parece sino de amores,0,1
"No, no, Sancho amigo: huye, huye destos inconvinientes, que quien tropieza en hablador y en gracioso, al primer puntapié cae y da en truhán desgraciado.",0,0
"respondió la señora-, vos habéis dado la embajada vuestra con todas aquellas circunstancias que las tales embajadas piden.",0,0
"Sí diré, por cierto",0,1
"A la sombra del árbol estaba, como se ha dicho, y allí, como moscas a la miel, le acudían y picaban pensamientos: unos iban al desencanto de Dulcinea y otros a la vida que había de hacer en su forzosa retirada.",1,0
"respondió Sancho-, puesto que yo no lo sé; solo sé que, después que somos caballeros andantes, o vuestra merced lo es (que yo no hay para qué me cuente en tan honroso número), jamás hemos vencido batalla alguna, si no fue la del vizcaíno, y aun de aquella salió vuestra merced con media oreja y media celada menos; que después acá todo ha sido palos y más palos, puñadas y más puñadas, llevando yo de ventaja el manteamiento, y haberme sucedido por personas encantadas, de quien no puedo vengarme para saber hasta dónde llega el gusto del vencimiento del enemigo, como vuestra merced dice.",0,0
Que me viva él mil años,0,1
"Y mandándome a mí, por ser el mayor, que respondiese, después de haberle dicho que no se deshiciese de la hacienda, sino que gastase todo lo que fuese su voluntad, que nosotros éramos mozos para saber ganarla, vine a concluir en que cumpliría su gusto, y que el mío era seguir el ejercicio de las armas, sirviendo en él a Dios y a mi rey.",0,1
"Y una de las cosas en que más este caballero mostró su prudencia, valor, valentía, sufrimiento, firmeza y amor, fue cuando se retiró, desdeñado de la señora Oriana, a hacer penitencia en la Peña Pobre, mudado su nombre en el de Beltenebros, nombre por cierto significativo y proprio para la vida que él de su voluntad había escogido.",1,0
Pues en verdad que lo yerra vuesa merced,0,1
"A lo menos no seré yo tan venturoso como lo fue mi señor don Quijote de la Mancha cuando decendió y bajó a la cueva de aquel encantado Montesinos, donde halló quien le regalase mejor que en su casa, que no parece sino que se fue a mesa puesta y a cama hecha.",0,0
"Mirad, Teresa",0,1
"Con esta intención siguió su camino, por el cual anduvo dos días sin acontecerle cosa digna de ponerse en escritura, hasta que al tercero, al subir de una loma, oyó un gran rumor de atambores, de trompetas y arcabuces.",1,0
"No hubo ella dicho esto, cuando Cardenio y el barbero se le pusieron al lado, deseosos de ver cómo fingía su historia la discreta Dorotea, y lo mismo hizo Sancho, que tan engañado iba con ella como su amo.",1,0
"No más refranes, Sancho",0,1
"facilidad rapase a vuestras mercedes como mi espada raparía de los hombros la cabeza de Malambruno; que Dios sufre a los malos, pero no para siempre.",1,0
"dijo don Quijote-, que más fío de tu amor y de tu cortesía; y, así, has de saber que esta noche me ha sucedido una de las más estrañas aventuras que yo sabré encarecer, y, por contártela en breve, sabrás que poco ha que a mí vino la hija del señor deste castillo, que es la más apuesta y fermosa doncella que en gran parte de la tierra se puede hallar.",0,0
¿Qué son gurapas?,0,1
"En lo del asno reparó un poco don Quijote, imaginando si se le acordaba si algún caballero andante había traído escudero caballero asnalmente, pero nunca le vino alguno a la memoria; mas, con todo esto, determinó que le llevase, con presupuesto de acomodarle de más honrada caballería en habiendo ocasión para ello, quitándole el caballo al primer descortés caballero que topase.",1,0
"En esto, alzó los ojos y vio que su amo estaba parado, procurando con la punta del lanzón alzar no sé qué bulto que estaba caído en el suelo, por lo cual se dio priesa a llegar a ayudarle si fuese menester, y cuando llegó fue a tiempo que alzaba con la punta del lanzón un cojín y una maleta asida a él, medio podridos, o podridos del todo, y deshechos; mas pesaba tanto, que fue necesario que Sancho se apease a tomarlos, y mandóle su amo que viese lo que en la maleta venía.",1,0
"Limpiólas y aderezólas lo mejor que pudo; pero vio que tenían una gran falta, y era que no tenían celada de encaje, sino morrión simple; mas a esto suplió su industria, porque de cartones hizo un modo de media celada que, encajada con el morrión, hacían una apariencia de celada entera.",1,0
"De nuevo nuevas gracias dio don Quijote a la duquesa, y en cenando don Quijote se retiró en su aposento solo, sin consentir que nadie entrase con él a servirle: tanto se temía de encontrar ocasiones que le moviesen o forzasen a perder el honesto decoro que a su señora Dulcinea guardaba, siempre puesta en la imaginación la bondad de Amadís, flor y espejo de los andantes caballeros.",0,0
"De esta hermosura, y no como se debe encarecida de mi torpe lengua, se enamoró un número infinito de príncipes así naturales como estranjeros, entre los cuales osó levantar los pensamientos al cielo de tanta belleza un caballero particular que en la corte estaba, confiado en su mocedad y en su bizarría y en sus muchas habilidades y gracias, y facilidad y felicidad de ingenio.",1,0
"hacer es dar noticia a su capitán de lo que pasa, para que lo remedie con alguna contramina, y él estarse quedo, temiendo y esperando cuándo improvisamente ha de subir a las nubes sin alas y bajar al profundo sin su voluntad.",1,0
"mirar lo que hacen, que después de representadas tienen necesidad los recitantes de huirse y ausentarse, temerosos de ser castigados, como lo han sido muchas veces, por haber representado cosas en perjuicio de algunos reyes y en deshonra de algunos linajes.",1,0
No muchos,0,1
Nunca los cetros y coronas de los emperadores farsantes,0,1
"Pero llegaos aquí, Sancho, que con licencia destos señores os quiero hablar aparte dos palabras.",0,0
"Y sacando encontinente la mano de bajo del herreruelo mostró en ella cinco caperuzas puestas en las cinco cabezas de los dedos de la mano, y dijo:",0,0
"Y aunque no halló más de lo hallado, dio por bien empleados los vuelos de la manta, el vomitar del brebaje, las bendiciones de las estacas, las puñadas del arriero, la falta de las alforjas, el robo del gabán, y toda la hambre, sed y cansancio que había pasado en servicio de su buen señor, pareciéndole que estaba más que rebién pagado con la merced recebida de la entrega del hallazgo.",0,0
"Cuenta Cide Hamete Benengeli, autor arábigo y manchego, en esta gravísima, altisonante, mínima, dulce e imaginada historia, que después que entre el famoso don Quijote de la Mancha y Sancho Panza, su escudero, pasaron aquellas razones que en el fin del capítulo veinte y uno quedan referidas, que don Quijote alzó los ojos y vio que por el camino que llevaba venían hasta doce hombres a pie, ensartados como cuentas en una gran cadena de hierro por los cuellos, y todos con esposas a las manos; venían ansimismo con ellos dos hombres de a caballo y dos de a pie: los de a caballo, con escopetas de rueda, y los de a pie, con dardos y espadas; y que así",1,0
"Y hay más: que cada vez que le veo o le oigo cantar tiemblo toda y me sobresalto, temerosa de que mi padre le conozca y venga en conocimiento de nuestros deseos.",1,0
"Hízolo con mucha presteza Sancho, y, aunque la maleta venía cerrada con una cadena y su candado, por lo roto y podrido della vio lo que en ella había, que eran cuatro camisas de delgada holanda y otras cosas de lienzo no menos curiosas que limpias, y en un pañizuelo halló un buen montoncillo de escudos de oro; y así como los vio dijo:",1,0
"Dulcinea, no invidiara a la mayor ventura que alcanzó o pudo alcanzar el más venturoso caballero andante de los pasados siglos.",1,0
"Este tal graduado, al cabo de algunos años de recogimiento, se dio a entender que estaba cuerdo y en su entero juicio, y con esta imaginación escribió al arzobispo suplicándole encarecidamente y con muy concertadas razones le mandase sacar de aquella miseria en que vivía, pues por la misericordia de Dios había ya cobrado el juicio perdido, pero que sus parientes, por gozar de la parte de su hacienda, le tenían allí, y a pesar de la verdad querían que fuese loco hasta la muerte.",0,1
preguntó Sancho Panza.,0,0
"¡Oh, mi señor don Quijote de la Mancha, y qué gran contento ha de llegar al corazón de mi señor el duque cuando sepa que vuestra merced vuelve a su castillo, que todavía se está en él con mi señora la duquesa!",0,0
"Por otra parte, veo que Amadís de Gaula, sin perder el juicio y sin hacer locuras, alcanzó tanta fama de enamorado como el que más, porque lo que hizo, según su historia, no fue más de que por verse desdeñado de su señora Oriana, que le había mandado que no pareciese ante su presencia hasta que fuese su voluntad, de que se retiró a la Peña Pobre en compañía de un ermitaño, y allí se hartó de llorar y de encomendarse a Dios, hasta que el cielo le acorrió en medio de su mayor cuita y necesidad.",0,0
"Viéndose tan malparado don Quijote, dijo a su escudero:",1,0
"Los del escuadrón se estuvieron allí hasta la noche, y por no haber salido a la batalla sus contrarios, se volvieron a su pueblo, regocijados y alegres; y si ellos supieran la costumbre antigua de los griegos, levantaran en aquel lugar y sitio un trofeo.",1,0
"Todos juntos y cada uno de por sí viváis siglos infinitos, para gusto y general pasatiempo de los vivientes.",1,0
¡Oh sobrina mía,0,1
"Veía a su señor rendido y obligado a no tomar armas en un año; imaginaba la luz de la gloria de sus hazañas escurecida, las esperanzas de sus nuevas promesas deshechas, como se deshace el humo con el viento.",0,0
"En esto llegó Sancho, y de ver a los dos en aquel traje no pudo tener la risa.",1,0
"¡Había, en hora mala para mí, que no quiero decir para otro, de vivir hoy el famoso don Belianís o alguno de los del inumerable linaje de Amadís de Gaula!",0,0
"Iba Sancho Panza sobre su jumento como un patriarca, con sus alforjas y su bota, y con mucho deseo de verse ya gobernador de la ínsula que su amo le había prometido.",1,0
por los dos amantes y los ojos fueron las lenguas que descubrieron sus alegres y honestos pensamientos.,1,0
"respondió el mozo-, porque en todo el camino no la he visto el rostro; suspirar sí la he oído muchas veces, y dar unos gemidos, que parece que con cada uno dellos quiere dar el alma.",0,0
No perdió el engañado don Quijote un solo golpe de la cuenta y halló que con los de la noche pasada eran tres mil y veinte y nueve.,0,0
"De aquí sacarán mis huesos, cuando el cielo sea servido que me descubran, mondos, blancos y raídos, y los de mi buen rucio con ellos, por donde quizá se echará de ver quién somos, a lo menos de los que tuvieren noticia que nunca Sancho Panza se apartó de su asno, ni su asno de Sancho Panza.",0,0
"respondió la sobrina-, Sancho maldito.",0,0
"Aquí es donde ellos alargan más la pluma, como les",1,0
"Al compás de la agradable música vieron que hacia ellos venía un carro de los que llaman triunfales, tirado de seis mulas pardas, encubertadas empero de lienzo blanco, y sobre cada una venía un diciplinante de luz, asimesmo vestido de blanco, con una hacha de cera grande, encendida, en la mano.",1,0
¿Qué digo en la playa?,0,0
Por mías las marco desde aquí,0,1
¿Y es de muy gran peligro esa hazaña?,0,1
"Muerta, pues, la reina, y no desmayada, la enterramos; y apenas la cubrimos con la tierra y apenas le dimos el último vale, cuando,",0,0
"¡Mirá, en hora maza",0,1
"Vamos, señor",0,1
"Venían con ellos asimesmo dos gentileshombres de a caballo, muy bien aderezados de camino , con otros tres mozos de a pie que los acompañaban.",1,0
No hay duda en eso,0,1
Mi profesión,0,1
El rucio rebuzna condolido de nuestra ausencia y Rocinante procura ponerse en libertad para arrojarse tras nosotros.,0,0
"A Sancho le pusieron sobre su jumento, apenas vuelto en sí, y le dejaron ir tras su amo, no porque él tuviese sentido para regirle; pero el rucio siguió las huellas de Rocinante, sin el cual no se hallaba un punto.",1,0
"dijo el del Bosque- con un canonicato quedaré satisfecho de mis servicios, y ya me le tiene mandado mi amo, y ¡qué tal!",0,0
Regostóse la vieja a los bledos...,0,0
"No te muestres, aunque por ventura lo seas, lo cual yo no creo, codicioso, mujeriego ni glotón; porque en sabiendo el pueblo y los que te tratan tu inclinación determinada, por allí te darán batería, hasta derribarte en el profundo de la perdición.",1,0
"Estos, creyendo que la pesadumbre de verse vencido y de no ver cumplido su deseo en la libertad y desencanto de Dulcinea le tenía de aquella suerte, por todas las vías posibles procuraban alegrarle, diciéndole el bachiller que se animase y levantase para comenzar su pastoral ejercicio, para el cual tenía ya compuesta una écloga, que mal año para cuantas Sanazaro había compuesto, y que ya tenía comprados de su propio dinero dos famosos perros para guardar el ganado, el uno llamado Barcino y el otro Butrón, que se los había vendido un ganadero del Quintanar.",1,0
"Llévaste tres tocadores y unas ligas de unas piernas que al mármol paro se igualan en lisas, blancas y negras.",1,0
"La doncella barbera, cuando le tuvo con un palmo de jabonadura, fingió que se le había acabado el agua y mandó a la del aguamanil fuese por ella, que el señor don Quijote esperaría.",0,0
¡Santo Dios!,0,1
"Y diciendo esto, dio dos zapatetas en el aire, con muestras de grandísimo contento, y luego fue a tomar las riendas de la mula de Dorotea, y haciéndola detener se hincó de rodillas ante ella, suplicándole le diese las manos para besárselas, en señal que la recibía por su reina y señora.",0,0
"Pero a buen seguro que él te perdonara, porque fue el más humilde y cortés caballero de su tiempo, y demás, grande amparador de las doncellas; mas tal te pudiera haber oído, que no te fuera bien dello, que no todos son corteses ni bien mirados: algunos hay follones y descomedidos; ni todos los que se llaman caballeros lo son de todo en todo, que unos son de oro, otros de alquimia, y todos parecen caballeros, pero no todos pueden estar al toque de la piedra de la verdad.",0,0
"Y por ahora bien será que os vais a dormir debajo de techado, porque el sereno os podría dañar la herida; puesto que es tal la medicina que se os ha puesto, que no hay que temer de contrario acidente.",0,0
Yo seguro,0,1
"Pensativo además iba don Quijote por su camino adelante, considerando la mala burla que le habían hecho los encantadores volviendo a su señora Dulcinea en la mala figura de la aldeana, y no imaginaba qué remedio tendría para volverla a su ser primero; y estos pensamientos le llevaban tan fuera de sí, que sin sentirlo soltó las riendas a Rocinante, el cual, sintiendo la libertad que se le daba, a cada paso se detenía a pacer la verde yerba de que aquellos campos abundaban.",1,0
Y aun yo,0,1
"Señor, un caudaloso río dividía dos términos de un mismo señorío, y esté vuestra merced atento, porque el caso es de importancia y algo dificultoso...",0,0
Por Dios,0,1
"Mas apenas la hubo visto Ambrosio, cuando con muestras de ánimo indignado le dijo:",0,0
"respondió el otro-, pero sepamos dónde ha parecido.» «En el monte",0,1
"dijo Sancho-, ¿qué es lo que vuestra merced quiere hacer en este tan remoto lugar?",0,0
"replicó Sancho-, mas quiera Dios, torno a decir, que orégano sea y no batanes.",0,0
"¡Asilde, hola, y llevalde, que yo haré que duerma allí sin aire esta noche!",0,0
"Dime, valeroso joven, que Dios prospere tus ansias, si te criaste en la Libia o en las montañas de Jaca, si sierpes te dieron leche, si a dicha fueron tus amas la aspereza de las selvas y el horror de las montañas.",1,0
Pues si ello es así,0,1
"Roque pasaba las noches apartado de los suyos, en partes y lugares donde ellos no pudiesen saber dónde estaba, porque los muchos bandos que el visorrey de Barcelona había echado sobre su vida le traían inquieto y temeroso, y no se osaba fiar de ninguno, temiendo que los mismos suyos o le habían de matar o entregar a la justicia.",1,0
Virtud es,0,1
"Y, sacudiéndose los dedos, se lavó toda la mano en el río, por el cual sosegadamente se deslizaba el barco por mitad de la corriente, sin que le moviese alguna inteligencia secreta, ni algún encantador escondido, sino el mismo curso del agua, blando entonces y suave.",0,0
"Salí de mi patria, empeñé mi hacienda, dejé mi regalo y entreguéme en los brazos de la fortuna, que me llevasen donde más fuese servida.",1,0
"No quiso desayunarse don Quijote, porque, como está dicho, dio en sustentarse de sabrosas memorias.",1,0
"A lo cual respondió el cautivo que de muy buena gana haría lo que se le mandaba, y que solo temía que el cuento no había de ser tal que les diese el gusto que él deseaba, pero que, con todo eso, por no faltar en obedecelle, le contaría.",1,0
"respondió don Quijote-, que estuviera aquí presente aquel bendito religioso que a la mesa, el otro día, mostró tener tan mal talante y tan mala ojeriza contra los caballeros andantes, para que viera por vista de ojos si los tales caballeros son necesarios en el mundo: tocara por lo menos con la mano que los extraordinariamente afligidos y desconsolados, en casos grandes y en desdichas inormes no van a buscar su remedio a las casas de los letrados, ni a la de los sacristanes de las aldeas, ni al caballero que nunca ha acertado a salir de los términos de su lugar, ni al perezoso cortesano que antes busca nuevas para referirlas y contarlas que procura hacer obras y hazañas",0,0
"Naturalmente eres cobarde, Sancho",0,1
"El haberse detenido Sancho con Ricote no le dio lugar a que aquel día llegase al castillo del duque, puesto que llegó media legua dél, donde le tomó la noche algo escura y cerrada, pero como era verano no le dio mucha pesadumbre y, así, se apartó del camino con intención de esperar la mañana; y quiso su corta y desventurada suerte que buscando lugar donde mejor acomodarse cayeron él y el rucio en una honda y escurísima sima que entre unos edificios muy antiguos estaba, y al tiempo del caer se encomendó a Dios de todo corazón, pensando que no había de parar hasta el profundo de los abismos: y no fue así, porque a poco más de tres",1,0
"su merced estaba ahechando aquel trigo que dije, el mucho polvo que sacaba se le puso como nube ante el rostro y se le escureció.",1,0
"Por Marcela, dirás",0,1
"Finalmente, sin hablarse palabra, se pusieron a caballo y se apartaron del famoso río, don Quijote sepultado en los pensamientos de sus amores y Sancho en los de su acrecentamiento, que por entonces le parecía que estaba bien lejos de tenerle, porque, maguer era tonto, bien se le alcanzaba que las acciones de su amo, todas o las más, eran disparates, y buscaba ocasión de que, sin entrar en cuentas ni en despedimientos con su señor, un día se desgarrase y se fuese a su casa; pero la fortuna ordenó las cosas muy al revés de lo que él temía.",1,0
"Venía también un caballero armado de punta en blanco, excepto que no traía morrión ni celada, sino un sombrero lleno de plumas de diversas colores.",0,0
"Cuando esperaba oír nuevas de tus descuidos e impertinencias, Sancho amigo, las oí de tus discreciones, de que di por ello gracias particulares al cielo, el cual del estiércol sabe levantar los pobres, y de los tontos hacer discretos.",1,0
"Digo, pues, que con todo su acompañamiento llegó Sancho a un lugar de hasta mil vecinos, que era de los mejores que el duque tenía.",1,0
"Y poniéndole un libro en las manos, que traía su compañero, le tomó don Quijote y, sin responder palabra, comenzó a hojearle, y de allí a un poco se le volvió, diciendo:",0,0
"Señor, quienquiera que seáis, hacednos merced y beneficio de darnos un poco de romero, aceite, sal y vino, que es menester para curar uno de los mejores caballeros andantes que hay en la tierra, el cual yace en aquella cama malferido por las manos del encantado moro que está en esta venta.",0,0
"Tomad mi consejo y, a pesar de la malicia de mis enemigos, casaos con él, que sin duda es el mismo que vos deseáis alcanzar por esposo.",0,0
«Sin duda,0,1
"Ninguno, sin duda alguna.",0,0
"Llegó la noche y cenó el gobernador, con licencia del señor doctor Recio.",0,0
"Consolóse con esto Sancho y aseguró a la princesa que tuviese por cierto que él había visto la cabeza del gigante, y que por más señas tenía una barba que le llegaba a la cintura, y que si no parecía era porque todo cuanto en aquella casa pasaba era por vía de encantamento, como él lo había probado otra vez que había posado en ella.",1,0
"Cuenta Cide Hamete Benengeli en la segunda parte desta historia y tercera salida de don Quijote que el cura y el barbero se estuvieron casi un mes sin verle, por no renovarle y traerle a la memoria las cosas pasadas, pero no por esto dejaron de visitar a su sobrina y a su ama, encargándolas tuviesen cuenta con regalarle, dándole a comer cosas confortativas y apropiadas para el corazón y el celebro, de donde procedía, según buen discurso, toda su mala ventura.",1,0
"Tomad, señora ama, abrid esa ventana y echadle al corral, y dé principio al montón de la hoguera que se ha de hacer.",0,0
"En efecto, en efecto, más vale pájaro en mano que buitre volando.",0,0
"por qué se fue mi mujer y mi hija antes a Berbería que a Francia, adonde podía vivir como cristiana.",1,0
"Solo resta por deciros que de cuanta gente de acompañamiento saqué de mi reino no me ha quedado sino solo este bien barbado escudero, porque todos se anegaron en una gran borrasca que tuvimos a vista del puerto, y él y yo salimos en dos tablas a tierra, como por milagro: y así es todo milagro y misterio el discurso de mi vida, como lo habréis notado.",0,0
"Dorotea dijo que así lo creía y que no tuviese pena, que todo se haría bien y sucedería a pedir de boca.",1,0
"Pues a fe de bueno que no he dicho yo mal de ningún encantador, ni tengo tantos bienes que pueda ser envidiado; bien es verdad que soy algo malicioso y que tengo mis ciertos asomos de bellaco, pero todo lo cubre y tapa la gran capa de la simpleza mía, siempre natural y nunca artificiosa; y cuando otra cosa no tuviese sino el creer, como siempre creo, firme y verdaderamente en Dios y en todo aquello que tiene y cree la santa Iglesia Católica Romana, y el ser enemigo mortal, como lo soy, de los judíos, debían los historiadores tener misericordia de mí y tratarme bien en sus escritos.",0,0
"Son tan extraordinarias las cosas que suceden al señor don Quijote, que estoy por creer que este mi lacayo no lo es; pero usemos deste ardid y maña: dilatemos el casamiento quince días siquiera, y tengamos encerrado a este personaje que nos tiene dudosos, en los cuales podría ser que volviese a su prístina figura, que no ha de durar tanto el rancor que los encantadores tienen al señor don Quijote, y más yéndoles tan poco en usar estos embelecos y transformaciones.",0,0
Así había de ser,0,1
"Yo muero, en fin, y porque nunca espere buen suceso en la muerte ni en la vida, pertinaz estaré en mi fantasía.",1,0
Dios lo oiga y el pecado sea sordo,0,1
Ni yo lo digo ni lo pienso,0,1
A lo que Sancho respondió:,0,0
No quede por eso,0,1
"Pasmóse el duque, suspendióse la duquesa, admiróse don Quijote, tembló Sancho Panza, y, finalmente, aun hasta los mesmos sabidores de la causa se espantaron.",0,0
"Besóle por ello las manos Sancho, con la coroza en la mano y las rodillas en el suelo.",0,0
Y en efecto ¿qué dice Teresa?,0,0
"Tienes mucha razón, sobrina, en lo que dices",0,1
"¡Qué tengo de dormir, pesia a mí",0,1
"replicó don Quijote-, y no te turbes cuando te vieres ante la luz del sol de hermosura que vas a buscar.",0,0
Yo sí pongo,0,1
"En verdad que tendrían mucha razón, cuando no considerasen que soy mandado, y que Mensajero sois, amigo, no merecéis culpa, non.",0,0
Así es como el señor gobernador dice,0,1
"¡Vivan Camacho y Quiteria, él tan rico como ella hermosa, y ella la más hermosa del mundo!",0,0
"Ten aquí, Sancho, hijo, ayúdame a desnudar, que quiero ver si soy el caballero que aquel sabio rey dejó profetizado.",0,0
¡Yo no sé qué tienen que ver mis posas con los encantos!,0,0
"No te quiero yo a montón, ni te pretendo y te sirvo por lo de barraganía, que más bueno es mi designio.",1,0
Volvióse don Quijote a la duquesa y dijo:,1,0
"¿Y cómo se llamaba ese capitán, señor mío?",0,1
"Porque sé que eres sabida, en que me quieres me afirmo, que nunca fue desdichado amor que fue conocido.",0,1
"Hízolo así don Quijote, teniendo las riendas a Rocinante hasta que llegase su cansado escudero, el cual, en llegando, le dijo:",0,0
"Y con parte de la estrecha cama del ventero, y con la mitad de la que el oidor traía, se acomodaron aquella noche mejor de lo que pensaban.",1,0
"Presto habré de morir, que es lo más cierto:",1,0
"Y siendo esto así, como lo es, no tengo yo de perseguir a ningún sacerdote, y más si tiene por añadidura ser familiar del Santo Oficio; y si él lo dijo por quien parece que lo dijo, engañóse de todo en todo, que del tal adoro el ingenio, admiro las obras y la ocupación continua y virtuosa.",1,0
"Y cuando todo esto falte, tu misma conciencia no ha de faltar de dar voces callando en mitad de tus alegrías, volviendo por esta verdad que te he dicho y turbando tus mejores gustos y contentos.",1,0
"Verdad es que la gallardía del cuerpo suplía las demás faltas: no tenía siete palmos de los pies a la cabeza, y las espaldas, que algún tanto le cargaban, la hacían mirar al suelo más de lo que ella quisiera.",1,0
"En eso harás lo que debes, Sancho",0,1
"Y si es alguna glosa, a mí se me entiende algo de achaque de glosas, y holgaría saberlos; y si es que son de justa literaria, procure vuestra merced llevar el segundo premio, que el primero siempre se le lleva el favor o la gran calidad de la persona, el segundo se le lleva la mera justicia, y el tercero viene a ser segundo, y el primero, a esta cuenta, será el tercero, al modo de las licencias que se dan en las universidades; pero, con todo esto, gran personaje es el nombre de primero.",0,1
"¿Es verdad, caballero, que os dais por vencido y que, instigado de vuestra temerosa conciencia, os queréis casar con esta doncella?",0,0
Pues ¿por ventura,0,1
"No os fiéis en eso, Sancho, porque la gente manchega es tan colérica como honrada y no consiente cosquillas de nadie.",0,0
"Y a vos ¿qué os parece, señora doncella?",0,1
"Otra vez me mandó que me precipitase y sumiese en la sima de Cabra, peligro inaudito y temeroso y que le trujese particular relación de lo que en aquella escura profundidad se encierra.",0,0
¿Qué de su gallardo entendimiento?,0,0
"Criado de Vuestra Excelencia, Miguel de Cervantes Saavedra",1,0
"Así el vivir me mata, que la muerte me torna a dar la vida.",1,0
"Tú no puedes ser de la hermosa Luscinda, porque eres mío, ni ella puede ser tuya, porque es de Cardenio; y más fácil te será, si en ello miras, reducir tu voluntad a querer a quien te adora, que no encaminar la que te aborrece a que bien te quiera.",0,0
"El buen paso, el regalo y el reposo, allá se inventó para los blandos cortesanos; mas el trabajo, la inquietud y las armas solo se inventaron e hicieron para aquellos que el mundo llama caballeros andantes, de los cuales yo, aunque indigno, soy el menor de todos.",0,0
"Ves aquí, Sancho, los medios por donde se alcanzan los estremos de alabanzas que consigo trae la buena fama.",0,0
"¿Yo, señor?",0,1
si es que este título se puede dar al que es pobre,0,0
"Ya en esto don Quijote y Sancho, que la paliza de Rocinante habían visto, llegaban ijadeando, y dijo don Quijote a Sancho:",1,0
"Paréceme, señor hidalgo, que la plática de vuestra merced se ha encaminado a querer darme a entender que no ha habido caballeros andantes en el mundo y que todos los libros de caballerías son falsos, mentirosos, dañadores e inútiles para la república, y que yo he hecho mal en leerlos, y peor en creerlos, y más mal en imitarlos, habiéndome puesto a seguir la durísima profesión de la caballería andante que ellos enseñan, negándome que no ha habido en el mundo Amadises, ni de Gaula ni de Grecia, ni todos los otros caballeros de que las escrituras están llenas.",0,0
"Después se supo que había jurado el duque que si a él no le lavaran como a don Quijote, había de castigar su desenvoltura, lo cual habían enmendado discretamente con haberle a él jabonado.",0,0
"respondió Sancho-, que con un par de pollos que nos asen tendremos lo suficiente, porque mi señor es delicado y come poco, y yo no soy tragantón en demasía.",0,0
"¿Adónde, Sancho?",0,1
Vamos de priesa,0,1
"En estas imaginaciones iba todo ocupado, cuando Sancho le dijo:",1,0
"Y con esto Nuestro Señor dé a vuesa merced mucha salud, y a nosotras no nos desampare.",0,0
"Por otra parte, considero que él la contó y la dijo con todas las circunstancias dichas, y que no pudo fabricar en tan breve espacio tan gran máquina de disparates; y si esta aventura parece apócrifa, yo no tengo la culpa, y, así, sin afirmarla por falsa o verdadera, la escribo.",1,0
"Viendo don Quijote la humildad del alcaide de la fortaleza, que tal le pareció a él el ventero y la venta, respondió:",0,0
"Tan buen pan hacen aquí como en Francia, y de noche todos los gatos son pardos, y asaz de desdichada es la persona que a las dos de la tarde no se ha desayunado, y no hay estómago que sea un palmo mayor que otro, el cual se puede llenar, como suele decirse, de paja y de heno; y las avecitas del campo tienen a Dios por su proveedor y despensero, y más calientan cuatro varas de paño de Cuenca que otras cuatro de límiste de Segovia, y al dejar este mundo y meternos la tierra adentro por tan estrecha senda va el príncipe como el jornalero, y no ocupa más pies de tierra el cuerpo del papa que el",0,0
"Y al pasar por una galería estaban aposta esperándole Altisidora y la otra doncella su amiga, y así como Altisidora vio a don Quijote fingió desmayarse, y su amiga la recogió en sus faldas y con gran presteza la iba a desabrochar el pecho.",1,0
Todo puede ser,0,1
"Don Quijote, que se vio libre, acudió a subirse sobre el cabrero, el cual, lleno de sangre el rostro, molido a coces de Sancho, andaba buscando a gatas algún cuchillo de la mesa para hacer alguna sanguinolenta venganza, pero estorbábanselo el canónigo y el cura; mas el barbero hizo de suerte que el cabrero cogió debajo de sí a don Quijote, sobre el cual llovió tanto número de mojicones, que del rostro del pobre caballero llovía tanta sangre como del suyo.",0,0
dijo don Quijote.,0,0
"Pero, en resolución, Ginés le hurtó estando sobre él durmiendo Sancho Panza, usando de la traza y modo que usó Brunelo cuando, estando Sacripante sobre Albraca, le sacó el caballo de entre las piernas, y después le cobró Sancho como se ha contado.",1,0
"dijo la duquesa- que mi buena doña Rodríguez tiene razón, y muy grande, pero conviene que aguarde tiempo para volver por sí y por las demás dueñas, para confundir la mala opinión de aquel mal boticario, y desarraigar la que tiene en su pecho el gran Sancho Panza.",0,0
"Así, ¡oh Sancho!, que nuestras obras no han de salir del límite que nos tiene puesto la religión cristiana que profesamos.",0,0
"Tomóse el parecer del barbero y, así, tornaron a proseguir su camino.",1,0
"En confirmación de lo cual, quiero que veáis por vuestros ojos cómo se ha pasado aquí y trasladado entre nosotros la discordia del campo de Agramante.",0,0
Allí le parece que el cielo es más transparente y que el sol luce con claridad más nueva.,0,0
"Por encima de la loba le ceñía y atravesaba un ancho tahelí, también negro, de quien pendía un desmesurado alfanje de guarniciones y vaina negra.",1,0
"Notad cómo el cielo, por desusados y a nosotros encubiertos caminos, me ha puesto a mi verdadero esposo delante, y bien sabéis por mil costosas experiencias que sola la muerte fuera bastante para borrarle de mi memoria.",0,0
"Este hará veinte y dos años que salí de casa de mi padre, y en todos ellos, puesto que he escrito algunas cartas, no he sabido dél ni de mis hermanos nueva alguna; y lo que en este discurso de tiempo he pasado lo diré brevemente.",1,0
"¿En qué opinión me tiene el vulgo, en qué los hidalgos y en qué los caballeros?",0,0
"Y muéveme, entre otras cosas, a fiar de ti esta tan ardua empresa el ver que si de ti es vencida Camila, no ha de llegar el vencimiento a todo trance y rigor, sino a solo a tener por hecho lo que se ha de hacer, por buen respeto, y, así, no quedaré yo ofendido más de con el deseo, y mi injuria quedará escondida en la virtud de tu silencio, que bien sé que en lo que me tocare ha de ser eterno como el de la muerte.",1,0
"¿Sabéis lo que pasa en el lugar, compañeros?",0,0
Y si son servicios parte,0,1
"Este Ginés, pues, temeroso de no ser hallado de la justicia, que le buscaba para castigarle de sus infinitas bellaquerías y delitos, que fueron tantos y tales, que él mismo compuso un gran volumen contándolos, determinó pasarse al reino de Aragón y cubrirse el ojo izquierdo, acomodándose al oficio de titerero, que esto y el jugar de manos lo sabía hacer por estremo.",1,0
"Tenía un mayordomo el duque de muy burlesco y desenfadado ingenio, el cual hizo la figura de Merlín y acomodó todo el aparato de la aventura pasada, compuso los versos y hizo que un paje hiciese a Dulcinea.",1,0
"Ya le pareció a don Quijote que era bien salir de tanta ociosidad como la que en aquel castillo tenía, que se imaginaba ser grande la falta que su persona hacía en dejarse estar encerrado y perezoso entre los infinitos regalos y deleites que como a caballero andante aquellos señores le hacían, y parecíale que había de dar cuenta estrecha al cielo de aquella ociosidad y encerramiento ; y, así, pidió un día licencia a los duques para partirse.",1,0
"Y cuando esto suceda al revés de lo que pienso, con el gusto de ver que acerté en mi opinión llevaré sin pena la que de razón podrá causarme mi tan costosa experiencia.",1,0
"¿Qué decís vos a esto, Sancho?",0,1
Por mí no quedará,0,1
"También les dijo que sería bien que él fuese delante a buscarle y darle la respuesta de su señora; que ya sería ella bastante a sacarle de aquel lugar, sin que ellos se pusiesen en tanto trabajo.",1,0
Es liberal en estremo,0,1
"Sí tendré, si a Dios place",0,1
"La hora, el tiempo, la soledad, la voz y la destreza del que cantaba causó admiración y contento en los dos oyentes, los cuales se estuvieron quedos, esperando si otra alguna cosa oían; pero viendo que duraba algún tanto el silencio, determinaron de salir a buscar el músico que con tan buena voz cantaba.",1,0
¡Eso juro yo,0,1
"Que me maten, Sancho",0,1
"Fuele a buscar donde el ventero le había dicho que estaba, y hallóle y díjole que en todo caso le dijese luego lo que le había de decir después acerca de lo que le había preguntado en el camino.",1,0
"¿Quién te persigue, o quién te acosa, ánimo de ratón casero, o qué te falta, menesteroso en la mitad de las entrañas de la abundancia?",0,0
"Aprieta, caballero, la lanza y quítame la vida, pues me has quitado la honra.",0,0
"Don Quijote, que vio la atención con que Sancho miraba lo que pasaba, le dijo:",1,0
A esto respondió don Quijote:,1,0
No hará tal,0,1
"mismos ojos que no nos habemos apartado de la ribera cinco varas, ni hemos decantado de donde están las alemañas dos varas, porque allí están Rocinante y el rucio en el propio lugar do los dejamos; y tomada la mira, como yo la tomo ahora, voto a tal que no nos movemos ni andamos al paso de una hormiga.",1,0
No entiendo,0,1
Todo pudo ser,0,1
"Don Quijote recibió mucho gusto con las tales nuevas, y se prometió a sí mismo de hacer maravillas en el caso, y tuvo a gran ventura habérsele ofrecido ocasión donde aquellos señores pudiesen ver hasta dónde se estendía el valor de su poderoso brazo; y así, con alborozo y contento, esperaba los cuatro días, que se le iban haciendo, a la cuenta de su deseo, cuatrocientos siglos Dejémoslos pasar nosotros, como dejamos pasar otras cosas, y vamos a acompañar a Sancho que entre alegre y triste venía caminando sobre el rucio a buscar a su amo, cuya compañía le agradaba más que ser gobernador de todas las ínsulas del mundo.",1,0
"Iba cantando seguidillas, para entretener el trabajo del camino.",1,0
"Y a vuestra merced, ¿quién le fía, señor cura?",0,1
"Y habiendo pasado entre todos corteses ofrecimientos y tanteado la comodidad de la venta, se ordenó lo que antes estaba ordenado: que todas las mujeres se entrasen en el camaranchón ya referido, y que los hombres se quedasen fuera, como en su guarda.",1,0
"Y no lo tengas a mucho, que cosas y casos acontecen a los tales caballeros por modos tan nunca vistos ni pensados, que con facilidad te podría dar aun más de lo que te prometo.",0,0
"Tres días y tres noches estuvo don Quijote con Roque, y si estuviera trecientos años, no le faltara qué mirar y admirar en el modo de su vida: aquí amanecían, acullá comían; unas veces huían, sin saber de quién, y otras esperaban, sin saber a quién; dormían en pie, interrompiendo el sueño, mudándose de un lugar a otro.",1,0
"Tenía en su casa una ama que pasaba de los cuarenta y una sobrina que no llegaba a los veinte, y un mozo de campo y plaza que así ensillaba el rocín como tomaba la podadera.",1,0
"A imitación nuestra, otros muchos de los pretendientes de Leandra se han venido a estos ásperos montes usando el mismo ejercicio nuestro, y son tantos, que parece que este sitio se ha convertido en la pastoral Arcadia, según está colmo de pastores y de apriscos, y no hay parte en él donde no se oiga el nombre de la hermosa Leandra.",1,0
"No se ha de comer, señor gobernador, sino como es uso y costumbre en las otras ínsulas donde hay gobernadores.",0,0
"Esa costumbre, señor escudero",0,1
Un estudiante,0,1
"¿No te parece, animalia",0,1
"Otros muchos escribió, pero, como se ha dicho, no se pudieron sacar en limpio ni enteros más destas tres coplas.",1,0
"Mas ellas, que, a lo que pareció, debían de tener más gana de pacer que de ál, recibiéronle con las herraduras y con los dientes, de tal manera, que a poco espacio se le rompieron las cinchas, y quedó sin silla, en pelota.",1,0
"En cuanto poetas, no la dicen",0,1
"Al caballero pobre no le queda otro camino para mostrar que es caballero sino el de la virtud, siendo afable, bien criado, cortés y comedido y oficioso, no soberbio, no arrogante, no murmurador, y, sobre todo, caritativo, que con dos maravedís que con ánimo alegre dé al pobre se mostrará tan liberal como el que a campana herida da limosna, y no habrá quien le vea adornado de las referidas virtudes que, aunque no le conozca, deje de juzgarle y tenerle por de buena casta, y el no serlo sería milagro; y siempre la alabanza fue premio de la virtud, y los virtuosos no pueden dejar de ser alabados.",1,0
"A ti digo, ¡oh varón como se debe por jamás alabado!, a ti, valiente juntamente y discreto don Quijote, de la Mancha esplendor, de España estrella, que para recobrar su estado primo la sin par Dulcinea del Toboso es menester que Sancho tu escudero se dé tres mil azotes y trecientos en ambas sus valientes posaderas, al aire descubiertas, y de modo, que le escuezan, le amarguen y le enfaden.",0,0
"En resolución, estando todos en regocijo y fiesta, sino los dos aporreantes que se carpían, oyeron el son de una trompeta, tan triste, que les hizo volver los rostros hacia donde les pareció que sonaba; pero el que más se alborotó de oírle fue don Quijote, el cual, aunque estaba debajo del cabrero, harto contra su voluntad y más que medianamente molido, le dijo:",1,0
"Hízolo así el bachiller; partióse en su busca; no le halló en Zaragoza, pasó adelante, y sucedióle lo que queda referido.",1,0
"respondió Teresa-: casadla con su igual, que es lo más acertado; que si de los zuecos la sacáis a chapines, y de saya parda de catorceno a verdugado y saboyanas de seda, y de una Marica y un tú a una doña tal y señoría, no se ha de hallar la mochacha, y a cada paso ha de caer en mil faltas, descubriendo la hilaza de su tela basta y grosera.",0,0
"Ni ella es puta, ni lo fue su madre, ni lo será ninguna de las dos, Dios quiriendo, mientras yo viviere.",0,0
"No menos causaban risa las necedades que decía el barbero que los disparates de don Quijote, el cual a esta sazón dijo:",0,0
Pues yo voy por él,0,1
Antes he yo oído decir,0,1
¿Y cuándo te vas?,0,1
dijo el cura-.,0,0
"Digo, pues, que por estos y otros muchos respetos es digno nuestro gallardo Quijote de continuas y memorables alabanzas, y aun a mí no se me deben negar, por el trabajo y diligencia que puse en buscar el fin desta agradable historia; aunque bien sé que si el cielo, el caso y la fortuna no me ayudan , el mundo quedara falto y sin el pasatiempo y gusto que bien casi dos horas podrá tener el que con atención la leyere.",1,0
Bien podría ser,0,1
"Colgó Cardenio del arzón de la silla de Rocinante, del un cabo, la adarga y, del otro, la bacía, y por señas mandó a Sancho que subiese en su asno y tomase de las riendas a Rocinante, y puso a los dos lados del carro a los dos cuadrilleros con sus escopetas.",1,0
"¿Y paréceos que fuera acertado y bien hecho que si los del Toboso supiesen que estáis vos aquí con intención de ir a sonsacarles sus princesas y a desasosegarles sus damas, viniesen y os moliesen las costillas a puros palos y no os dejasen hueso sano?",0,0
¡Discreta señora!,0,1
"Púsole una saya de paño, llena de fajas de terciopelo negro de un palmo en ancho, todas acuchilladas , y unos corpiños de terciopelo verde guarnecidos con unos ribetes de raso blanco, que se debieron de hacer, ellos y la saya, en tiempo del rey Bamba.",1,0
"Salga, madre Teresa, salga, salga, que viene aquí un señor que trae cartas y otras cosas de mi buen padre.",0,0
"La bacía yo la llevo en el costal, toda abollada, y llévola para aderezarla en mi casa y hacerme la barba en ella, si Dios me diere tanta gracia que algún día me vea con mi mujer y hijos.",1,0
"No causó poca risa en los que hallaron los versos referidos el añadidura «del Toboso» al nombre de Dulcinea, porque imaginaron que debió de imaginar don Quijote que si en nombrando a Dulcinea no decía también «del Toboso», no se podría entender la copla; y así fue la verdad, como él después confesó.",0,0
"Sucedió, pues, que yendo días y viniendo días la niña Antonomasia llegó a edad de catorce años con tan gran perfeción de hermosura, que no la pudo subir más de punto la naturaleza.",1,0
"Así es como vuestra merced dice, señor canónigo",0,1
"En efecto, el tal Camacho es liberal y hásele antojado de enramar y cubrir todo el prado por arriba, de tal suerte, que el sol se ha de ver en trabajo si quiere entrar a visitar las yerbas verdes de que está cubierto el suelo.",0,0
"Yo le respondí que ya estaba rescatado y que en el precio podía echar de ver en lo que mi amo me estimaba, pues había dado por mí mil y quinientos zoltanís.",1,0
"Tendieron don Quijote y Sancho la vista por todas partes: vieron el mar, hasta entonces dellos no visto; parecióles espaciosísimo y largo, harto más que las lagunas de Ruidera que en la Mancha habían visto; vieron las galeras que estaban en la playa, las cuales, abatiendo las tiendas, se descubrieron llenas de flámulas y gallardetes que tremolaban al viento y besaban y barrían el agua; dentro sonaban clarines, trompetas y chirimías, que cerca y lejos llenaban el aire de suaves y belicosos acentos.",1,0
"Levantóse Sancho con harto dolor de sus huesos y fue ascuras donde estaba el ventero; y encontrándose con el cuadrillero, que estaba escuchando en qué paraba su enemigo, le dijo:",1,0
¿Y a qué se atiene el autor?,0,0
"Mas quien primero rompió el silencio fue Luscinda, hablando a don Fernando desta manera:",1,0
No se sale,0,1
Eso será,0,1
"Verdad es que al segundo toque dieron con Sancho en el suelo, y lo mesmo le avino a don Quijote, sin que le valiese su destreza y buen ánimo, y quiso su ventura que viniese a caer a los pies de Rocinante, que aún no se había levantado: donde se echa de ver la furia con que machacan estacas puestas en manos rústicas y enojadas.",1,0
"Mas que se lleve Satanás a cuantas Dulcineas hay en el mundo, pues vale más la salud de un solo caballero andante que todos los encantos y transformaciones de la tierra.",0,0
"dijo don Quijote-, te vas haciendo menos simple y más discreto.",0,0
"Ya en esto amanecía, y si los muertos los habían espantado, no menos los atribularon más de cuarenta bandoleros vivos que de improviso les rodearon, diciéndoles en lengua catalana que estuviesen quedos y se detuviesen, hasta que llegase su capitán.",0,0
"dijo el bachiller-, pues a mí de derecho me habéis vuelto tuerto, dejándome una pierna quebrada, la cual no se verá derecha en todos los días de su vida; y el agravio que en mí habéis deshecho ha sido dejarme agraviado de manera que me",0,0
"Sí, que, ¡válgame Dios!, no hay para qué obligar al sayagués a que hable como el toledano, y toledanos puede haber que no las corten en el aire en esto del hablar polido.",0,0
"Sucedió, pues, que otro día, al poner del sol y al salir de una selva, tendió don Quijote la vista por un verde prado, y en lo último dél vio gente y, llegándose cerca, conoció que eran cazadores de altanería.",1,0
"Llenósele la fantasía de todo aquello que leía en los libros, así de encantamentos como de pendencias, batallas, desafíos, heridas, requiebros, amores, tormentas y disparates imposibles; y asentósele de tal modo en la imaginación que era verdad toda aquella máquina de aquellas soñadas invenciones que leía, que para él no había otra historia más cierta en el mundo.",1,0
"Porque en Dios y en mi ánima que lo he bien menester, y aun que si me las rapasen a navaja, lo tendría a más beneficio.",0,0
"Reincorporóse y redújose el renegado con la Iglesia, y de miembro podrido volvió limpio y sano con la penitencia y el arrepentimiento.",1,0
Pues ¿para qué quiere vuestra merced desnudarse?,0,1
Sé padre de las virtudes y padrastro de los vicios.,1,0
"¡Ea, hijos, no se nos vaya!",0,0
"No haré, señor mío",0,1
"Viendo yo esto, no quise dejar de probar la suerte, y así como llegué a ponerme debajo de la caña, la dejaron caer, y dio a mis pies dentro del baño.",1,0
"esta borrasca y mala andanza casi dos horas, al cabo de las cuales no quedó como su amo, sino tan molido y quebrantado, que no se podía tener.",1,0
"Diole la mano el general, que con este nombre le llamaremos, que era un principal caballero valenciano; abrazó a don Quijote, diciéndole:",1,0
"¡Oh, cuán bien hacía aquella señora de quien se dice que tenía dos dueñas de bulto con sus antojos y almohadillas al cabo de su estrado, como que estaban labrando, y tanto le servían para la autoridad de la sala aquellas estatuas como las dueñas verdaderas!",0,0
"o adonde el sol jamás mostró su lumbre, o entre la venenosa muchedumbre de fieras que alimenta el libio llano.",1,0
"No se atenga a eso, señor",0,1
"Los azotes a que yo me obligué han de ser voluntarios, y no por fuerza, y ahora no tengo gana de azotarme: basta que doy a vuesa merced mi palabra de vapularme y mosquearme cuando en voluntad me viniere.",0,0
"¿Quién, señor?",0,1
"Las mozas, que no estaban hechas a oír semejantes retóricas, no respondían palabra; solo le preguntaron si quería comer alguna cosa.",1,0
Eso os cumple,0,1
dijo don Quijote- los que ponen la mira en virtuosos fines.,0,0
Muy bien lo pinta y facilita vuestra merced,0,1
"Dame de vestir y déjame salir allá fuera, que quiero ver los sucesos y transformaciones que dices.",0,0
"No, señor, no es así",0,1
Pero él seguía con su romance a cuanto le preguntaba.,1,0
No importa que no hayas jurado,0,1
"¿Qué canasta de ropa blanca, de camisas, de tocadores y de escarpines, aunque",0,0
"No, señor",0,1
"Conjúrote por todo aquello que puedo conjurarte como católico cristiano que me digas quién eres; y si eres alma en pena, dime qué quieres que haga por ti, que pues es mi profesión favorecer y acorrer a los necesitados deste mundo, también lo seré para acorrer y ayudar a los menesterosos del otro mundo, que no pueden ayudarse por sí propios.",0,0
"Mas yo te juro, Sancho Panza, a fe de caballero andante, que antes que pasen dos días, si la fortuna no ordena otra cosa, la tengo de tener en mi poder, o mal me han de andar las manos.",0,0
"En estas pláticas y en otras semejantes llegaron al lugar, a la hora que anochecía, pero el labrador aguardó a que fuese algo más noche, porque no viesen al molido hidalgo tan mal caballero.",0,0
"Luscinda, Dorotea, la ventera, su hija y Maritornes, llevadas del nuevo y para ellas nunca visto traje, rodearon a la mora, y Dorotea, que siempre fue agraciada, comedida y discreta, pareciéndole que así ella como el que la traía se congojaban por la falta del aposento, le dijo:",1,0
"replicó don Quijote-, y cuando tú veas coyuntura de poner en obra mi libertad, yo te obedeceré en todo y por todo; pero tú, Sancho, verás como te engañas en el conocimiento de mi desgracia.",0,0
"¿Bardas de corral se te antojaron aquellas, Sancho",0,1
"Y entre los muchos que tan buen deseo tenían fui yo uno, a quien dieron muchas y grandes esperanzas de buen suceso conocer que el padre conocía quién yo era, el ser natural del mismo pueblo, limpio en sangre, en la edad floreciente, en la hacienda muy rico y en el ingenio no menos acabado.",0,1
"Y lo que he pensado es hacer de mi hacienda cuatro partes: las tres os daré a vosotros, a cada uno lo que le tocare, sin exceder en cosa alguna, y con la otra me quedaré yo para vivir y sustentarme los días que el cielo fuere servido de darme de vida.",0,1
Engáñaste en eso,0,1
"¡Oh compañero y amigo mío, qué mal pago te he dado de tus buenos servicios!",0,0
"Rogó don Quijote que le dejasen solo, porque quería dormir un poco.",1,0
Muy bien dice vuestra merced,0,1
A lo que respondió Sancho Panza:,1,0
"no era caballero melindroso, ni tan llorón como su hermano, y que en lo de la valentía no le iba en zaga.",1,0
"Por esto será famosa desde Henares a Jarama, desde el Tajo a Manzanares, desde Pisuerga hasta Arlanza.",1,0
"tomase los dos mil ducados, porque a mí me bastaba el resto para acomodarme de lo que había menester un soldado.",1,0
"Pidióle el duque que si le hallase, y le venciese o no, se volviese por allí a darle cuenta del suceso.",1,0
"Y estando un día a la mesa con los duques y comenzando a poner en obra su intención y pedir la licencia, veis aquí a deshora entrar por la puerta de la gran sala dos mujeres, como después pareció, cubiertas de luto de los pies a la cabeza; y la una dellas, llegándose a don Quijote, se le echó a los pies tendida de largo a largo, la boca cosida con los pies de don Quijote, y daba unos gemidos tan tristes, tan profundos y tan dolorosos, que puso en confusión a todos los que la oían y miraban.",1,0
"En tanto que el cura decía estas razones estaba la disfrazada moza como embelesada, mirándolos a todos, sin mover labio ni decir palabra alguna, bien así como rústico aldeano que de improviso se le muestran cosas raras y dél jamás vistas.",0,0
"Hermano, si sois juglar",0,1
"Tienes mucha razón, Sancho",0,1
"Con todo esto, entre otras muchas razones que con él pasaron, le dijo el ama:",1,0
"Pues venid, doncella",0,1
"No se hizo de rogar Sancho, y entretejióse entre los tres y hizo cuarto en la conversación, con gran gusto de la duquesa y del duque, que tuvieron a gran ventura acoger en su castillo tal caballero andante y tal escudero andado.",1,0
"Dícenme que gobiernas como si fueses hombre, y que eres hombre como si fueses bestia, según es la humildad con que te tratas: y quiero que adviertas, Sancho, que muchas veces conviene y es necesario, por la autoridad del oficio, ir contra la humildad del corazón, porque el buen adorno de la persona que está puesta en graves cargos ha de ser conforme a lo que ellos piden, y no a la medida de lo que su humilde condición le inclina.",1,0
"Hízolo así el poeta, y púsola cual no digan dueñas, y ella quedó satisfecha, por verse con fama, aunque infame.",0,0
"¡No, no, ni Dios lo permita o quiera!",0,0
"en su mismo ser , y en todo trance y en toda ocasión los acometemos, sin mirar en niñerías, ni en las leyes de los desafíos: si lleva o no lleva más corta la lanza o la espada, si trae sobre sí reliquias o algún engaño encubierto, si se ha de partir y hacer tajadas el sol o no, con otras ceremonias deste jaez que se usan en los desafíos particulares de persona a persona, que tú no sabes y yo sí.",0,0
¡Donosa cosa de historiador!,0,0
"Hecho esto y llegadas las once horas de la noche, halló don Quijote una vihuela en su aposento.",1,0
"Pues casarme yo a hurto de mi padre, no lo haré por cuanto hay en el mundo.",0,0
"El descolgar y subir del cordel de los grandes cencerros no cesaba; la mayor parte de la gente del castillo, que no sabía la verdad del caso, estaba suspensa y admirada.",1,0
"Pero, con todo esto, no he proseguido adelante, así por parecerme que hago cosa ajena de mi profesión como por ver que es más el número de los simples que de los prudentes, y que, puesto que es mejor ser loado de los pocos sabios que burlado de los muchos necios, no quiero sujetarme al confuso juicio del desvanecido vulgo, a quien por la mayor parte toca leer semejantes libros.",0,1
"dijo Sancho-, yo sé que hay mucho que decir en eso.",0,0
"El ventero, que era de la cuadrilla, entró al punto por su varilla y por su espada, y se puso al lado de sus compañeros; los criados de don Luis rodearon a don Luis, porque con el alboroto no se les fuese; el barbero, viendo la casa revuelta, tornó a asir de su albarda, y lo mismo hizo Sancho; don Quijote puso mano a su espada y arremetió a los cuadrilleros; don Luis daba voces a sus criados, que le dejasen a él y acorriesen a don Quijote, y a Cardenio y a don Fernando, que todos favorecían a don Quijote; el cura daba voces; la ventera gritaba; su hija se afligía; Maritornes lloraba; Dorotea estaba confusa; Luscinda, suspensa, y",0,0
Pues ¿no?,0,1
"Hiciéronse las diligencias, vio el vicario la cédula, tomó el tal vicario la confesión a la señora, confesó de plano, mandóla depositar en casa de un alguacil de corte muy honrado...",1,0
Vaya vuesa merced,0,1
Eso me semeja,0,1
"Apenas los vio don Quijote, cuando dijo:",1,0
Tu amigo Don Quijote de la Mancha,1,0
"os juro por la fe de caballero y de cristiano de no desampararos hasta veros en poder de don Fernando, y que cuando con razones no le pudiere atraer a que conozca lo que os debe, de usar entonces la libertad que me concede el ser caballero y poder con justo título desafialle, en razón de la sinrazón que os hace, sin acordarme de mis agravios, cuya venganza dejaré al cielo, por acudir en la tierra a los vuestros.",1,0
"respondió Sancho-, pero, con todo, haré lo que vuesa merced me manda, aunque no sé para qué hay necesidad de hacer esas experiencias, pues yo veo con mis",0,0
"Porque aunque suele decirse que por las selvas y campos se hallan pastores de voces estremadas, más son encarecimientos de poetas que verdades; y más cuando advirtieron que lo que oían cantar eran versos, no de rústicos ganaderos, sino de discretos cortesanos.",1,0
Mire vuestra merced bien lo que dice y mejor lo que hace,0,1
"Hízolo así el espantajo prodigioso, y puesto en pie alzó el antifaz del rostro y hizo patente la más horrenda, la más larga, la más blanca y más poblada barba que hasta entonces humanos ojos habían visto, y luego desencajó y arrancó del ancho y dilatado pecho una voz grave y sonora, y poniendo los ojos en el duque dijo:",1,0
"creyendo que era su Luscinda, salió del aposento despavorido, y lo primero que vio fue a don Fernando, que tenía abrazada a Luscinda.",1,0
"Todas estas razones del licenciado escuchó otro loco que estaba en otra jaula, frontero de la del furioso, y, levantándose de una estera vieja donde estaba echado y desnudo en cueros, preguntó a grandes voces quién era el que se iba sano y cuerdo.",0,1
"Dice Cide Hamete, puntualísimo escudriñador de los átomos desta verdadera, que al tiempo que doña Rodríguez salió de su aposento para ir a la estancia de don Quijote, otra dueña que con ella dormía lo sintió, y que, como todas las dueñas son amigas de saber, entender y oler, se fue tras ella, con tanto silencio, que la buena Rodríguez no lo echó de ver; y así como la dueña la vio entrar en la estancia de don Quijote, porque no faltase en ella la general costumbre que todas las dueñas tienen de ser chismosas, al momento lo fue a poner en pico a su señora la duquesa, de como doña Rodríguez quedaba en el aposento de don Quijote.",1,0
"En medio del patio se levantaba un túmulo como dos varas del suelo, cubierto todo con un grandísimo dosel de terciopelo negro, alrededor del cual, por sus gradas, ardían velas de cera blanca sobre más de cien candeleros de plata; encima del cual túmulo se mostraba un cuerpo muerto de una tan hermosa doncella, que hacía parecer con su hermosura hermosa a la misma muerte.",1,0
"Por esto querría que la fortuna me ofreciese presto alguna ocasión donde me hiciese emperador, por mostrar mi pecho haciendo bien a mis amigos, especialmente a este pobre de Sancho Panza, mi escudero, que es el mejor hombre del mundo, y querría darle un condado que le tengo muchos días ha prometido, sino que temo que no ha de tener habilidad para gobernar su estado.",1,0
"alguna gota della luego al punto quedaban sanos de sus llagas y heridas, como si mal alguno hubiesen tenido; mas que, en tanto que esto no hubiese, tuvieron los pasados caballeros por cosa acertada que sus escuderos fuesen proveídos de dineros y de otras cosas necesarias, como eran hilas y ungüentos para curarse; y cuando sucedía que los tales caballeros no tenían escuderos",1,0
"Yo soy Merlín, aquel que las historias dicen que tuve por mi padre al diablo",0,0
¿Qué es caballero aventurero?,0,1
"El cura le dijo que tenía mucha razón en todo cuanto había dicho en favor de las armas, y que él, aunque letrado y graduado, estaba de su mesmo parecer.",1,0
"No estaba muy bien con las heridas que don Belianís daba y recebía, porque se imaginaba que, por grandes maestros que le hubiesen curado, no dejaría de tener el rostro y todo el cuerpo lleno de cicatrices y señales.",0,0
"respondió don Quijote-, y halo hecho muy mal Altisidora en no haberte dado las prometidas camisas; y puesto que tu virtud es gratis data, que no te ha costado estudio alguno, más que estudio es recebir martirios en tu persona.",0,0
"Pues si yo veo otro diablo y oigo otro cuerno como el pasado, así esperaré yo aquí como en Flandes",0,1
"respondió don Antonio-, que así como el fuego no puede estar escondido y encerrado, la virtud no puede dejar de ser conocida, y la que se alcanza por la profesión de las armas resplandece y campea sobre todas las otras.",0,0
"vida del gobernador, y así Dios me le deje gozar, que me muero de hambre, y el negarme la comida, aunque le pese al señor doctor y él más me diga, antes será quitarme la vida que aumentármela.",1,0
"En esto y en suspirar y en llamar a los faunos y silvanos de aquellos bosques, a las ninfas de los ríos, a la dolorosa y húmida Eco, que le respondiese, consolasen y escuchasen, se entretenía, y en buscar algunas yerbas con que sustentarse en tanto que Sancho volvía; que si como tardó tres días, tardara tres semanas, el Caballero de la Triste Figura quedara tan desfigurado que no le conociera la madre que lo parió.",1,0
"El mío, señor rapador",0,1
De todas estas grandes y mínimas partes se compone un buen caballero andante.,1,0
"Traía ansimesmo unos calzones y polainas de paño pardo, y en la cabeza una montera parda.",0,0
respondió Sancho.,0,0
"Comenzaron a comer con grandísimo gusto y muy de espacio, saboreándose con cada bocado, que le tomaban con la punta del cuchillo, y muy poquito de cada cosa, y luego al punto todos a una levantaron los brazos y las botas en el aire: puestas las bocas en su boca, clavados los ojos en el cielo, no parecía sino que ponían en él la puntería; y desta manera, meneando las cabezas a un lado y a otro, señales que acreditaban el gusto que recebían, se estuvieron un buen espacio, trasegando en sus estómagos las entrañas de las vasijas.",0,0
Digo que sí juro,0,1
Real y verdaderamente,0,1
Sí promete,0,1
"Pero, si Amor es dios, es argumento que nada ignora, y es razón muy buena que un dios no sea cruel.",1,0
"La esposa no dio muestras de pesarle de la burla, antes oyendo decir que aquel casamiento, por haber sido engañoso, no había de ser valedero, dijo que ella le confirmaba de nuevo, de lo cual coligieron todos que de consentimiento y sabiduría de los dos se había trazado aquel caso; de lo que quedó Camacho y sus valedores tan corridos, que remitieron su venganza a las manos, y desenvainando muchas espadas arremetieron a Basilio, en cuyo favor en un instante se",0,0
"respondió el del Bosque- no solo para ser condesa, sino para ser ninfa del verde bosque.",0,0
"Estas razones del Roto trujeron a la memoria a don Quijote el cuento que le había contado su escudero, cuando no acertó el número de las cabras que habían pasado el río, y se quedó la historia pendiente.",1,0
No sé esas filosofías,0,1
"respondió Sancho-, no es maravilla que mis sentencias sean tenidas por disparates.",0,0
"Toda aquella noche no durmió don Quijote, pensando en su señora Dulcinea, por acomodarse a lo que había leído en sus libros, cuando los caballeros pasaban sin dormir muchas noches en las florestas y despoblados, entretenidos con las memorias de sus señoras.",1,0
"respondió su amo-, de los brazos largos, que los suelen tener algunos de casi dos leguas.",0,0
"Llegóse en esto el tiempo de la partida de mi padre, la cual él supo, y no de mí, pues nunca pude decírselo.",1,0
"La fama de su belleza se comenzó a estender por todas las circunvecinas aldeas, ¿qué digo yo por las circunvecinas no más, si se estendió a las apartadas ciudades y aun se entró por las salas de los reyes y por los oídos de todo género de gente, que como a cosa rara o como a imagen de milagros de todas partes a verla venían?",0,1
Pues yo se las llevo tan buenas,0,1
Ármenme norabuena,0,1
"El señor mi amo sí que es parte suya, pues la llama a cada paso «mi vida», «mi alma», sustento y arrimo suyo, se puede y debe azotar por ella y hacer todas las diligencias necesarias para su desencanto; pero ¿azotarme yo...?",0,0
Ahí entra la verdad de la historia,0,1
"Reventaban de risa el canónigo y el cura, saltaban los cuadrilleros de gozo, zuzaban los unos y los otros, como hacen a los perros cuando en pendencia están trabados; sólo Sancho Panza se desesperaba, porque no se podía desasir de un criado del canónigo, que le estorbaba que a su amo no ayudase.",1,0
"Dice, pues, la historia que así como Sancho vio desmayada a la Dolorida, dijo:",1,0
Eso no puede ser,0,1
"Y ella, después de haberse puesto bien en la silla y prevenídose con toser y hacer otros ademanes con mucho donaire, comenzó a decir desta manera:",1,0
"Preguntóme, por el consiguiente, si era hombre de rescate o no y que cuánto pedía mi amo por mí.",1,0
"triquete buscando quien se las cure; ha de ser astrólogo, para conocer por las estrellas cuántas horas son pasadas de la noche y en qué parte y en qué clima del mundo se halla; ha de saber las matemáticas, porque a cada paso se le ofrecerá tener necesidad dellas; y dejando aparte que ha de estar adornado de todas las virtudes teologales y cardinales, decendiendo a otras menudencias, digo que ha de saber nadar como dicen que nadaba el peje Nicolás o Nicolao, ha de saber herrar un caballo y aderezar la silla y el freno, y, volviendo a lo de arriba, ha de guardar la fe a Dios y a su dama; ha de ser casto en los pensamientos,",1,0
¿Cómo lo podemos saber?,0,1
"Pero dígame vuesa merced: ¿qué versos son los que agora trae entre manos, que me ha dicho el señor su padre que le traen algo inquieto y pensativo?",0,1
"¡Oh bellaco villano, malmirado, descompuesto, ignorante, infacundo, deslenguado, atrevido, murmurador y maldiciente!",0,0
"Pues pensar yo que don Quijote mintiese, siendo el más verdadero hidalgo y el más noble caballero de sus tiempos, no es posible, que no dijera él una mentira si le asaetearan.",1,0
"El carro es mío; lo que va en él son dos bravos leones enjaulados, que el general de Orán envía a la corte, presentados a Su Majestad; las banderas son del rey nuestro Señor, en señal que aquí va cosa suya.",0,0
"Poco más quedaba por leer de la novela, cuando del camaranchón donde reposaba don Quijote salió Sancho Panza todo alborotado, diciendo a voces:",1,0
"Miren cuánta y cuán lucida caballería sale de la ciudad en siguimiento de los dos católicos amantes, cuántas trompetas que suenan, cuántas dulzainas que tocan y cuántos atabales y atambores que retumban.",0,0
Sancho amigo,0,1
"Como acabó de comer les hizo de señas que le siguiesen, como lo hicieron, y él los llevó a un verde pradecillo que a la vuelta de una peña poco desviada de allí estaba.",0,0
Por esa digo,0,1
"Ansí que me es a mí más fácil imitarle en esto que no en hender gigantes, descabezar serpientes, matar endriagos , desbaratar ejércitos, fracasar armadas y deshacer encantamentos.",1,0
"Solo supo Leonela la flaqueza de su señora, porque no se la pudieron encubrir los dos malos amigos y nuevos amantes.",1,0
"Diera él, por dar una mano de coces al traidor de Galalón, al ama que tenía, y aun a su sobrina de añadidura.",1,0
"Durmió Sancho aquella noche en una carriola en el mesmo aposento de don Quijote, cosa que él quisiera escusarla, si pudiera, porque bien sabía que su amo no le había de dejar dormir a preguntas y a respuestas, y no se hallaba en disposición de hablar mucho, porque los dolores de los martirios pasados los tenía presentes y no le dejaban libre la lengua, y viniérale más a cuento dormir en una choza solo, que no en aquella rica estancia acompañado.",1,0
¿Irme yo con él?,0,1
"pegóseme la voz a la garganta, quedé mohína en todo estremo, pero, con todo, me esforcé lo más que pude y con voz tembladora y doliente le dije tantas y tales cosas, que le hicieron suspender la ejecución de tan riguroso castigo.",1,0
Di lo que quisieres,0,1
A lo que dijo Camila:,1,0
Tanto que mejor,0,1
"Oyendo esto Sancho, se arrimó sobre el espaldar de la silla y miró de hito en hito al tal médico, y con voz grave le preguntó cómo se llamaba y dónde había estudiado.",0,0
"Libre mi alma de su estrecha roca, por el estigio lago conducida, celebrándote irá, y aquel sonido hará parar las aguas del olvido.",0,0
"Preguntáronle al ventero si acaso había llegado a aquella venta un muchacho de hasta edad de quince años, que venía vestido como mozo de mulas, de tales y tales señas, dando las mesmas que traía el amante de doña Clara.",0,0
"¿Qué dices, hermano?",0,1
"Junto a ella venía una figura vestida de una ropa de las que llaman rozagantes, hasta los pies, cubierta la cabeza con un velo negro; pero al punto que llegó el carro a estar frente a frente de los duques y de don Quijote, cesó la música de las chirimías, y luego la de las harpas y laúdes que en el carro sonaban, y levantándose en pie la figura de la ropa, la apartó a entrambos lados, y quitándose el velo del rostro, descubrió patentemente ser la mesma figura de la muerte, descarnada y fea, de que don Quijote recibió pesadumbre y Sancho miedo, y los duques hicieron algún sentimiento temeroso.",1,0
"Tomé mi buen dinero, quebré la caña, volvíme al terradillo, miré la ventana y vi que por ella salía una muy blanca mano, que la abrían y cerraban muy apriesa.",1,0
"¡Oh Sancho bendito, oh Sancho amable!",0,1
Pero ¿dónde se hallará amigo tan discreto y tan leal y verdadero como aquí Lotario le pide?,0,0
"Vuestra merced tiene razón, señor gobernador",0,1
"Entonces se decoraban los concetos amorosos del alma simple y sencillamente, del mesmo modo y manera que ella los concebía, sin buscar artificioso rodeo de palabras para encarecerlos.",1,0
¿Qué hilo está aquí?,0,1
"Las cuatro de la tarde serían, cuando el sol, entre nubes cubierto, con luz escasa y templados rayos dio lugar a don Quijote para que sin calor y pesadumbre contase a sus dos clarísimos oyentes lo que en la cueva de Montesinos había visto; y comenzó en el modo siguiente:",1,0
"La temerosa y desconsolada señora, sin entrar en cuenta de lo que don Quijote pedía, y sin preguntar quién Dulcinea fuese, le prometieron que el escudero haría todo aquello que de su parte le fuese mandado.",0,0
"replicó el licenciado-, y no habrá para qué tornar a andar estaciones ».",0,1
"Olvidábaseme dedecirte que esperes el Persiles, que ya estoy acabando, y la segunda parte de Galatea.",1,0
Brava comparación,0,1
"Calla, niña",0,1
Si no os picáredes más de saber más menear las negras que lleváis que la lengua,0,1
"Entre muchas razones que pasaron don Quijote y el Caballero de la Selva, dice la historia que el del Bosque dijo a don Quijote:",1,0
"Llegó don Quijote y descolgó a Sancho, el cual viéndose libre y en el suelo miró lo desgarrado del sayo de monte, y pesóle en el alma, que pensó que tenía en el vestido un mayorazgo.",1,0
"Pinta los pensamientos, descubre las imaginaciones, responde a las tácitas, aclara las dudas, resuelve los argumentos; finalmente, los átomos del más curioso deseo manifiesta.",1,0
"Y si este parece pequeño peligro, veamos si le iguala o hace ventaja el de embestirse dos galeras por las proas en mitad del mar espacioso, las cuales enclavijadas y trabadas no le queda al soldado más espacio del que concede dos pies de tabla del espolón; y con todo esto, viendo que tiene delante de sí tantos ministros de la muerte que le amenazan cuantos cañones de artillería se asestan de la parte contraria, que no distan de su cuerpo una lanza, y viendo que al primer descuido de los pies iría a visitar los profundos senos de Neptuno, y con todo esto, con intrépido corazón, llevado de la honra que le incita, se pone a ser blanco de",1,0
"Sentóse don Quijote, y quedábase Sancho en pie para servirle la copa, que era hecha de cuerno.",1,0
"Concedióselo don Quijote, y él, tomándola a dos manos, con buena fe y mejor talante se la echó a pechos y envasó bien poco menos que su amo.",0,0
"A fe, Sancho",0,1
"tornó a decir Sancho- que lo callaré hasta después de los días de vuestra merced, y plega a Dios que lo pueda descubrir mañana.",0,0
"Viva mil siglos la gran Dulcinea del Toboso, y sea su nombre estendido por toda la redondez de la tierra, pues mereció ser amada de tan valiente y tan honesto caballero, y los benignos cielos infundan en el corazón de Sancho Panza, nuestro gobernador, un deseo de acabar presto sus diciplinas, para que vuelva a gozar el mundo de la belleza de tan gran señora.",1,0
Que viene aquí el mono adivino y el retablo de la libertad de Melisendra.,0,0
No era sino rubión,0,1
preguntó don Quijote-.,0,0
Advierta vuesa merced,0,1
"Yo soy contento de hacer lo que dices, Sancho hermano",0,1
"Con este pensamiento guió a Rocinante hacia su aldea, el cual, casi conociendo la querencia, con tanta gana comenzó a caminar, que parecía que no ponía los pies en el suelo.",1,0
"Esto no lo entenderás tú, Teresa mía, por ahora: otra vez lo sabrás.",1,0
Sea en buena hora,0,1
Pues es verdad,0,1
Aún es temprano,0,1
A este punto volvió de su desmayo la Trifaldi y dijo:,0,0
"respondió el dueño-, si no es en casos semejantes como el que traemos entre manos, no nos pueden servir en otros, y aun en este plega a Dios que nos sean de provecho.» Esto dicho, se tornaron a dividir y a volver a sus rebuznos, y a cada paso se engañaban y volvían a juntarse, hasta que se dieron por contraseño que para entender que eran ellos, y no el asno, rebuznasen dos veces, una tras otra.",0,1
"Pues esperad que espere que llegue la noche para restaurarse de todas estas incomodidades en la cama que le aguarda, la cual, si no es por su culpa, jamás pecará de estrecha: que bien puede medir en la tierra los pies que quisiere y revolverse en ella a su sabor, sin temor que se le encojan las sábanas.",0,0
Está muy bien,0,1
"dijo el cura-; y en lo del casarse vuestro amo, yo haré en ello todos mis poderíos.",0,0
Movía el paso al son de los tambores con mucha gravedad y reposo.,1,0
"respondió Sansón-, pero dice que no ha hallado ni sabe quién la tiene, y, así, estamos en duda si saldrá o no, y así por esto como porque algunos dicen: «Nunca segundas partes fueron buenas », y otros: «De las cosas de don Quijote bastan las escritas», se duda que no ha de haber segunda parte; aunque algunos que son más joviales que saturninos dicen: «Vengan más quijotadas, embista don Quijote y hable Sancho Panza, y sea lo que fuere, que con eso nos contentamos».",0,0
"Entró en él don Antonio con deseo de conocerle; salió un escudero a recebirle y a desarmarle; encerróse en una sala baja, y con él don Antonio, que no se le cocía el pan hasta saber quién fuese.",1,0
"Que si alguno destos hoy viviera y con el Turco se afrontara, a fee que no le arrendara la ganancia.",0,0
Perdóneme vuestra merced,0,1
A lo que el médico respondió:,0,0
¿Qué es lo que veo?,0,0
"Si todas estas señas no bastan para acreditar mi verdad, aquí está mi espada, que la hará dar crédito a la mesma incredulidad.",0,0
"como Sancho Panza los vido, dijo:",1,0
"Calle, señor",0,1
"¿Carta misiva, señor?",0,1
"Personajes, que no presonajes, Sancho amigo",0,1
A lo cual le respondió don Quijote:,0,0
En la casa de los locos de Sevilla estaba un hombre a quien sus parientes habían puesto allí por falto de juicio.,0,1
Encargóse Sancho de hacerlo así como se le mandaba y de traerle tan buena respuesta como le trujo la vez primera.,1,0
"Don Antonio se ofreció venir a la corte a negociarlo, donde había de venir forzosamente a otros negocios, dando a entender que en ella, por medio del favor y de las dádivas, muchas cosas dificultosas se acaban.",1,0
"Desta mesma suerte, Amadís fue el norte, el lucero, el sol de los valientes y enamorados caballeros, a quien debemos de imitar todos aquellos que debajo de la bandera de amor y de la caballería militamos.",0,0
"respondió don Quijote-, y mira que este gran caballero de la cruz bermeja háselo dado Dios a España por patrón y amparo suyo, especialmente en los rigurosos trances que con los moros los españoles han tenido, y, así, le invocan y llaman como a defensor suyo en todas las batallas que acometen, y muchas veces le han visto visiblemente en ellas derribando, atropellando, destruyendo y matando los agarenos escuadrones; y desta verdad te pudiera traer muchos ejemplos que en las verdaderas historias españolas se cuentan.",0,0
Y la duquesa aquel día real y verdaderamente despachó a un paje suyo,0,0
"Bien sea venido a nuestra ciudad el espejo, el farol, la estrella y el norte de toda la caballería andante, donde más largamente se contiene; bien sea venido, digo, el valeroso don Quijote de la Mancha: no el falso, no el ficticio, no el apócrifo que en falsas historias estos días nos",0,0
"dijo Sancho-, no faltará ternera o cabrito.",0,0
"Yo, señora, quiero casarme con vuestra hija y no quiero alcanzar por pleitos ni contiendas lo que puedo alcanzar por paz y sin peligro de la muerte.",0,0
A buena fe,0,1
"Más despacio, y no en pie, se ha de tomar el cuento de mis maravillas: déjeme vuestra merced, señor bueno, acabar de dar recado a mi bestia, que yo le diré cosas que le admiren.",0,0
"Para que, señor, os satisfagáis desa duda, es bien que sepáis que cuando este desdichado escribió esta canción estaba ausente de Marcela, de quien él se había ausentado por su voluntad, por ver si usaba con él la ausencia de sus ordinarios fueros; y como al enamorado ausente no hay cosa que no le fatigue ni temor que no le dé alcance, así le fatigaban a Grisóstomo los celos imaginados y las sospechas temidas como si fueran verdaderas.",0,0
Eso digo yo,0,1
"¡Eso sí, Sancho!",0,1
dijo el cautivo.,0,0
Los de don Quijote le desvelaron de manera que despertó a Sancho y le dijo:,1,0
Pues ¿por qué no te haré yo dormir en la cárcel?,0,1
"Mandó la duquesa a Sancho que fuese junto a ella, porque gustaba infinito de oír sus discreciones.",1,0
Luego ¿quiere vuestra merced quemar más libros?,0,1
"Con vos me entierren, Sancho, que sabéis de todo",0,1
Con menos de tres reales se pueden hacer tres azumbres,0,1
"En resolución, bien echó de ver el oidor que era gente principal toda la que allí estaba, pero el talle, visaje y la apostura de don Quijote le desatinaba.",1,0
"Pues bien, ¿qué importa",0,1
"Pero no habrán, que no han de permitir los cielos que se haga tanto mal a la tierra como sería llevarse en agraz el racimo del más hermoso veduño del suelo.",1,0
"Ven conmigo, señor clarísimo, que te quiero mostrar las maravillas que este transparente alcázar solapa, de quien yo soy alcaide y guarda mayor perpetua, porque soy el mismo Montesinos, de quien la cueva toma nombre».",0,0
"Por estas asperezas se camina de la inmortalidad al alto asiento, do nunca arriba quien de allí declina.",1,0
De ese parecer soy yo,0,1
"respondió Sancho-, porque si fueran ladrones no se dejaran aquí este dinero.",0,0
"Vuestra merced se sosiegue, señor mío",0,1
"Cuando las mujeres principales y las recatadas doncellas atropellan por la honra y dan licencia a la lengua que rompa por todo inconveniente, dando noticia en público de los secretos que su corazón encierra, en estrecho término se hallan.",0,0
"La duquesa salió bizarramente aderezada, y don Quijote, de puro cortés y comedido, tomó la rienda de su palafrén, aunque el duque no quería consentirlo, y, finalmente, llegaron a un bosque que entre dos altísimas montañas estaba, donde tomados los puestos, paranzas y veredas, y repartida la gente por diferentes puestos, se comenzó la caza con grande estruendo, grita y vocería, de manera que unos a otros no podían oírse, así por el ladrido de los perros como por el son de las bocinas.",1,0
"Especialmente fue y vino en lo que había visto en la cueva de Montesinos, que, puesto que el mono de maese Pedro le había dicho que parte de aquellas cosas eran verdad y parte mentira, él se atenía más a las verdaderas que a las mentirosas, bien al revés de Sancho, que todas las tenía por la mesma mentira.",1,0
"Todo era paz entonces, todo amistad, todo concordia: aún no se había atrevido la pesada reja del corvo arado a abrir ni visitar las entrañas piadosas de nuestra primera madre; que ella sin ser forzada ofrecía, por todas las partes de su fértil y espacioso seno, lo que pudiese hartar, sustentar y deleitar a los hijos que entonces la poseían.",1,0
¿Qué decís vos a esto?,0,1
"Cardenio, Dorotea y todos los demás le rogaron la acabase.",1,0
"Tendiéronse en el suelo y, haciendo manteles de las yerbas, pusieron sobre ellas pan, sal, cuchillos, nueces, rajas de queso, huesos mondos de jamón, que si no se dejaban mascar, no defendían el ser, chupados.",0,0
"Los cuales, el uno durmiendo a sueño suelto y el otro velando a pensamientos desatados, les tomó el día y la gana de levantarse, que las ociosas plumas, ni vencido ni vencedor, jamás dieron gusto a don Quijote.",1,0
"Recibióla con mucho agrado, así enamorada de su belleza como de su discreción, porque en lo uno y en lo otro era estremada la morisca, y toda la gente de la ciudad, como a campana tañida, venían a verla.",1,0
Poca diferencia hay,0,1
"Bendito sea Dios, que tal me ha dejado ver con mis propios ojos.",0,0
"Por Dios, señor",0,1
"Dejamos al gran don Quijote envuelto en los pensamientos que le habían causado la música de la enamorada doncella Altisidora: acostóse con ellos, y, como si fueran pulgas, no le dejaron dormir ni sosegar un punto, y juntábansele los que le faltaban de sus medias.",1,0
"Don Quijote quedó suspenso y atónito, así de la arrogancia del Caballero de la Blanca Luna como de la causa por que le desafiaba, y con reposo y ademán severo le respondió:",1,0
"Dijo también mi padre que después que él fuese muerto y viese yo que Pandafilando comenzaba a pasar sobre mi reino, que no aguardase a ponerme en defensa, porque sería destruirme, sino que libremente le dejase desembarazado el reino, si quería escusar la muerte y total destruición de mis buenos y leales vasallos, porque no había de ser posible defenderme de la endiablada fuerza del gigante; sino que luego, con algunos de los míos, me pusiese en camino de las Españas, donde hallaría el remedio de mis males hallando a un caballero andante cuya fama en este tiempo se estendería por todo este reino, el cual se había de llamar, si mal no me acuerdo, don Azote o don Gigote.",0,0
Pues lo primero que digo,0,1
"respondió Sancho-, y dese modo y por esa misma razón podía echar vuestra merced a mí y a mis hijos y a mi mujer toda una putería encima, porque todo cuanto hacen y dicen son estremos dignos de semejantes alabanzas; y para volverlos a ver ruego yo a Dios me saque de pecado mortal, que lo mesmo será si me saca deste peligroso oficio de escudero, en el cual he incurrido segunda vez, cebado y engañado de una bolsa con cien ducados que me hallé un día en el corazón de Sierra Morena, y el diablo me pone ante los ojos aquí, allí, acá no, sino acullá, un talego lleno de doblones, que me parece que a cada paso le",0,0
Eso quise decir,0,1
"Buscando las aventuras por entre las duras peñas, maldiciendo entrañas duras, que entre riscos y entre breñas halla el triste desventuras, hirióle amor con su azote, no con su blanda correa, y en tocándole el cogote aquí lloró don Quijote ausencias de Dulcinea del Toboso.",1,0
También pudieran callarlos por equidad,0,1
Este que viene,0,1
"Detrás de los tristes músicos comenzaron a entrar por el jardín adelante hasta cantidad de doce dueñas, repartidas en dos hileras, todas vestidas de unos monjiles anchos, al parecer de anascote batanado, con unas tocas blancas de delgado canequí, tan luengas, que solo el ribete del monjil descubrían.",1,0
"El cura, desatentado y atónito, acudió con ambas manos a tentar la herida, y halló que la cuchilla había pasado, no por la carne y costillas de Basilio, sino por un cañón hueco de hierro que, lleno de sangre, en aquel lugar bien acomodado tenía, preparada la sangre, según después se supo, de modo que no se helase.",0,0
Una hora ha que los estás ensartando y dándome con cada uno tragos de tormento.,0,0
Pues si es que se anda a decir verdades ese señor moro,0,1
"Hubo lágrimas, hubo suspiros, desmayos y sollozos al despedirse don Gregorio de Ana Félix.",0,0
"Al cabo y fin de las hileras venía una señora, que en la gravedad lo parecía, asimismo vestida de negro, con tocas blancas tan tendidas y largas, que besaban la tierra.",0,0
Preguntéle al portador si Su Majestad le había dado para mí alguna ayuda de costa.,1,0
Dio fondo el general cerca de tierra y conoció que estaba en la marina el virrey de la ciudad.,1,0
"Socarrón sois, Sancho",0,1
¿O qué hacía al caso que aquel abad fuese su amigo o no?,0,0
"Una de las guardas de a caballo respondió que eran galeotes, gente de Su Majestad, que iba a galeras, y que no había más que decir, ni él tenía más que saber.",0,0
"El segundo hermano hizo los mesmos ofrecimientos y escogió el irse a las Indias, llevando empleada la hacienda que le cupiese.",0,1
"respondió Sancho-, sino porque soy enemigo de guardar mucho las cosas, y no querría que se me pudriesen de guardadas.",0,0
"poco se rió y admiró el bachiller, considerando la agudeza y simplicidad de Sancho, como del estremo de la locura de don Quijote.",1,0
"Calla, Sancho amigo",0,1
"Imaginábase el pobre ya coronado por el valor de su brazo, por lo menos del imperio de Trapisonda; y así, con estos tan agradables pensamientos, llevado del estraño gusto que en ellos sentía, se dio priesa a poner en efeto lo que deseaba.",1,0
A lo cual ella respondió:,1,0
"Mi dolor no os alborote, aunque más terrible sea, pues por pagaros escote aquí lloró don Quijote ausencias de Dulcinea del Toboso.",1,0
"SONETO Almas dichosas que del mortal velo libres y esentas, por el bien que obrastes, desde la baja tierra os levantastes a lo más alto y lo mejor del cielo, y, ardiendo en ira y en honroso celo, de los cuerpos la fuerza ejercitastes, que en propia y sangre ajena colorastes el mar vecino y arenoso suelo: primero que el valor faltó la vida en los cansados brazos, que, muriendo, con ser vencidos, llevan la vitoria; y esta vuestra mortal, triste caída entre el muro y el hierro, os va adquiriendo fama que el mundo os da, y el cielo gloria.",1,0
Para eso sé yo un buen remedio,0,1
"En dos cosas anda un poco descaminado el buen gobernador: la una, en decir o dar a entender que este gobierno se le han dado por los azotes que se ha de dar, sabiendo él, que no lo puede negar, que cuando el duque mi señor se le prometió, no se soñaba haber azotes en el mundo; la otra es que se muestra en ella muy codicioso, y no querría que orégano fuese, porque la codicia rompe el saco, y el gobernador codicioso hace la justicia desgobernada.",0,0
"arma, estaba puesta en ella toda la cristiandad y Su Majestad había hecho proveer las costas de Nápoles y Sicilia y la isla de Malta.",1,0
"Digo, señor",0,1
"dijo el galeote-, que quien canta una vez llora toda la vida.",0,0
"No quiso Lotario decir a Camila la pretensión de Anselmo, ni",1,0
"No dejó de avisar el cura lo que había de hacer Dorotea; a lo que ella dijo que descuidasen, que todo se haría sin faltar punto, como lo pedían y pintaban los libros de caballerías.",0,0
"La cuarta es haber sabido con certidumbre el nacimiento del río Guadiana, hasta ahora ignorado de las gentes.",0,0
"Pero uno pensaba don Quijote y otro el de los Espejos, puesto que por entonces no era otro su pensamiento sino buscar donde bizmarse, como se ha dicho.",1,0
"Eclipse se llama, amigo, que no cris, el escurecerse esos dos luminares mayores",0,1
"¡Encaja, ensarta, enhila refranes, que nadie te va a la mano!",0,0
"Y, así, fatigado deste pensamiento, abrevió su venteril y limitada cena; la cual acabada, llamó al ventero y, encerrándose con él en la caballeriza, se hincó de rodillas ante él, diciéndole:",1,0
El nombre,0,1
"Puesto nombre, y tan a su gusto, a su caballo, quiso ponérsele a sí mismo, y en este pensamiento duró otros ocho días, y al cabo se vino a llamar «don Quijote»; de donde, como queda dicho, tomaron ocasión los autores desta tan verdadera historia que sin duda se debía de llamar «Quijada» , y no «Quesada», como otros quisieron decir.",0,0
"Hízolo así Sancho, y, hablando Ricote a los demás peregrinos, se apartaron a la alameda que se parecía, bien desviados del camino real.",0,0
"Pues en fe de esa palabra yo no le haré más daño, puesto que me lo tenía bien merecido.",0,0
"Amor, cuando yo pienso en el mal que me das terrible y fuerte, voy corriendo a la muerte, pensando así acabar mi mal inmenso; mas en llegando al paso que es puerto en este mar de mi tormento,",0,1
"De punto en punto iba creciendo el ruido y llegándose cerca a los dos temerosos: a lo menos, al uno, que al otro ya se sabe su valentía.",1,0
"Todo esto se le renovó a don Quijote en la soltura de sus puntos, pero consolóse con ver que Sancho le había dejado unas botas de camino, que pensó ponerse otro día.",1,0
dijo la duquesa.,0,0
En el camino dijo el del Bosque a Sancho:,0,0
"Pidió don Quijote al diestro licenciado le diese una guía que le encaminase a la cueva de Montesinos, porque tenía gran deseo de entrar en ella y ver a ojos vistas si eran verdaderas las maravillas que de ella se decían por todos aquellos contornos.",0,0
"Aquí llegaba don Quijote de su canto, a quien estaban escuchando el duque y la duquesa, Altisidora y casi toda la gente del castillo, cuando de improviso, desde encima de un corredor que sobre la reja de don Quijote a plomo caía, descolgaron un cordel donde venían más de cien cencerros asidos, y luego tras ellos derramaron un gran saco de gatos, que asimismo traían cencerros menores atados a las colas.",1,0
"Al levantarse, dio un tiento a la bota , y hallóla algo más flaca que la noche antes, y afligiósele el corazón, por parecerle que no llevaban camino de remediar tan presto su falta.",1,0
"Digo esto porque, si no me engaño, hacia nosotros viene uno que trae en su cabeza puesto el yelmo de Mambrino, sobre que yo hice el juramento que sabes.",0,0
"Es también de saber que Malambruno me dijo que cuando la suerte me deparase al caballero nuestro libertador, que él le enviaría una cabalgadura harto mejor y con menos malicias que las que son de retorno, porque ha de ser aquel mesmo caballo de madera sobre quien llevó el valeroso Pierres robada a la linda Magalona, el cual caballo se rige por una clavija que tiene en la frente, que le sirve de freno, y vuela por el aire con tanta ligereza, que parece que los",0,0
"dijo Sancho-, que como yo no sé leer ni escrebir, como otra vez he dicho, no sé ni he caído en las reglas de la profesión caballeresca; y de aquí adelante yo proveeré las alforjas de todo género de fruta seca para vuestra merced, que es caballero, y para mí las proveeré, pues no lo soy, de otras cosas volátiles y de más sustancia.",0,0
"¡No, sino tomárase con ellos, y viera cómo escapaba de sus manos!",0,0
Que me place,0,1
"Por una parte, me acosa y fatiga el deseo de ver a mi señora; por otra, me incita y llama la prometida fe y la gloria que he de alcanzar en esta empresa.",0,0
"Yo, a lo menos",0,1
Señores y grandes hay en España a quien puedan dirigirse,0,1
"Rendidos, pues, la Goleta y el fuerte, los turcos dieron orden en desmantelar la Goleta (porque el fuerte quedó tal, que no hubo qué poner por tierra), y para hacerlo con más brevedad y menos trabajo la minaron por tres partes, pero con ninguna se pudo volar lo que parecía menos fuerte, que eran las murallas viejas, y todo aquello que había quedado en pie de la fortificación nueva que había hecho el Fratín, con mucha facilidad vino a tierra.",0,0
En efecto,0,1
"Es, pues, de saber que este sobredicho hidalgo, los ratos que estaba ocioso",1,0
"En esto Sancho Panza, que se había acercado a oír la plática, para adobarlo todo, dijo:",1,0
"Volvióse el cristiano, y tornáronla a bajar y hacer los mesmos movimientos que primero.",1,0
"«¡Válame Dios todopoderoso!», decía entre sí.",0,0
No es muy mala,0,1
"Dice, pues, la historia que cuando el bachiller Sansón Carrasco aconsejó a don Quijote que volviese a proseguir sus dejadas caballerías, fue por haber entrado primero en bureo con el cura y el barbero sobre qué medio se podría tomar para reducir a don Quijote a que se estuviese en su casa quieto y sosegado, sin que le alborotasen sus mal buscadas aventuras; de cuyo consejo salió, por voto común de todos y parecer particular de Carrasco, que dejasen salir a don Quijote, pues el detenerle parecía imposible, y que Sansón le saliese al camino como caballero andante y trabase batalla con él, pues no faltaría sobre qué, y le venciese, teniéndolo por cosa fácil, y que fuese pacto y",1,0
"No niego, hermano Andrés",0,1
"Todos se ofrecieron a Eugenio, pero el que más se mostró liberal en esto fue don Quijote, que le dijo:",1,0
También se puede decir,0,1
"Acaeció, pues, que el que le llevaba a cargo era un mayordomo del duque, muy discreto y muy gracioso",1,0
"La cual si fuera en este tiempo, o mi Dulcinea fuera en aquel, pudiera estar segura que no tuviera tanta fama de hermosa como tiene.",0,0
¿Cómo ansí?,0,1
"Habíale dicho también el criado como iba proveído por oidor a las Indias, en la Audiencia de México; supo también como aquella doncella era su hija, de cuyo parto había muerto su madre, y que él había quedado muy rico con el dote que con la hija se le quedó en casa.",1,0
"por cosa cierta reducirle a mejor vida y hacer con él que luego se pusiese en camino para ir a ser emperador o monarca, que en lo de ser arzobispo no había de qué temer.Todo lo escuchó Sancho, y lo tomó muy bien en la memoria, y les agradeció mucho la intención que tenían de aconsejar a su señor fuese emperador, y no arzobispo, porque él tenía para sí que para hacer mercedes a sus escuderos más podían los emperadores que los arzobispos andantes.",1,0
"Perdonad, amigo",0,1
"Él dijo que sí llevaría y que ansimesmo pensaba llevar un asno que tenía muy bueno, porque él no estaba duecho a andar mucho a pie.",1,0
"Ansí que la que es buena por temor o por falta de lugar, yo no la quiero tener en aquella estima en que tendré a la solicitada y perseguida que salió con la corona del vencimiento.",1,0
Mejor será,0,1
"Mala la hubistes, franceses, en esa de Roncesvalles.",1,0
"Si jugares al reinado, los cientos o la primera, los reyes huyan de ti, ases ni sietes no veas.",1,0
"Mas lo que yo sé que ha de comer el señor gobernador ahora para conservar su salud y corroborarla, es un ciento de cañutillos de suplicaciones y unas tajadicas subtiles de carne de membrillo, que le asienten el estómago y le ayuden a la digestión.",0,0
"Aquí trayo una cebolla y un poco de queso, y no sé cuántos mendrugos de pan",0,1
"Bien puede vuestra merced, señor Triste Figura, dormir todo lo que quisiere, sin cuidado de matar a ningún gigante ni de volver a la princesa su reino, que ya todo está hecho y concluido.",0,0
La verdad del cuento es que aquel maestro Elisabat que el loco dijo fue un hombre muy prudente y de muy sanos consejos y sirvió de ayo y de médico a la reina; pero pensar que ella era su amiga es disparate digno de muy gran castigo.,0,0
"Señor, por quien Dios es que vuesa merced haga de manera que mi señor don Quijote no se tome con estos leones, que si se toma, aquí nos han de hacer pedazos a todos.",0,0
"Dije virtudes, riquezas y liberalidades, porque el grande que fuere vicioso será vicioso grande, y el rico no liberal será un avaro mendigo, que al poseedor de las riquezas no le hace dichoso el tenerlas, sino el gastarlas, y no el gastarlas como quiera, sino el saberlas bien gastar.",1,0
"Este tal caballo, según es tradición antigua, fue compuesto por aquel sabio Merlín; prestósele a Pierres, que era su amigo, con el cual hizo grandes viajes y robó, como se ha dicho, a la linda Magalona, llevándola a las ancas por el aire, dejando embobados a cuantos desde la tierra los miraban; y no le prestaba sino a quien él quería o mejor se lo pagaba; y desde el gran Pierres hasta ahora no sabemos que haya subido alguno en él.",1,0
"La noche que siguió al día del rencuentro de la Muerte la pasaron don Quijote y su escudero debajo de unos altos y sombrosos árboles, habiendo, a persuasión de Sancho, comido don Quijote de lo que venía en el repuesto del rucio, y entre la cena dijo Sancho a su señor:",1,0
"Pero, con todo esto, me consuelo, porque, en fin, en cualquiera figura que haya sido, he quedado vencedor de mi enemigo.",1,0
"Pero hételo aquí, cuando no me cato, que remanece un día la melindrosa Marcela hecha pastora; y sin ser parte su tío ni todos los del pueblo, que se lo desaconsejaban, dio en irse al campo con las demás zagalas del lugar, y dio en guardar su mesmo ganado.",0,0
"Desta manera nos castigó aquel follón y malintencionado de Malambruno, cubriendo la blandura y morbidez de nuestros rostros con la aspereza destas cerdas, que pluguiera al cielo que antes con su desmesurado alfanje nos hubiera derribado las testas, que no que nos asombrara la luz de nuestras caras con esta borra que nos cubre.",0,0
"Para aquellos que la tenían del humor de don Quijote era todo esto materia de grandísima risa, pero para los que le ignoraban les parecía el mayor disparate del mundo, especialmente a los cuatro criados de don Luis, y a don Luis ni más ni menos, y a otros tres pasajeros que acaso habían llegado a la venta, que tenían parecer de ser cuadrilleros, como en efeto lo eran.",0,0
"¿Qué te parece, Sancho amigo?",0,1
Sepamos qué es esto de raíz,0,1
"Procuró levantarle del suelo, y no con poco trabajo le subió sobre su jumento, por parecerle caballería más sosegada.",1,0
"No había la fraude, el engaño ni la malicia mezcládose con la verdad y llaneza.",1,0
"de su autor, y que por huir deste inconveniente había usado en la primera parte del artificio de algunas novelas, como fueron la del Curioso impertinente y la del Capitán cautivo, que están como separadas de la historia, puesto que las demás que allí se cuentan son casos sucedidos al mismo don Quijote, que no podían dejar de escribirse.",1,0
"Así que, amigo Sancho, no se me hace dificultoso creer que en tan breve tiempo hayas ido y venido desde este lugar al del Toboso, pues, como tengo dicho, algún sabio amigo te debió de llevar en volandillas sin que tú lo sintieses.",1,0
"Pero, con todo, alababa en su autor aquel acabar su libro con la promesa de aquella inacabable aventura, y muchas veces le vino deseo de tomar la pluma y dalle fin al pie de la letra como allí se promete; y sin duda alguna lo hiciera, y aun saliera con ello, si otros mayores y continuos pensamientos no se lo estorbaran.",0,0
"No sé, señor, en mi ánima",0,1
Con tan buena memoria,0,1
"Pararon las doce dueñas y hicieron calle, por medio de la cual la Dolorida se adelantó, sin dejarla de la mano Trifaldín; viendo lo cual el duque, la duquesa y don Quijote se adelantaron obra de doce pasos a recebirla.",1,0
"Cuando llegó a ellos, los saludó y pasó de largo.",0,0
A eso se puede imaginar,0,1
"Ya estaba Sancho bizmado y acostado, y, aunque procuraba dormir, no lo consentía el dolor de sus costillas; y don Quijote, con el dolor de las suyas, tenía los ojos abiertos como liebre.",1,0
"Mal haces, Sancho",0,1
"Pero veis aquí cuando a deshora entraron por el jardín cuatro salvajes, vestidos todos de verde yedra, que sobre sus hombros traían un gran caballo de madera.",1,0
"No es burla, señor",0,1
No entiendo eso de azotes,0,1
"Por el sol que nos alumbra, que estoy por pasaros de parte a parte con esta lanza.",0,0
"Pero de lo que yo más me precio y ufano es de haber vencido en singular batalla a aquel tan famoso caballero don Quijote de la Mancha, y héchole confesar que es más hermosa mi Casildea que su Dulcinea; y en solo este vencimiento hago cuenta que he vencido todos los caballeros del mundo, porque el tal don Quijote que digo los ha vencido a todos, y habiéndole yo vencido a él, su gloria, su fama y su honra se ha transferido y pasado a mi persona, y tanto el vencedor es más honrado cuanto más el vencido es reputado; así que ya corren por mi cuenta y son mías las inumerables hazañas del ya referido don Quijote.",0,0
"Los compañeros de los heridos, que tales los vieron, comenzaron desde lejos a llover piedras sobre don Quijote, el cual lo mejor que podía se reparaba con su adarga y no se osaba apartar de la pila, por no desamparar las armas.",0,0
"respondió Sancho-: que llegándole a ayudar a poner un costal de trigo sobre un jumento, llegamos tan juntos, que eché de ver que me llevaba más de un gran palmo.",0,0
"Cayeron luego el ventero y la ventera en que el loco era su huésped, el del bálsamo, y el amo del manteado escudero, y contaron al cura todo lo que con él les había pasado, sin callar lo que tanto callaba Sancho.",1,0
"Amaneció el día que se siguió a la noche de la ronda del gobernador, la cual el maestresala pasó sin dormir, ocupado el pensamiento en el rostro, brío y belleza de la disfrazada doncella; y el mayordomo ocupó lo que della faltaba en escribir a sus señores lo que Sancho Panza hacía y decía, tan admirado de sus hechos como de sus dichos, porque andaban mezcladas sus palabras y sus acciones, con asomos discretos y tontos.",1,0
"Quizá, Sancho",0,1
"El rugir del león, del lobo fiero el temeroso aullido, el silbo horrendo de escamosa serpiente, el espantable baladro de algún monstruo, el agorero graznar de la corneja, y el estruendo del viento contrastado en mar instable; del ya vencido toro el implacable bramido, y de la viuda tortolilla el sentible arrullar; el triste canto del envidiado búho, con el llanto de toda la infernal negra cuadrilla, salgan con la doliente ánima fuera, mezclados en un son, de tal manera, que se confundan los sentidos todos, pues la pena cruel que en mí se halla para cantalla pide nuevos modos.",1,0
"Allí le dejo entre sus criados, que no osaron ni pudieron ponerse en su defensa.",1,0
"Con esto, caminaba tan despacio, y el sol entraba tan apriesa y con tanto ardor, que fuera bastante a derretirle los sesos, si algunos tuviera.",1,0
"Yendo, pues, desta manera, se le ofreció a la vista un pequeño barco sin remos ni otras jarcias algunas, que estaba atado en la orilla a un tronco de un árbol que en la ribera estaba.",1,0
"Si te cortares los callos, sangre las heridas viertan,",1,0
"Y de aquí tomó ocasión el vulgo ignorante y malintencionado de decir y pensar que ella era su manceba; y mienten, digo otra vez, y mentirán otras docientas todos los que tal pensaren y dijeren.",1,0
¡Y montas que la guarnición es de tiras de lienzo blanco!,0,0
"No lo sé yo, por cierto.",1,0
"Lo primero que hizo fue hacer desarmar a don Quijote y sacarle a vistas con aquel su estrecho y acamuzado vestido otras veces le hemos descrito y pintado) a un balcón que salía a una calle de las más principales de la ciudad, a vista de las gentes y de los muchachos, que como a mona le miraban.",1,0
"Bien les pareció a los que escuchado habían la canción de Grisóstomo, puesto que el que la leyó dijo que no le parecía que conformaba con la relación que él había oído del recato y bondad de Marcela, porque en ella se quejaba Grisóstomo de celos, sospechas y de ausencia, todo en perjuicio del buen crédito y buena fama de Marcela.",1,0
"Bien puede, señor",0,1
"Vanle administrando de sus aguas las referidas lagunas, con las cuales y con otras muchas que se llegan entra pomposo y grande en Portugal.",1,0
"Él dijo que iba escrita en un libro de memoria y que era orden de su señor que la hiciese trasladar en papel en el primer lugar que llegase; a lo cual dijo el cura que se la mostrase, que él la trasladaría de muy buena letra.",0,0
"¡Pasito, mi señor don Quijote de la Mancha!",0,1
Podría ser,0,1
"Un mozo que iba a pie, viendo caer al encamisado, comenzó a denostar a don Quijote; el cual ya encolerizado, sin esperar más, enristrando su lanzón arremetió a uno de los enlutados, y malferido dio con él en tierra; y, revolviéndose por los demás,",0,0
"No cuento las alabanzas que de tu belleza he dicho, que, aunque verdaderas, hacen ser yo de algunas malquisto.",1,0
"Creedme, fermosa señora, que os podéis llamar venturosa por haber alojado en este vuestro castillo a mi persona, que es tal, que si yo no la alabo es por lo que suele decirse que la alabanza propria envilece ; pero mi escudero os dirá quién soy.",0,0
No está en eso el yerro,0,1
"Fue otro de mis compañeros, y sucedióle lo mesmo que al primero.",1,0
Pues mande el señor huésped,0,1
"Señores caballeros, si aquí no hay otro remedio sino confesar o morir, y el señor don Quijote está en sus trece, y vuestra merced el de la Blanca Luna en sus catorce, a la mano de Dios, y dense.",0,0
Coyundas tiene la Iglesia que son lazadas de sirgo; pon tú el cuello en la gamella: verás como pongo el mío.,1,0
"Estaba el pueblo en un sosegado silencio, porque todos sus vecinos dormían y reposaban a pierna tendida, como suele decirse.",1,0
"¿Estáis en vos, Sancho?",0,0
"Saliéronle al encuentro, y, preguntándole por don Quijote, les dijo como le había hallado desnudo en camisa, flaco, amarillo y muerto de hambre, y suspirando por su señora Dulcinea; y que puesto que le había dicho que ella le mandaba que saliese de aquel lugar y se fuese al del Toboso, donde le quedaba esperando, había respondido que estaba determinado de no parecer ante su fermosura fasta que hobiese fecho fazañas que le ficiesen digno de su gracia; y que si aquello pasaba adelante, corría peligro de no venir a ser emperador, como estaba obligado, ni aun arzobispo, que era lo menos que podía ser: por eso, que mirasen lo que se había de hacer para sacarle de allí.",1,0
"dijo don Quijote-, porque si vuelves presto de adonde pienso enviarte, presto se acabará mi pena y presto comenzará mi gloria.",0,0
"dijo, creyendo a su imaginación, y esto con voz que pudiera ser oída-, no ha de ser parte la mayor hermosura de la tierra para que yo deje de adorar la que tengo grabada y estampada en la mitad de mi corazón y en lo más escondido de mis entrañas, ora estés, señora mía, transformada en cebolluda labradora, ora en ninfa del dorado Tajo, tejiendo telas de oro y sirgo compuestas, ora te tenga Merlín o Montesinos donde ellos quisieren: que adondequiera eres mía y adoquiera he sido yo y he de ser tuyo.",0,0
"Y si no fuese por esto, no se podrían socorrer en sus peligros los caballeros andantes unos a otros, como se socorren a cada paso, que acaece estar uno peleando en las sierras de Armenia con algún endriago o con algún fiero vestiglo , o con otro caballero, donde lleva lo peor de",0,0
"Llegando el autor desta grande historia a contar lo que en este capítulo cuenta, dice que quisiera pasarle en silencio, temeroso de que no había de ser creído, porque las locuras de don Quijote llegaron aquí al término y raya de las mayores que pueden imaginarse, y aun pasaron dos tiros de ballesta más allá de las mayores.",1,0
"Los andantes caballeros y los que en la corte andan requiébranse con las libres, con las honestas se casan.",0,0
"Tenía el ventero por mujer a una no de la condición que suelen tener las de semejante trato, porque naturalmente era caritativa y se dolía de las calamidades de sus prójimos; y, así, acudió luego a curar a don Quijote y hizo que una hija suya doncella, muchacha y de muy buen parecer, la ayudase a curar a su huésped.",1,0
"Ea, pues, manos a la obra: venid a mi memoria, cosas de Amadís, y enseñadme por dónde tengo de comenzar a imitaros.",0,0
A lo cual dijo don Quijote:,1,0
"Mas apenas se vio en el campo, cuando le asaltó un pensamiento terrible, y tal, que por poco le hiciera dejar la comenzada empresa; y fue que le vino a la memoria que no era armado caballero y que, conforme a ley de caballería, ni podía ni debía tomar armas con ningún caballero, y puesto que lo fuera, había de llevar armas blancas, como novel caballero, sin empresa en el escudo, hasta que por su esfuerzo la ganase.",1,0
Todo podría ser,0,1
Mentís como bellaco villano,0,1
"su traje mostraba ser cristiano recién venido de tierra de moros, porque venía vestido con una casaca de paño azul, corta de faldas, con medias mangas y sin cuello; los calzones eran asimismo de lienzo azul, con bonete de la misma color; traía unos borceguíes datilados y un alfanje morisco, puesto en un tahelí que le atravesaba el pecho.",1,0
"Prometímoselo, y, abrazándonos y echándonos su bendición, el uno tomó el viaje de Salamanca, el otro de Sevilla, y yo el de Alicante, adonde tuve nuevas que había una nave ginovesa que cargaba allí lana para Génova.",1,0
"Pues para que entendáis desde aquí adelante que os quiero como padre, y que no os quiero destruir como padrastro, quiero hacer una cosa con vosotros que ha muchos días que la tengo pensada y con madura consideración dispuesta.",0,1
"Aunque no le valieron tretas contra Bernardo del Carpio, que se las entendió y le ahogó entre los brazos en Roncesvalles.",0,0
"volviendo la cabeza, y viendo que don Quijote no parecía, se apeó del jumento y, sentándose al pie de un árbol, comenzó a hablar consigo mesmo y a decirse:",1,0
"Pero no me negarás, Sancho, una cosa: cuando llegaste junto a ella,",0,0
"De ese modo, en mi dolencia ningún remedio se alcanza, pues me matan la esperanza desdenes, celos y ausencia.",1,0
"dijo Sancho- que la justicia, que es el mesmo rey, no hace fuerza ni agravio a semejante gente, sino que los castiga en pena de sus delitos.",0,0
"Era el carro dos veces y aun tres mayor que los pasados, y los lados y encima dél ocupaban doce otros diciplinantes albos como la nieve, todos con sus hachas encendidas, vista que admiraba y espantaba juntamente; y en un levantado trono venía sentada una ninfa, vestida de mil velos de tela de plata, brillando por todos ellos infinitas hojas de argentería de oro, que la hacían, si no rica, a lo menos vistosamente vestida.",1,0
No digo eso,0,1
"Y esto dijo en voz tan alta, que lo oyó la duquesa; y volviendo y viendo a la dueña tan alborotada y tan encarnizados los ojos, le preguntó con quién las había.",0,0
"Dos o tres veces hizo este viaje, en compañía del tagarino que había dicho. (Tagarinos llaman en Berbería a los moros de Aragón, y a los de Granada, mudéjares, y en el reino de Fez llaman a los mudéjares elches, los cuales son la gente de quien aquel rey más se sirve en la guerra.) Digo, pues, que cada vez que pasaba con su barca daba fondo en una caleta que estaba no dos tiros de ballesta del jardín donde Zoraida esperaba, y allí muy de propósito se ponía el renegado con los morillos que bogaban el remo o ya a hacer la zalá o a como por ensayarse de burlas a lo que pensaba hacer de veras; y, así,",1,0
"respondió el mayordomo-, que en esta ínsula no ha entrado otro Panza sino el que está sentado en esa silla.",0,0
"Hallóle paseándose por el patio de su casa, y, viéndole, se dejó caer ante sus pies, trasudando y congojosa.",1,0
"Digo, señora",0,1
"El duque que esto oyó, estuvo por romper en risa toda su cólera y dijo:",0,0
"hizo otras tales cosas, que si, como él las cuenta y las escribe él asimismo, con la modestia de caballero y de coronista propio, las escribiera otro libre y desapasionado, pusieran en su olvido las de los Hétores, Aquiles y Roldanes.",0,0
"En fin, su segunda parte, siguiendo la tradución, comenzaba desta manera: Puestas y levantadas en alto las cortadoras espadas de los dos valerosos y enojados combatientes, no parecía sino que estaban amenazando al cielo, a la tierra y al abismo: tal era el denuedo y continente que tenían.",1,0
"Pardiez, señor",0,1
"Quiso hacerla el capellán, y, poniéndole con el loco, habló con él una hora y más, y en todo aquel tiempo jamás el loco dijo razón torcida ni disparatada, antes habló tan atentadamente, que el capellán fue forzado a creer que el loco estaba cuerdo.",0,1
"leído para sí, y viendo que la podía leer en voz alta para que el duque y los circunstantes la oyesen, leyó desta manera: CARTA DE TERESA PANZA A LA DUQUESA Mucho contento me dio, señora mía, la carta que vuesa grandeza me escribió, que en verdad que la tenía bien deseada.",1,0
Iba el vencido y asendereado don Quijote pensativo además por una parte y muy alegre por otra.,1,0
Bien puede ser todo eso,0,1
"Yo, señor, soy médico y estoy asalariado en esta ínsula para serlo de los gobernadores della, y miro por su salud mucho más que por la mía, estudiando de noche y de día y tanteando la complexión del gobernador, para acertar a curarle cuando cayere enfermo; y lo principal que hago es asistir a sus comidas y cenas, y a dejarle comer de lo que me parece que le conviene y a quitarle lo que imagino que le ha de hacer daño y ser nocivo al estómago; y así mandé quitar el plato de la fruta, por ser demasiadamente húmeda, y el plato del otro manjar también le mandé quitar, por ser demasiadamente caliente y tener muchas especies , que",0,0
"La chusma izó la entena con la misma priesa y ruido que la habían amainado, y todo esto callando, como si no tuvieran voz ni aliento.",1,0
"Esta sí será letura digna del buen entendimiento de vuestra merced, señor don Quijote mío, de la cual saldrá erudito en la historia, enamorado de la virtud, enseñado en la bondad, mejorado en las costumbres, valiente sin temeridad, osado sin cobardía, y todo esto, para honra de Dios, provecho suyo y fama de la Mancha, do, según he sabido, trae vuestra merced su principio y origen.",1,0
"Tú me harás desesperar, Sancho",0,1
"Ya se ha visto, señor escudero",0,1
"Descortés caballero, mal parece tomaros con quien defender no se puede; subid sobre vuestro caballo y tomad vuestra lanza",0,0
Eso basta,0,1
"En oyendo don Quijote la petición del herido, en altas voces dijo que Basilio pedía una cosa muy justa y puesta en razón, y además muy hacedera, y que el señor Camacho quedaría tan honrado recibiendo a la señora Quiteria viuda del valeroso Basilio como si la recibiera del lado de su padre:",0,0
Pocos ermitaños están sin ellas,0,1
Al cabo de lo cual dijo:,1,0
"Yo, señores, siento que me voy muriendo a toda priesa: déjense burlas aparte y tráiganme un confesor que me confiese y un escribano que haga mi testamento, que en tales trances como este no se ha de burlar el hombre con el alma; y, así, suplico que en tanto que el señor cura me confiesa vayan por el escribano.",0,0
Pues ¿tan loco es vuestro amo,0,1
"¿Y quién sabe si esta soledad, esta ocasión y este silencio despertará mis deseos que duermen, y harán que al cabo de mis años venga a caer donde nunca he tropezado?",0,0
"respondió Sancho-, mas a fe que si yo pudiera hablar tanto como solía, que quizá diera tales razones, que vuestra merced viera que se engañaba en lo que dice.",0,0
"Quince años, dos más a menos",0,1
"Ya, buen escudero Trifaldín de la Blanca Barba, ha muchos días que tenemos noticia de la desgracia de mi señora la condesa Trifaldi, a quien los encantadores la hacen llamar «la dueña Dolorida»: bien podéis, estupendo escudero, decirle que entre y que aquí está el valiente caballero don Quijote de la Mancha, de cuya condición generosa puede prometerse con seguridad todo amparo y toda ayuda; y asimismo le podréis decir de mi parte que si mi favor le fuere necesario, no le ha de faltar, pues ya me tiene obligado a dársele el ser caballero, a quien es anejo y concerniente favorecer a toda suerte de mujeres, en especial a las dueñas viudas, menoscabadas y doloridas, cual lo debe estar",0,0
Y este es el suelo que continuo ha sido de mil memorias lamentables lleno en los pasados siglos y presentes.,1,0
"Ayer no se hartaba de estirar de un copo de estopa, y iba a misa cubierta la cabeza con la falda de la saya, en lugar de manto, y ya hoy va con verdugado, con broches y con entono, como si no la conociésemos».",0,0
En ninguna manera me enojaré,0,1
"Apenas la blanca aurora había dado lugar a que el luciente Febo con el ardor de sus calientes rayos las líquidas perlas de sus cabellos de oro enjugase, cuando don Quijote, sacudiendo la pereza de sus miembros, se puso en pie y llamó a su escudero Sancho, que aún todavía roncaba; lo cual visto por don Quijote, antes que le despertase, le dijo:",1,0
"De las armas manejaré las que me dieren, hasta caer, y Dios delante.",0,0
"Y con esto cerró de golpe la ventana y, despechado y pesaroso como si le hubiera acontecido alguna gran desgracia, se acostó en su lecho, donde le dejaremos por ahora, porque nos está llamando el gran Sancho Panza, que quiere dar principio a su famoso gobierno.",1,0
¡A mi mujer con eso!,0,1
"Pues desde entonces de mano en mano fue aquella orden de caballería estendiéndose y dilatándose por muchas y diversas partes del mundo, y en ella fueron famosos y conocidos por sus fechos el valiente Amadís de Gaula, con todos sus hijos y nietos, hasta la quinta generación, y el valeroso Felixmarte de Hircania, y el nunca como se debe alabado Tirante el Blanco, y casi que en nuestros días vimos y comunicamos y oímos al invencible y valeroso caballero don Belianís de Grecia.",1,0
"replicó el canónigo-, he tenido cierta tentación de hacer un libro de caballerías, guardando en él todos los puntos que he significado; y si he de confesar la verdad, tengo escritas más de cien hojas, y para hacer la experiencia de si correspondían a mi estimación, las he comunicado con hombres apasionados desta leyenda, dotos y discretos, y con otros ignorantes, que solo atienden al gusto de oír disparates, y de todos he hallado una agradable aprobación.",0,1
"y tan bien hechos, que de la verdad a ellos había bien poca diferencia.",1,0
"¿No hay más sino a trochemoche entrarse por las casas ajenas a gobernar sus dueños, y habiéndose criado algunos en la estrecheza de algún pupilaje, sin haber visto más mundo que el que puede contenerse en veinte o treinta leguas de distrito, meterse de rondón a dar leyes a la caballería y a juzgar de los caballeros andantes?",0,0
este gobierno es que vais con vuestro señor don Quijote a dar cima y cabo a esta memorable aventura.,1,0
"¡Oh tú, bienaventurado sobre cuantos viven sobre la haz de la tierra, pues sin tener invidia ni ser invidiado duermes con sosegado espíritu, ni te persiguen encantadores ni sobresaltan encantamentos!",0,0
"También pensó, como él dice, que muchos, llevados de la atención que piden las hazañas de don Quijote, no la darían a las novelas, y pasarían por ellas o con priesa o con enfado, sin advertir la gala y artificio que en sí contienen, el cual se mostrara bien al descubierto, cuando por sí solas, sin arrimarse a las locuras de don Quijote ni a las sandeces de Sancho, salieran a luz.",1,0
aunque fuese débil y flaca.,0,0
Así es verdad,0,1
"Dicen que en el propio original desta historia se lee que llegando Cide Hamete a escribir este capítulo no le tradujo su intérprete como él le había escrito, que fue un modo de queja que tuvo el moro de sí mismo por haber tomado entre manos una historia tan seca y tan limitada como esta de don Quijote, por parecerle que siempre había de hablar dél y de Sancho, sin osar estenderse a otras digresiones y episodios más graves y más entretenidos; y decía que el ir siempre atenido el entendimiento, la mano y la pluma a escribir de un solo sujeto y hablar por las bocas de pocas personas era un trabajo incomportable, cuyo fruto no redundaba en el",1,0
respondió la dueña,0,0
"Llegaron en esto, un hora casi de la noche, a un castillo que bien conoció don Quijote que era el del duque, donde había poco que habían estado.",1,0
"Yendo, pues, con este pensamiento, vio que por cima de una montañuela que delante de los ojos se le ofrecía iba saltando un hombre de risco en risco y de mata en mata con estraña ligereza.",0,0
Es un bálsamo,0,1
"dos que le obligaban a guardar el secreto que le encargase; porque suelen algunos renegados, cuando tienen intención de volverse a tierra de cristianos, traer consigo algunas firmas de cautivos principales, en que dan fe, en la forma que pueden, como el tal renegado es hombre de bien y que siempre ha hecho bien a cristianos y que lleva deseo de huirse en la primera ocasión que se le ofrezca.",1,0
Eso de gobernarlos bien,0,1
"Llamábase Azán Agá, y llegó a ser muy rico y a ser rey de Argel; con el cual yo vine de Constantinopla, algo contento, por estar tan cerca de España, no porque pensase escribir a nadie el desdichado suceso mío, sino por ver si me era más favorable la suerte en Argel que en Constantinopla, donde ya había probado mil maneras de huirme, y ninguna tuvo sazón ni ventura, y pensaba en Argel buscar otros medios de alcanzar lo que tanto deseaba, porque jamás me desamparó la esperanza de tener libertad, y cuando en lo que fabricaba, pensaba y ponía por obra no correspondía el suceso a la intención, luego sin abandonarme fingía y buscaba otra esperanza que me sustentase,",0,0
El cura le contó en breves razones la locura de don Quijote y cómo convenía aquel disfraz para sacarle de la montaña donde a la sazón estaba.,1,0
"Mas gran simpleza es avisarte desto, pues sé que está tu gloria conocida en que mi vida llegue al fin tan presto.",1,0
"Dio luego don Quijote orden en buscar dineros, y, vendiendo una cosa y empeñando otra y malbaratándolas todas, llegó una razonable cantidad.",1,0
Y así fue hecho.,0,0
Desde la memorable aventura de los batanes,0,1
"No se oía en todo el lugar sino ladridos de perros, que atronaban los oídos de don Quijote y turbaban el corazón de Sancho.",1,0
"dijo don Quijote-: sustenta la vida, que más que a mí te importa, y déjame morir a mí a manos de mis pensamientos y a fuerzas de mis desgracias.",0,0
"Mira, Sancho",0,1
"Solo Sancho, como ya se ha dicho, era el afligido, el desventurado y el triste; y así, con malencónico semblante, entró a su amo, el cual acababa de despertar, a quien dijo:",1,0
"Y el primero que fue a descargar el golpe fue el colérico vizcaíno; el cual fue dado con tanta fuerza y tanta furia, que, a no volvérsele la espada en el camino, aquel solo golpe fuera bastante para dar fin a su rigurosa contienda y a todas las aventuras de nuestro caballero; mas la buena suerte, que para mayores cosas le tenía guardado, torció la espada de su contrario, de modo que, aunque le acertó en el hombro izquierdo, no le hizo otro daño que desarmarle todo aquel lado, llevándole de camino gran parte de la celada, con la mitad de la oreja, que todo ello con espantosa ruina vino al suelo, dejándole muy maltrecho.",1,0
"mozo, preguntó a los que llevarle querían que qué les movía a querer llevar contra su voluntad aquel muchacho.",1,0
"Hiciéronlo así y durmió de un tirón, como dicen, más de seis horas: tanto, que pensaron el ama y la sobrina que se había de quedar en el sueño.",1,0
El discreto y cristiano no ha de andar en puntillos con lo que quiere hacer el cielo.,0,0
"respondió Sancho- a Tomé Carrasco, el padre del bachiller Sansón Carrasco, que vuestra merced bien conoce, dos ducados ganaba cada mes, amén de la comida.Con vuestra merced no sé lo que puedo ganar, puesto que sé que tiene más trabajo el escudero del caballero andante que el que sirve a un labrador, que, en resolución, los que servimos a labradores, por mucho que trabajemos de día, por mal que suceda, a la noche cenamos olla y dormimos en cama, en la cual no he dormido después que ha que sirvo a vuestra merced.",0,0
"No más, no más, señor don Quijote",0,1
No ha de ser así,0,1
"Dos personas, la una en la silla y la otra en las ancas, y por la mayor parte estas tales dos personas son caballero y escudero, cuando falta alguna robada doncella.",0,0
"Con todo, dijo que diesen la camisa a Sancho; y encerrándose con él en una cuadra donde estaba un rico lecho, se desnudó y vistió la camisa, y viéndose solo con Sancho le dijo:",0,0
"Nunca te he oído hablar, Sancho",0,1
"Esta, señores",0,1
"En los que escuchado le habían sobrevino nueva lástima de ver que hombre que al parecer tenía buen entendimiento y buen discurso en todas las cosas que trataba, le hubiese perdido tan rematadamente en tratándole de su negra y pizmienta caballería.",1,0
"No hay dejarlo a tu cortesía, Sancho",0,1
"Eso no, Sancho",0,1
Siempre los escuderos,0,1
"No le pareció mal al barbero la invención del cura, sino tan bien, que luego la pusieron por obra.",1,0
"Y, así, me voy por estas soledades y despoblados buscando las aventuras, con ánimo deliberado de ofrecer mi brazo y mi persona a la más peligrosa que la suerte me deparare, en ayuda de los flacos y menesterosos.",1,0
"Pues ¿qué, si venimos a las comedias divinas?",0,0
"Con estos ciertos prometimientos, y con la verdad que ellos me decían, fortificaba yo mi entereza, y jamás quise responder a don Fernando palabra que le pudiese mostrar, aunque de muy lejos, esperanza de alcanzar su deseo.",1,0
"¿Qué es esto, señora ama?",0,0
"Dijo don Quijote a don Antonio que el parecer que habían tomado en la libertad de don Gregorio no era bueno, porque tenía más de peligroso que de conveniente, y que sería mejor que le pusiesen a él en Berbería con sus armas y caballo, que él le sacaría a pesar de toda la morisma, como había hecho don Gaiferos a su esposa Melisendra.",1,0
así como los mochachos quedan tristes cuando no sale el ahorcado que esperan porque le ha perdonado o la parte o la justicia.,1,0
"Pase adelante con su pregunta el señor mayordomo, que yo responderé lo mejor que supiere, ora se entristezca o no se entristezca el pueblo.",0,0
Yo me pelaría las mías,0,1
Déjeme vuestra grandeza,0,1
¿Y dónde hallastes vos ser bueno el nombrar la soga en casa del ahorcado?,0,0
De ese parecer estoy yo,0,1
Tan buenas,0,1
"respondió Sancho-, que no querría yo que los príncipes y los reyes se pusiesen en semejantes peligros, a trueco de un gusto que parece que no le había de ser, pues consiste en matar a un animal que no ha cometido delito alguno.",0,0
"Hombres bajos hay que revientan por parecer caballeros, y caballeros altos hay que parece que aposta mueren por parecer hombres bajos: aquellos se levantan o con la ambición o con la virtud, estos se abajan o con la flojedad o con el vicio; y es menester aprovecharnos del conocimiento discreto para distinguir estas dos maneras de caballeros, tan parecidos en los nombres y tan distantes en las acciones.",0,0
"Uno que parecía estudiante echó la bendición y un paje puso un babador randado a Sancho ; otro que hacía el oficio de maestresala llegó un plato de fruta delante, pero apenas hubo comido un bocado, cuando, el de la varilla tocando con ella en el plato, se le quitaron de delante con grandísima celeridad; pero el maestresala le llegó otro de otro manjar.",1,0
"Llegó, en fin, cansado y sin aliento, y puesto delante de los desposados, hincando el bastón en el suelo, que tenía el cuento de una punta de acero, mudada la color, puestos los ojos en Quiteria, con voz tremente y ronca, estas razones dijo:",0,0
No debió de ser eso,0,1
"replicó Sancho-, señor nuestro amo!",0,0
"respondió Sancho-, sino ayúdome a mí, que soy mi señor.",0,0
"Otro libro tengo también, a quien he de llamar Metamorfóseos, o Ovidio español, de invención nueva y rara, porque en él, imitando a Ovidio a lo burlesco, pinto quién fue la Giralda de Sevilla y el Ángel de la Madalena, quién el Caño de Vecinguerra de Córdoba, quiénes los Toros de Guisando, la Sierra Morena, las fuentes de Leganitos y Lavapiés en Madrid, no olvidándome de la del Piojo, de la del Caño Dorado y de la Priora; y esto, con sus",0,0
"No es maravilla, señora mía, que la vuestra grandeza se turbe y empache contando sus desventuras, que ellas suelen ser tales, que muchas veces quitan la memoria a los que maltratan, de tal manera que aun de sus mesmos nombres no se les acuerda, como han hecho con vuestra gran señoría, que se ha olvidado que se llama la princesa Micomicona, legítima heredera del gran reino Micomicón; y con este apuntamiento puede la vuestra grandeza reducir ahora fácilmente a su lastimada memoria todo aquello que contar quisiere.",0,0
"Y si es que mi buen intento merece ser agradecido con algún género de cortesía, yo os suplico, señor, por la mucha que veo que en vos se encierra, y juntamente os conjuro por la cosa que en esta vida más habéis amado o amáis, que me digáis quién sois y la causa que os ha traído a vivir y a morir entre estas soledades como bruto animal, pues moráis entre ellos tan ajeno de vos mismo cual lo muestra vuestro traje y persona.",0,1
"Y en diciendo esto apretó los muslos a Rocinante, porque espuelas no las tenía, y a todo galope, porque carrera tirada no se lee en toda esta verdadera historia que jamás la diese Rocinante, se fue a encontrar con los diciplinantes, bien que fueran el cura y el canónigo y barbero a detenelle; mas no les fue posible, ni menos le detuvieron las voces que Sancho le daba, diciendo:",0,0
"A todo esto ella no respondía palabra, atónita y confusa.",0,0
"La duquesa mi señora te besa mil veces las manos: vuélvele el retorno con dos mil, que no hay cosa que menos cueste ni valga más barata, según dice mi amo, que los buenos comedimientos.",1,0
dijo a esta sazón Sancho-.,0,0
de consentir y querer lo que yo quiero?,0,0
"Y lo que más es de admirar: que apenas uno ha caído donde no se podrá levantar hasta la fin del mundo, cuando otro ocupa su mesmo lugar; y si este también cae en el mar, que como a enemigo le aguarda, otro y otro le sucede, sin dar tiempo al tiempo de sus muertes: valentía y atrevimiento el mayor que se puede hallar en todos los trances de la guerra.",1,0
"Esto es, señor, lo que pasa, sin que tenga que deciros otra cosa alguna.",0,0
"respondió don Quijote-: que la mayor parte de la gente del mundo está de parecer de que no ha habido en él caballeros andantes; y por parecerme a mí que si el cielo milagrosamente no les da a entender la verdad de que los hubo y de que los hay, cualquier trabajo que se tome ha de ser en vano, como muchas veces me lo ha mostrado la experiencia, no quiero detenerme agora en sacar a vuesa merced del error que con los muchos tiene: lo que pienso hacer es rogar al cielo le saque dél y le dé a entender cuán provechosos y cuán necesarios fueron al mundo los caballeros andantes en los pasados siglos, y cuán útiles fueran",0,1
"Miró don Quijote atentamente al mayordomo y, habiéndole mirado, dijo a Sancho:",0,0
"Presente don Quijote en la estacada, de allí a poco, acompañado de muchas trompetas, asomó por una parte de la plaza, sobre un poderoso caballo, hundiéndola toda, el grande lacayo Tosilos, calada la visera y todo encambronado, con unas fuertes y lucientes armas.",1,0
Es el caso,0,1
"Vos tenéis razón, Sancho",0,1
"¡Oh, qué mal se le entiende a vuesa merced",0,1
"Mas, en efeto, temiendo la máquina de tantos pertrechos, determinó de hablarle comedidamente y, así, le dijo:",1,0
¿No lo dije yo?,0,1
¡Válate el diablo por hombre!,0,1
dijo Zoraida- y por eso deseas ir a verte con tu mujer.,0,0
"Séase quien fuere este que me pide por esposa, que yo se lo agradezco, que más quiero ser mujer legítima de un lacayo que no amiga y burlada de un caballero, puesto que el que a mí me burló no lo es.",0,0
"Con este ruido, furia y alboroto llegaron donde Sancho estaba, atónito y embelesado de lo que oía y veía, y cuando llegaron a él, uno le dijo:",0,0
"Suspenso estaba don Quijote, esperando en qué habían de parar tantas prevenciones.",0,0
"Contó también cómo el soldado, sin quitalle su honor, le robó cuanto tenía y la dejó en aquella cueva y se fue, suceso que de nuevo puso en admiración a todos.",1,0
"Por cierto, señor gobernador",0,1
"Los valientes alcornoques despedían de sí, sin otro artificio que el de su cortesía, sus anchas y livianas cortezas, con que se comenzaron a cubrir las casas, sobre rústicas estacas sustentadas, no más que para defensa de las inclemencias del cielo.",1,0
"Bien dices, Sancho",0,1
"Sancho, que había estado muy atento a la narración del primo, le dijo:",1,0
El capellán dijo que él le quería acompañar y ver los locos que en la casa había.,0,1
"Sepa vuestra merced que esto de azotarse un hombre a sangre fría es cosa recia, y más si caen los azotes sobre un cuerpo mal sustentado y peor comido: tenga paciencia mi señora Dulcinea, que cuando menos se cate me verá hecho una criba, de azotes; y hasta la muerte,",0,0
"Contad, hermano escudero, siete pies de tierra, y si quisiéredes más, tomad otros tantos, que en vuestra mano está escudillar, y tendeos a todo vuestro buen talante, que quemado vea yo y hecho polvos al primero que dio puntada en la andante caballería, o a lo menos al primero que quiso ser escudero de tales tontos como debieron ser todos los caballeros andantes pasados.",1,0
"En estas y en otras pláticas se les pasó gran parte de la noche, y a Sancho le vino en voluntad de dejar caer las compuertas de los ojos, como él decía cuando quería dormir, y, desaliñando al rucio, le dio pasto abundoso y libre.",1,0
"Miramos en ello, y uno de los que conmigo estaban fue a ponerse debajo de la caña, por ver si la soltaban o lo que hacían; pero así como llegó alzaron la caña y la movieron a los dos lados, como si dijeran no con la cabeza.",1,0
"respondieron-, y por el nacimiento de quien vuesa merced quisiere juro, señor don Quijote de la Mancha, que yo soy su escudero Sancho Panza y que nunca me he muerto en todos los días de mi vida, sino que, habiendo dejado mi gobierno por cosas y causas que es menester más espacio para decirlas, anoche caí en esta sima donde yago, el rucio conmigo, que no me dejará mentir, pues, por más señas, está aquí conmigo.",0,0
"A lo menos, yo osaré jurar que en cuantas historias vuesa merced ha leído que tratan de la andante caballería no ha visto algún desencantado por azotes; pero por sí o por no, yo me los daré, cuando tenga gana y el tiempo me dé comodidad para castigarme.",0,0
También lo podrían decir las mías,0,1
"Un caballero que venció los días pasados, llamado el de los Espejos, le volvieron en la figura del bachiller Sansón Carrasco, natural de nuestro pueblo y grande amigo nuestro, y a mi señora Dulcinea del Toboso la han vuelto en una rústica labradora; y, así, imagino que este lacayo ha de morir y vivir lacayo todos los días de su vida.",0,0
"Finalmente, fue el tercero, y avínole lo que al primero y al segundo.",1,0
"respondió don Quijote-, sino que para que tomes fuerzas lo hemos de guardar para nuestra aldea, que a lo más tarde llegaremos allá después de mañana.",0,0
"Encogió Sancho los hombros, obedeció y sentóse, y todas las doncellas y dueñas de la duquesa le rodearon atentas, con grandísimo silencio, a escuchar lo que diría; pero la duquesa fue la que habló primero, diciendo:",1,0
que él daba a entender ser inexcusables.,1,0
Hay mucho que decir,0,1
"A lo cual, mansamente, deteniendo el Diablo la carreta, respondió:",0,0
"respondió don Quijote-, del tal capítulo; y, puesto que sea así, quiero que calles y vengas, que ya los instrumentos que anoche oímos vuelven a alegrar los valles, y sin duda los desposorios se celebrarán en el frescor de la mañana, y no en el calor de la tarde.",0,0
"Tú debes, Sancho",0,1
"Junto con la ermita tiene una pequeña casa, que él ha labrado a su costa; pero, con todo, aunque chica, es capaz de recibir huéspedes.",0,0
"Al subir el duque y la duquesa en el teatro, se levantaron don Quijote y Sancho y les hicieron una profunda humillación, y los duques hicieron lo mesmo, inclinando algún tanto las cabezas.",1,0
"replicó don Quijote-, y es esta: que luego al punto dejéis libre a esa hermosa señora, cuyas lágrimas y triste semblante dan claras muestras que la lleváis contra su voluntad y que algún notorio desaguisado le habedes fecho; y yo, que nací en el mundo para desfacer semejantes agravios, no consentiré que un solo paso adelante pase sin darle la deseada libertad que merece.",0,0
"Sigue tu cuento, Sancho",0,1
"Mi menor hermano está en el Pirú, tan rico, que con lo que ha enviado a mi padre y a mí ha satisfecho bien la parte que él se llevó, y aun dado a las manos de mi padre con que poder hartar su liberalidad natural; y yo ansimesmo he podido con más decencia y autoridad tratarme en mis estudios y llegar al puesto en que me veo.",0,0
"Tres leguas deste valle está una aldea que, aunque pequeña, es de las más ricas que hay en todos estos contornos, en la cual había un labrador muy honrado, y tanto, que, aunque es anejo al ser rico el ser honrado, más lo era él por la virtud que tenía que por la riqueza que alcanzaba; mas lo que le hacía más dichoso, según él decía, era tener una hija de tan estremada hermosura, rara discreción, donaire y virtud, que el que la conocía y la miraba se admiraba de ver las estremadas partes con que el cielo y la naturaleza la habían enriquecido.",0,1
Todo es al pie de la letra como vuestra merced lo va relatando,0,1
No hay para qué,0,1
"Fueron dél muy bien recebidos, preguntáronle por su salud y él dio cuenta de sí y de ella con mucho juicio y con muy elegantes palabras.",1,0
A no haberle añadido esas puntas y collar,0,1
"Con esto dio de buena gana la cola a la ventera el barbero, y asimismo le volvieron todos los adherentes que había prestado para la libertad de don Quijote.",0,0
"No digo nada, ni murmuro de nada",0,1
A su lado venía el pífaro negro y pizmiento como los demás.,1,0
"importa poco, que el uso los irá introduciendo con el tiempo, que con facilidad se entiendan; y esto es enriquecer la lengua, sobre quien tiene poder el vulgo y el uso.",1,0
"respondió Sansón-, porque pensar que yo he de volver a la mía hasta haber molido a palos a don Quijote es pensar en lo escusado; y no me llevará ahora a buscarle el deseo de",0,0
"que de espíritu; porque Jesucristo, Dios y hombre verdadero, que nunca mintió, ni pudo ni puede mentir, siendo legislador nuestro, dijo que su yugo era suave y su carga liviana, y, así, no nos había de mandar cosa que fuese imposible el cumplirla.",1,0
"Obedeció el retor viendo ser orden del arzobispo, pusieron al licenciado sus vestidos, que eran nuevos y decentes, y como él se vio vestido de cuerdo y desnudo de loco, suplicó al capellán que por caridad le diese licencia para ir a despedirse de sus compañeros los locos.",0,1
"provechoso, honesto y deleitable que hay en el mundo!",0,0
"delicada la honra del casado, que parece que se puede ofender aun de los mesmos hermanos, cuanto más de los amigos.",1,0
"Con esto dejaron la ermita y picaron hacia la venta, y a poco trecho toparon un mancebito que delante dellos iba caminando no con mucha priesa, y, así, le alcanzaron.",1,0
"En resolución, los dos regidores, a pie y mano a mano, se fueron al monte, y llegando al lugar y sitio donde pensaron hallar el asno, no le hallaron, ni pareció por todos aquellos contornos, aunque más le buscaron.",0,1
"diminuirla, conteniéndose en los límites de sus estados pacíficamente.",1,0
Luego ¿todo aquello que los poetas enamorados dicen es verdad?,0,0
"Ferido, no",0,1
"de la caballería andante que profeso, cuyo ejercicio aun hasta hacer bien a las ánimas de purgatorio se estiende.",1,0
Pues lo de la piedra en el cántaro un ciego lo verá.,0,0
"¿No le he dicho que sí, pesia a mi linaje?",0,1
"dijo el barbero-, de lo que afirman estos gentileshombres, pues aún porfían que esta no es bacía, sino yelmo?",0,0
"La primera es algunas palabras que he leído en el prólogo; la otra, que el lenguaje es aragonés, porque tal vez escribe sin artículos, y la tercera, que más le confirma por ignorante, es que yerra y se desvía de la verdad en lo más principal de la historia, porque aquí dice que la mujer de Sancho Panza mi escudero se llama Mari Gutiérrez, y no llama tal, sino Teresa Panza: y quien en esta parte tan principal yerra, bien se podrá temer que yerra en todas las demás de la historia.",0,0
"Casi todo aquel día caminó sin acontecerle cosa que de contar fuese, de lo cual se desesperaba, porque quisiera topar luego con quien hacer experiencia del valor de su fuerte brazo.",1,0
"Acabó en esto de encender el candil el cuadrillero y entró a ver el que pensaba que era muerto; y así como le vio entrar Sancho, viéndole venir en camisa y con su paño de cabeza y candil en la mano, y con una muy mala cara, preguntó a su amo:",0,0
Traía cada uno un grueso bastón de acebo en la mano.,1,0
"Niño, niño",0,1
"Los pocos años de Leandra sirvieron de disculpa de su culpa, a lo menos con aquellos que no les iba algún interés en que ella fuese mala o buena; pero los que conocían su discreción y mucho entendimiento no atribuyeron a ignorancia su pecado, sino a su desenvoltura y a la natural inclinación de las mujeres, que por la mayor parte suele ser desatinada y mal compuesta.",1,0
Pues en verdad,0,1
"Sucedió, pues, que entre los perros que descargó la carga fue uno un perro de un bonetero, a quien quería mucho su dueño.",1,0
"Dentro de ocho días os daré toda vuestra parte en dineros, sin defraudaros en un ardite, como lo veréis por la obra.",0,1
Ahora lo oigo,0,1
Así que en quejas del uno y disculpas del otro se pasaban muchos ratos y partes del día.,1,0
"¿Soy yo su rival o hace él profesión de las armas, para tener invidia a la fama que yo por ellas he ganado?",0,0
Di como quisieres,0,1
"Por cierto, buen escudero",0,1
"Has de saber, Teresa, que tengo determinado que andes en coche, que es lo que hace al caso, porque todo otro andar es andar a gatas.",1,0
"Al salir de Barcelona, volvió don Quijote a mirar el sitio donde había caído y dijo:",1,0
"Y aunque poco ha dije que yo podía estar agraviado, agora digo que no, en ninguna manera, porque quien no puede recebir afrenta, menos la puede dar.",0,0
"¿Yo recado de nadie, señor mío?",0,1
"Dejadme, señor don Fernando, por lo que debéis a ser quien sois, ya que por otro respeto no lo hagáis, dejadme llegar al muro de quien yo soy yedra, al arrimo de quien no me han podido apartar vuestras importunaciones, vuestras amenazas, vuestras promesas ni vuestras dádivas.",0,0
"respondió el bachiller-, que ellas son tan buenas, tan gordas y tan bien criadas, que no dirán una cosa por otra, si reventasen.",0,0
A lo que dijo Sancho:,0,0
Y quien lo contrario dijere,0,1
"«Pensar que en esta vida las cosas della han de durar siempre en un estado es pensar en lo escusado, antes parece que ella anda todo en redondo, digo, a la redonda: la primavera sigue al verano, el verano al estío, el estío al otoño, y el otoño al invierno, y el invierno a la primavera, y así torna a andarse el tiempo con esta rueda continua; sola la vida humana corre a su fin ligera más que el viento, sin esperar renovarse si no es en la otra, que no tiene términos que la limiten.» Esto dice Cide Hamete, filósofo mahomético, porque esto de entender la ligereza e instabilidad de la vida presente, y de la duración de la",0,0
"Y como Sancho vio a la novia, dijo:",1,0
"Toda la venta estaba en silencio, y en toda ella no había otra luz que la que daba una lámpara que colgada en medio del portal ardía.",1,0
"Pero volviendo un poco en sí Basilio, con voz doliente y desmayada dijo:",1,0
"Por Dios, señor, que Dulcinea ha dicho la verdad, que aquí tengo el alma atravesada en la garganta, como una nuez de ballesta.",0,0
"dijo don Quijote-, y qué vida nos hemos de dar, Sancho amigo!",0,0
"Pero don Fernando, Cardenio y el cura le hicieron más llanos y más cortesanos ofrecimientos.",1,0
"Alguno destos dos señores que aquí vienen, que no conocen las partes, dirá lo que se ha de hacer en nuestra apuesta.",0,0
"Así lo has de hacer, Sancho",0,1
"La sarta de corales es muy buena, y el vestido de caza de mi marido no le va en zaga.",1,0
"Y todos estos inconvinientes cesarían, y aun otros muchos más que no digo, con que hubiese en la corte una persona inteligente y discreta que examinase todas las comedias antes que se representasen (no solo aquellas que se hiciesen en la corte, sino todas las que se quisiesen representar en España), sin la cual aprobación, sello y firma ninguna justicia en su lugar dejase representar comedia alguna, y desta manera los comediantes tendrían cuidado de enviar las comedias a la corte, y con seguridad podrían representallas, y aquellos que las componen mirarían con más cuidado y estudio lo que hacían, temerosos de haber de pasar sus obras por el riguroso examen de quien lo entiende; y desta manera se harían",1,0
"Quise resucitar la ya muerta andante caballería, y ha muchos días que tropezando aquí, cayendo allí, despeñándome acá y levantándome acullá, he cumplido gran parte de mi deseo, socorriendo viudas, amparando doncellas y favoreciendo casadas, huérfanos y pupilos, propio y natural oficio de caballeros andantes; y así, por mis valerosas, muchas y cristianas hazañas, he merecido andar ya en estampa en casi todas o las más naciones del mundo: treinta mil volúmenes se han impreso de mi historia, y lleva camino de imprimirse treinta mil veces de millares, si el cielo no lo remedia.",1,0
"Contó el renegado la industria y medio que tuvo para sacar a don Gregorio; contó don Gregorio los peligros y aprietos en que se había visto con las mujeres con quien había quedado, no con largo razonamiento, sino con breves palabras, donde mostró que su discreción se adelantaba a sus años.",1,0
"Temíase no hubiese tratado sus amores con alguna indecencia que redundase en menoscabo y perjuicio de la honestidad de su señora Dulcinea del Toboso; deseaba que hubiese declarado su fidelidad y el decoro que siempre la había guardado, menospreciando reinas, emperatrices y doncellas de todas calidades, teniendo a raya los ímpetus de los naturales movimientos; y así, envuelto y revuelto en estas y otras muchas imaginaciones, le hallaron Sancho y Carrasco, a quien don Quijote recibió con mucha cortesía.",0,0
"de hacer un pecho benigno, algunos de los que he hecho fortalecen mi partido.",1,0
"respondió la duquesa- que arrepentido del mal que había hecho a la Trifaldi y compañía, y a otras personas, y de las maldades que como hechicero y encantador debía de haber cometido, quiso concluir con todos los instrumentos de su oficio, y como a principal y que más le traía desasosegado, vagando de tierra en tierra, abrasó a Clavileño, que con sus abrasadas cenizas y con el trofeo del cartel queda eterno el valor del gran don Quijote de la Mancha.",0,0
"O le falta al Amor conocimiento o le sobra crueldad, o no es mi pena igual a la ocasión que me condena al género más duro de tormento.",1,0
"Calle, señor bueno",0,1
"Ofrecióseme luego a la vista un real y suntuoso palacio o alcázar, cuyos muros y paredes parecían de transparente y claro cristal fabricados; del cual abriéndose dos grandes puertas, vi que por ellas salía y hacia mí se venía un venerable anciano, vestido con un capuz de bayeta morada que por el suelo le arrastraba.",0,0
"Y lo mesmo confirmará otro ejemplo: está uno vuelto de espaldas; llega otro y dale de palos, y, en dándoselos, huye y no espera, y el otro le sigue y no alcanza; este que recibió los palos recibió agravio, mas no afrenta, porque la afrenta ha de ser sustentada.",0,0
"Enamoróla el oropel de sus vistosos trajes; encantáronla sus romances, que de cada uno que componía daba veinte traslados; llegaron a sus oídos las hazañas que él de sí mismo había referido: y, finalmente, que así el diablo lo debía de tener ordenado, ella se vino a enamorar dél, antes que en él naciese presunción de solicitalla; y como en los casos de amor no hay ninguno que con más facilidad se cumpla que aquel que tiene de su parte el deseo de la dama, con facilidad se concertaron Leandra y Vicente, y primero que alguno de sus muchos pretendientes cayesen en la cuenta de su deseo, ya ella le tenía cumplido, habiendo dejado la casa de su querido y",1,0
"He sentido también que me llame invidioso y que como a ignorante me describa qué cosa sea la invidia; que, en realidad de verdad, de dos que hay, yo no conozco sino a la santa, a la noble y bienintencionada.",1,0
Vuesa merced,0,1
"Los tres tocadores sí llevo, pero las ligas, como por los cerros de Úbeda.",0,0
"Pues en verdad que no te he de dar este contento, que, puesto que los agravios despiertan la cólera en los más humildes pechos, en el mío ha de padecer excepción esta regla.",1,0
"Olvidósele a Virgilio de declararnos quién fue el primero que tuvo catarro en el mundo, y el primero que tomó las unciones para curarse del morbo gálico, y yo lo declaro al pie de la letra, y lo autorizo con más de veinte y cinco autores, porque vea vuesa merced si he trabajado bien y si ha de ser útil el tal libro a todo el mundo.",1,0
"Vuesa merced me deje dormir y no me apriete en lo del azotarme, que me hará hacer juramento de no tocarme jamás al pelo del sayo, no que al de mis carnes.",0,0
"dije yo entonces-, señor don Montesinos: cuente vuesa merced su historia como debe, que ya sabe que toda comparación es odiosa, y, así, no hay para qué comparar a nadie con nadie.",0,0
"Sí sois, amigo",0,1
Eso está claro,0,1
"introducen reyes, emperadores y pontífices, caballeros, damas y otros diversos personajes?",0,0
respondió Sancho Panza-.,0,0
"Cuando Sancho vio que no hallaba el libro, fuésele parando mortal el rostro; y tornándose a tentar todo el cuerpo muy apriesa, tornó a echar de ver que no le hallaba, y sin más ni más se echó entrambos puños a las barbas y se arrancó la mitad de ellas, y luego apriesa y sin cesar se dio media docena de puñadas en el rostro y en las narices, que se las bañó todas en sangre.",0,0
"Animóle a esto haber visto que de la refriega de los galeotes se había escapado libre la despensa que sobre su asno venía, cosa que la juzgó a milagro, según fue lo que llevaron y buscaron los galeotes.",0,0
"Ya en esto el cura se había concertado con los cuadrilleros que le acompañasen hasta su lugar, dándoles un tanto cada día.",1,0
Por esa sola gracia,0,1
"estados dio fondo el rucio, y él se halló encima dél sin haber recebido lisión ni daño alguno.",1,0
"A estas razones, sin responder con alguna, se levantó Sancho de la silla, y con pasos quedos, el cuerpo agobiado y el dedo puesto sobre los labios, anduvo por toda la sala levantando los doseles; y luego esto hecho, se volvió a sentar y dijo:",1,0
¡Hallado os le habéis el encajador!,0,1
"Sabed que tenéis aquí en vuestra presencia, y abrid los ojos y veréislo, aquel gran caballero de quien tantas cosas tiene profetizadas el sabio Merlín, aquel don Quijote de la Mancha, digo, que de nuevo y con mayores ventajas que en los pasados siglos ha resucitado en los presentes la ya olvidada andante caballería, por cuyo medio y favor podría ser que nosotros fuésemos desencantados, que las grandes hazañas para los grandes hombres están guardadas».",0,0
¿Y escribístesla vos?,0,1
¡Voto a Rus,0,1
No querría,0,1
"Levantado, pues, en pie don Quijote, temblando de los pies a la cabeza como azogado, con presurosa y turbada lengua dijo:",1,0
"Prosiguió, pues, don Quijote y dijo:",1,0
Debía de estar retirada entonces,0,1
"Sentáronse a la redonda de las pieles seis dellos, que eran los que en la majada había, habiendo primero con groseras ceremonias rogado a don Quijote que se sentase sobre un dornajo que vuelto del revés le pusieron.",1,0
"Y viéndose así, y que el sayo verde se le rasgaba, y pareciéndole que si aquel fiero animal allí allegaba le podía alcanzar, comenzó a dar tantos gritos y a pedir socorro con tanto ahínco, que todos los que le oían y no le veían creyeron que estaba entre los dientes de alguna fiera.",1,0
"Sancho le prometió con muchas veras de coserse la boca o morderse la lengua antes de hablar palabra que no fuese muy a propósito y bien considerada, como él se lo mandaba, y que descuidase acerca de lo tal, que nunca por él se descubriría quién ellos eran.",0,0
Y Sancho dijo:,0,0
"En esto estaban, cuando entró don Antonio, diciendo con muestras de grandísimo contento:",0,0
"Yo callaré, señora mía",0,1
¡Y cómo que no mienten!,0,1
Por lo que tiene de condesa,0,1
"La brumada dueña, que oyó conjurarse, por su temor coligió el de don Quijote, y con voz afligida y baja le respondió:",1,0
A burla tendrá vuesa merced el valor de mi rucio; que rucio es el color de mi jumento.,1,0
No es menester tanto,0,1
"El cura, que era hombre bien hablado, como el que ya tenía noticia de su desgracia, pues por las señas le había conocido, se llegó a él, y con breves aunque muy discretas razones le rogó y persuadió que aquella tan miserable vida dejase, porque allí no la perdiese, que era la desdicha mayor de las desdichas.",1,0
"honesto en las palabras, liberal en las obras, valiente en los hechos, sufrido en los trabajos, caritativo con los menesterosos y, finalmente, mantenedor de la verdad, aunque le cueste la vida el defenderla.",1,0
"dijo a esta sazón Sancho-: ¿entra ahí la aventura de los yangüeses, cuando a nuestro buen Rocinante se le antojó pedir cotufas en el golfo?",0,0
"Abalánzase al señuelo mi fe, que nunca ha podido ni menguar por no llamado ni crecer por escogido.",0,1
"dijo Sancho- es que sentí un olorcillo algo hombruno, y debía de ser que ella, con el mucho ejercicio, estaba sudada y algo correosa.",0,0
Fue el parecer del médico que melancolías y desabrimientos le acababan.,1,0
Si todos los que bien se quieren se hubiesen de casar,0,1
"Todo esto dijo sin parar la que tan hermosa mujer parecía, con tan suelta lengua, con voz tan suave, que no menos les admiró su discreción que su hermosura.",0,0
"La del Señor no me falte, que es la que hace al caso.",0,0
Haya lo que hubiere,0,1
"La causa dese dolor debe de ser, sin duda",0,1
"Porque quiero que sepas, Sancho, que todos o los más caballeros andantes de la edad pasada eran grandes trovadores y grandes músicos, que estas dos habilidades, o gracias, por mejor decir, son anexas a los enamorados andantes.",0,0
"Mas el engañado Anselmo le dijo que en ninguna manera tal hiciese; y, desta manera, por mil maneras era Anselmo el fabricador de su deshonra, creyendo que lo era de su gusto. »En esto, el que tenía Leonela de verse cualificada con sus amores llegó a tanto, que sin mirar a otra cosa se iba tras él a suelta rienda, fiada en que su señora la encubría y aun la advertía del modo que con poco recelo pudiese ponerle en ejecución.",0,0
Tan grandes,0,1
"Seis días estuvo don Quijote en el lecho, marrido, triste, pensativo y mal acondicionado, yendo y viniendo con la imaginación en el desdichado suceso de su vencimiento.",1,0
Ya lo querría ver,0,1
"Así que no está la falta en el vulgo, que pide disparates, sino en aquellos que no saben representar otra cosa.",0,0
El diablo me lleve,0,1
"dijo Sancho Panza-, y agora quiero creer lo que mi amo cuenta de lo que vio en la cueva de Montesinos, donde dice que vio a la señora Dulcinea del Toboso en el mesmo traje y hábito que yo dije que la había visto cuando la encanté por solo mi gusto; y todo debió de ser al revés, como vuesa merced, señora mía, dice, porque de mi ruin ingenio no se puede ni debe presumir que fabricase en un instante tan agudo embuste, ni creo yo que mi amo es tan loco, que con tan flaca y magra persuasión como la mía creyese una cosa tan fuera de todo término.",0,0
Mudó Sancho plática y dijo a su amo:,0,0
"Estas tan buenas partes de la hermosa labradora redujeron a tal término los deseos de don Fernando, que se determinó, para poder alcanzarlo y conquistar la entereza de la labradora, darle palabra de ser su esposo, porque de otra manera era procurar lo imposible.",1,0
Ya os digo,0,1
"señor, cómo llama a esta buena y rara aventura, habiendo quedado della cual quedamos.",1,0
"Yo, señor",0,1
"Aprendan, aprendan mucho de enhoramala a saber rogar y a saber pedir y a tener crianza, que no son todos los tiempos unos, ni están los hombres siempre de un buen humor.",1,0
"Es, pues, el caso que llevaban unos hombres a vender a una feria más de seiscientos puercos, con los cuales caminaban a aquellas horas, y era tanto el ruido que llevaban, y el gruñir y el bufar, que ensordecieron los oídos de don Quijote y de Sancho, que no advirtieron lo que ser podía.",1,0
Y la señora ¿quién es?,0,1
Y cuando lleguemos a esa leña que vuestra merced dice,0,1
"Venía el valeroso combatiente bien informado del duque su señor de cómo se había de portar con el valeroso don Quijote de la Mancha, advertido que en ninguna manera le matase, sino que procurase huir el primer encuentro, por escusar el peligro de su muerte, que estaba cierto si de lleno en lleno le encontrase.",1,0
También la tengo yo,0,1
"Vengo a contender contigo y a probar la fuerza de tus brazos, en razón de hacerte conocer y confesar que mi dama, sea quien fuere, es sin comparación más hermosa que tu Dulcinea del Toboso: la cual verdad si tú la confiesas de llano en llano, escusarás tu muerte y el trabajo que yo he de tomar en dártela; y si tú peleares y yo te venciere, no quiero otra satisfación sino que, dejando las armas y absteniéndote de buscar aventuras, te recojas y retires a tu lugar por tiempo de un año, donde has de vivir sin echar mano a la espada, en paz tranquila y en provechoso sosiego, porque así conviene al aumento de tu hacienda y a",0,0
"Sancho, Sancho",0,1
"Cuenta la historia que desde el juzgado llevaron a Sancho Panza a un suntuoso palacio, adonde en una gran sala estaba puesta una real y limpísima mesa; y así como Sancho entró en la sala, sonaron chirimías y salieron cuatro pajes a darle aguamanos, que Sancho recibió con mucha gravedad.",1,0
Pues ese es el yelmo de Mambrino,0,1
"Pues ¿qué diremos, señor",0,1
"Dejamos en la primera parte desta historia al valeroso vizcaíno y al famoso don Quijote con las espadas altas y desnudas, en guisa de descargar dos furibundos fendientes, tales, que, si en lleno se acertaban, por lo menos se dividirían y fenderían de arriba abajo y abrirían como una granada; y que en aquel punto tan dudoso paró y quedó destroncada tan sabrosa historia, sin que nos diese noticia su autor dónde se podría hallar lo que della faltaba.",1,0
"Comed, amigo, y desayunaos con esta espuma, en tanto que se llega la hora del yantar.",0,0
Fiscal has de decir,0,1
"Si por ventura llegares a conocerle, dile de mi parte que no me tengo por agraviado, que bien sé lo que son tentaciones del demonio, y que una de las mayores es ponerle a un hombre en el entendimiento que puede componer y imprimir un libro con que gane tanta fama como dineros y tantos dineros cuanta fama; y para confirmación desto, quiero que en tu buen donaire y gracia le cuentes este cuento: Había en Sevilla un loco que dio en el más gracioso disparate y tema que dio loco en el mundo, y fue que hizo un cañuto de caña puntiagudo en el fin, y en cogiendo algún perro en la calle, o en cualquiera otra parte, con",0,0
"Con esto dio el cabrero fin a su canto; y aunque don Quijote le rogó que algo más cantase, no lo consintió Sancho Panza, porque estaba más para dormir que para oír canciones, y, ansí, dijo a su amo:",1,0
"Finalmente, en sacándole de la iglesia le llevaron a la silla del juzgado y le sentaron en ella, y el mayordomo del duque le dijo:",1,0
"Que me place, señor mío",0,1
"en el presente si se usaran; pero triunfan ahora, por pecados de las gentes, la pereza, la ociosidad, la gula y el regalo.«Escapado se nos ha nuestro huésped",0,1
"Visto lo cual por Sancho, quedó suspenso y, mirando a todos, preguntó si se había de comer aquella comida como juego de maesecoral.",1,0
Contra ese corte sé yo otro,0,1
"En efecto, quiero decir que este caballero va por alcahuete y por tener asimesmo sus puntas y collar de hechicero.",0,0
"Oyólo don Quijote con ánimo sosegado, pero no lo oyeron así su ama, su sobrina y su escudero, los cuales comenzaron a llorar tiernamente, como si ya le tuvieran muerto delante.",1,0
"Pues a tenerla yo aquí, desgraciado yo, ¿qué nos faltaba?",0,1
"Con esto cobró, a su parecer, tanto ánimo, que si le acometieran todos los arrieros del mundo, no volviera el pie atrás.",0,0
Pues sabed,0,1
"El duque dijo que él se la daba, y que departiese con el señor don Quijote cuanto le viniese en deseo.",0,0
"¿Cómo venís así, marido mío, que me parece que venís a pie y despeado, y más traéis semejanza de desgobernado que de gobernador?",0,0
Así lo digo yo,0,1
"Hemos de matar en los gigantes a la soberbia; a la envidia, en la generosidad y buen pecho; a la ira, en el reposado continente y quietud del ánimo; a la gula y al sueño, en el poco comer que comemos y en el mucho velar que velamos; a la lujuria y lascivia, en la lealtad que guardamos a las que hemos hecho señoras de nuestros pensamientos; a la pereza, con andar por todas las partes del mundo, buscando las ocasiones que nos puedan hacer y hagan, sobre cristianos, famosos caballeros.",0,0
¡Y aun algos!,0,1
"Dime, demonio",0,1
Salió luego el Interés y hizo otras dos mudanzas; callaron los tamborinos y él dijo:,1,0
"Y sacando un pañuelo de la faldriquera, pidió a la Dolorida que le cubriese muy bien los ojos; y habiéndoselos cubierto, se volvió a descubrir y dijo:",0,0
"la fábula como el arte pide no sirven sino para cuatro discretos que las entienden, y todos los demás se quedan ayunos de entender su artificio, y que a ellos les está mejor ganar de comer con los muchos que no opinión con los pocos, deste modo vendrá a ser mi libro, al cabo de haberme quemado las cejas por guardar los preceptos referidos, y vendré a ser el sastre del cantillo ».",0,1
"Tentóse todo el cuerpo y recogió el aliento, por ver si estaba sano o agujereado por alguna parte; y viéndose bueno, entero y católico de salud, no se hartaba de dar gracias a Dios Nuestro Señor de la merced que le había hecho, porque sin duda pensó que estaba hecho mil pedazos.",1,0
"Viendo, pues, ya acabada la pendencia y que su amo volvía a subir sobre Rocinante, llegó a tenerle el estribo y, antes que subiese, se hincó de rodillas delante dél y, asiéndole de la mano, se la besó y le dijo:",1,0
"Y así, considerando esto, estoy por decir que en el alma me pesa de haber tomado este ejercicio de caballero andante en edad tan detestable como es esta en que ahora vivimos; porque aunque a mí ningún peligro me pone miedo, todavía me pone recelo pensar si la pólvora y el estaño me han de quitar la ocasión de hacerme famoso y conocido por el valor de mi brazo y filos de mi espada, por todo lo descubierto de la tierra.",1,0
"Y tú, sol, que ya debes de estar apriesa ensillando tus caballos, por madrugar y salir a ver a mi señora, así como la veas suplícote que de mi parte la saludes; pero guárdate que al verla y saludarla no le des paz en el rostro, que tendré más celos de ti que tú los tuviste de aquella ligera ingrata que tanto te hizo sudar y correr por los llanos de Tesalia o por las riberas de Peneo, que no me acuerdo bien por dónde corriste entonces celoso y enamorado.",1,0
Déosle Dios tan bueno,0,1
"Y si en alguna cosa he andado demasiada, o no tan acertada como debiera, echad la culpa a lo que el señor licenciado dijo al principio de mi cuento: que los trabajos continuos y extraordinarios quitan la memoria al que los padece.",0,0
"Ahora bien, ello dirá».",0,0
Eso es lo que yo digo,0,1
No sé yo lo que me parece,0,1
Mujer cristiana,0,1
"O no lo sabes, señora, o eres falsa y desleal.",0,0
"Quitóse la coroza, viola pintada de diablos; volviósela a poner, diciendo entre sí:",1,0
"templado en el beber, considerando que el vino demasiado ni guarda secreto ni cumple palabra. »Ten cuenta, Sancho, de no mascar a dos carrillos ni de erutar delante de nadie.",0,0
"Todo lo cual visto por don Quijote, dijo:",0,0
"¿Tan encubierta estaba la causa de mi dolor, que ha sido menester decirme que me duele todo todo aquello que alcanzó el palo?",0,0
"Llegóse más, y entre ellos vio una gallarda señora sobre un palafrén o hacanea blanquísima, adornada de guarniciones verdes y con un sillón de plata.",1,0
"¿A qué palacio tengo de guiar, cuerpo del sol",0,1
Preguntó la duquesa a Sancho otro día si había comenzado la tarea de la penitencia que había de hacer por el desencanto de Dulcinea.,1,0
De esa manera,0,1
"Quizá de esta suerte le podrá acontecer a este historiador, que no se atreverá a soltar más la presa de su ingenio en libros que, en siendo malos, son más duros que las peñas.",1,0
"Finalmente, a él le pareció que era menester, en el espacio y lugar que daba la ausencia de Anselmo, apretar el cerco a aquella fortaleza, y, así, acometió a su presunción con las alabanzas de su hermosura, porque no hay cosa que más presto rinda y allane las encastilladas torres de la vanidad de las hermosas que la mesma vanidad, puesta en las lenguas de la adulación.",1,0
"Guió don Quijote, y habiendo andado como docientos pasos, dio con el bulto que hacía la sombra, y vio una gran torre, y luego conoció que el tal edificio no era alcázar, sino la iglesia principal del pueblo.",0,0
"Padre tengo, que os conoce y que me quiere bien, el cual, sin forzar mi voluntad, cumplirá la que será justo que vos tengáis, si es que me estimáis como decís y como yo creo.",0,0
"Grandes fueron y muchos los regalos que los desposados hicieron a don Quijote, obligados de las muestras que había dado defendiendo su causa, y al par de la valentía le graduaron la discreción, teniéndole por un Cid en las armas y por un Cicerón en la elocuencia.",1,0
"dijo don Quijote-, que el amor ni mira respetos ni guarda términos de razón en sus discursos, y tiene la misma condición que la muerte, que así acomete los altos alcázares de los reyes como las humildes chozas de los pastores, y cuando toma entera posesión de una alma, lo primero que hace es quitarle el temor y la vergüenza; y, así, sin ella declaró Altisidora sus deseos, que engendraron en mi pecho antes confusión que lástima.",0,0
"Y, asiéndole del brazo, le tornó a atar a la encina, donde le dio tantos azotes, que le dejó por muerto.",0,0
cabellos semejaban pedazos de apretada nieve; todo lo cual en más admiración y en más deseo de saber quién era ponía a los tres que la miraban.,1,0
¿Por eso no más?,0,1
"respondió Sancho-, pozos hay en el camino, donde la hubiera satisfecho.",0,0
Respondió el medroso villano que para el paso en que estaba y juramento que había hecho,0,0
"Dio la duquesa las cartas de su mujer a Sancho Panza, el cual lloró con ellas y dijo:",1,0
"dijo la duquesa-, señor don Quijote, que no ha de ser así, que le han de servir cuatro doncellas de las mías, hermosas como unas flores.",0,0
"Yo sé lo que digo, señora ama: váyase y no se ponga a disputar conmigo, pues sabe que soy bachiller por Salamanca, que no hay más que bachillear",0,1
"El eclesiástico se sentó frontero, y el duque y la duquesa, a los dos lados.",1,0
preguntó a su ama que hacia qué parte estaba el aposento de sus libros.,1,0
Este que se sigue es Florismarte de Hircania,0,1
"Pusiéronle en las manos una lanza, a la cual se arrimó para poder tenerse en pie.",1,0
"El cura ofreció de hacer cuanto se le mandaba, con toda puntualidad.",0,0
"Mandó Radamanto a Sancho que depusiese la ira, pues ya se había alcanzado el intento que se procuraba.",0,0
"respondió el licenciado-, y, así, sabrá vuestra merced que, aunque denantes dije que yo era licenciado, no soy sino bachiller, y llámome Alonso López; soy natural de Alcobendas; vengo de la ciudad de Baeza, con otros once sacerdotes, que son los que huyeron con las hachas; vamos a la ciudad de Segovia acompañando un cuerpo muerto que va en aquella litera, que es de un caballero que murió en Baeza, donde fue depositado, y ahora, como digo, llevábamos sus huesos a su sepultura, que está en Segovia, de donde es natural.",0,0
Preguntóle la duquesa que con qué se los había dado.,1,0
"Señor, pues ¿qué hemos de hacer nosotros?",0,0
"Don Quijote le preguntó cómo se llamaba, porque él supiese de allí adelante a quién quedaba obligado por la merced recebida, porque pensaba darle alguna parte de la honra que alcanzase por el valor de su brazo.",1,0
"Yo sé, Olalla, que me adoras, puesto que no me lo has dicho ni aun con los ojos siquiera, mudas lenguas de amoríos.",0,1
No es loco,0,1
"Eso fuera si mi amo lo hubiera de las muelas, pero no lo ha sino de los cascos.",0,0
"Por Dios, señores míos",0,1
"Los cuales, así como acabaron de conocer a Sancho Panza y a Rocinante, deseosos de saber de don Quijote, se fueron a él, y el cura le llamó por su nombre, diciéndole:",0,0
Pero es de saber agora si tiene mucha costa el hacelle.,0,0
Al buen pagador no le duelen prendas,0,1
La verdad sea,0,1
"Pidióles consejo qué modo tendría para descubrirse o para conocer primero si, después de descubierto, su hermano, por verle pobre, se afrentaba o le recebía con buenas entrañas.",1,0
"Templóla, abrió la reja y sintió que andaba gente en el jardín; y habiendo recorrido los trastes de la vihuela y afinádola lo mejor que supo, escupió y remondóse el pecho, y luego, con una voz ronquilla aunque entonada, cantó el siguiente romance, que él mismo aquel día había compuesto:",1,0
"dijo Sancho-: lo de hasta aquí son tortas y pan pintado; mas si vuestra merced quiere saber todo lo que hay acerca de las caloñas que le ponen, yo le traeré aquí luego al momento quien se las diga todas, sin que les falte una meaja, que anoche llegó el hijo de Bartolomé Carrasco, que viene de estudiar de Salamanca, hecho bachiller, y yéndole yo a dar la bienvenida me dijo que andaba ya en libros la historia de vuestra merced, con nombre del Ingenioso Hidalgo don Quijote de la Mancha; y dice que me mientan a mí en ella con mi mesmo nombre de Sancho Panza, y a la señora Dulcinea del Toboso, con otras cosas que pasamos nosotros",0,0
No quiera Dios,0,1
"Que el principal asumpto de mi profesión es perdonar a los humildes y castigar a los soberbios, quiero decir, acorrer a los miserables y destruir a los rigurosos.",1,0
"eran dineros y camisas limpias, no por eso se había de creer que no los trujeron, y, así, tuviese por cierto y averiguado que todos los caballeros andantes, de que tantos libros están llenos y atestados, llevaban bien herradas las bolsas, por lo que pudiese sucederles, y que asimismo llevaban camisas y una arqueta pequeña llena de ungüentos para curar las heridas que recebían, porque no todas veces en los campos y desiertos donde se combatían y salían heridos había quien los curase, si ya no era que tenían algún sabio encantador por amigo, que luego los socorría, trayendo por el aire en alguna nube alguna doncella o enano con alguna redoma de agua de tal virtud, que en gustando",1,0
"Digo que dicen que dejó el autor escrito que los había comparado en la amistad a la que tuvieron Niso y Euríalo, y Pílades y Orestes ; y si esto es así, se podía echar de ver, para universal admiración, cuán firme debió ser la amistad destos dos pacíficos animales, y para confusión de los hombres, que tan mal saben guardarse amistad los unos a los otros.",1,0
Tan cerca,0,1
"Pasó adelante don Quijote y preguntó a otro su delito, el cual respondió con no menos, sino con mucha más gallardía que el pasado:",1,0
"Alojáronle en una sala baja, a quien servían de guadameciles unas sargas viejas pintadas, como se usan en las aldeas.",0,0
"Si ya no es que esto sea burla pensada, no me puedo persuadir que hombres de tan buen entendimiento como son o parecen todos los que aquí están, se atrevan a decir y afirmar que esta no es bacía, ni aquella albarda; mas como veo que lo afirman y lo dicen, me doy a entender que no carece de misterio el porfiar una cosa tan contraria de lo que nos muestra la misma verdad y la misma experiencia; porque voto a tal (y arrojóle redondo ) que no me den a mí a entender cuantos hoy viven en el mundo al revés de que esta no sea bacía de barbero y esta albarda de asno.",0,0
Sea por lo que fuere,0,1
"Con todas estas mismas partes la pidió también otro del mismo pueblo, que fue causa de suspender y poner en balanza la voluntad del padre, a quien parecía que con cualquiera de nosotros estaba su hija bien empleada; y, por salir desta confusión, determinó decírselo a Leandra, que así se llama la rica que en miseria me tiene puesto, advirtiendo que, pues los dos éramos iguales, era bien dejar a la voluntad de su querida hija el escoger a su gusto, cosa digna de imitar de todos los padres que a sus hijos quieren poner en estado: no digo yo que los dejen escoger en cosas ruines y malas, sino que se las propongan buenas, y de las buenas, que",0,1
"queriendo; y viva él y viva yo, que ni a él le faltarán imperios que mandar, ni a mí ínsulas que gobernar.",1,0
Doña Rodríguez de Grijalba me llamo,0,1
"Porque quiero que sepáis, amigos, que la gente baldía y perezosa es en la república lo mesmo que los zánganos en las colmenas, que se comen la miel que las trabajadoras abejas hacen .",0,0
"Y también podría ser que, como yo soy nuevo caballero en el mundo, y el primero que ha resucitado el ya olvidado ejercicio de la caballería aventurera, también nuevamente se hayan inventado otros géneros de encantamentos y otros modos de llevar a los encantados.",0,0
Pero Basilio replicó:,0,0
"Que el nombre, la figura y el decir que es caballero andante, a mí y a mi madre nos tiene suspensos.",0,0
"¿Sabes qué imagino, Sancho?",0,0
"Sabida esta ley y la rigurosa condición della, pasaban muchos, y luego en lo que juraban se echaba de ver que decían verdad y los jueces los dejaban pasar libremente.",0,0
"Con estos pensamientos, más honrados que acertados ni provechosos, estuvo otro día escuchando a Lotario, el cual cargó la mano de manera que comenzó a titubear la firmeza de Camila, y su honestidad tuvo harto que hacer en acudir a los ojos, para que no diesen muestra de alguna amorosa compasión que las lágrimas y las razones de Lotario en su pecho habían despertado.",1,0
"Alto, pues; sea ansí",0,1
Debes de ser sin duda casado en tu tierra,0,1
"Así como el cura leyó los dos títulos primeros, volvió el rostro al barbero y dijo:",0,0
«Frestón» diría,0,1
Dado ha señal de quién es nuestro buen caballero: los requesones sin duda le han ablandado los cascos y madurado los sesos.,0,0
¿Cómo que no?,0,1
"Tornaron a su comenzado camino del Puerto Lápice, y a obra de las tres del día le descubrieron.",1,0
¿Vienen muy cerca?,0,1
Jamás la dije,0,1
"dijo don Quijote-, pero has de advertir que no todos los tiempos son unos, ni corren de una misma suerte, y esto que el vulgo suele llamar comúnmente agüeros, que no se fundan sobre natural razón alguna, del que es discreto han de ser tenidos y juzgados por buenos acontecimientos .",0,0
"dijo el del Bosque-, a causa que los gobiernos insulanos no son todos de buena data.",0,0
"¡Por cierto, bien debe de estar en el cuento de nuestros sucesos, pues llama a Teresa Panza, mi mujer, «Mari Gutiérrez»!",0,0
"En resolución, aquella tarde don Antonio Moreno, su huésped, y sus dos amigos, con don Quijote y Sancho, fueron a las galeras.",1,0
Dios lo haga y lo encamine como vee que lo han menester sus hijos.,1,0
"Viendo esto, hablé a doce españoles, todos valientes hombres del remo y de aquellos que más libremente podían salir de la ciudad; y no fue poco hallar tantos en aquella coyuntura, porque estaban veinte bajeles en corso y se habían llevado toda la gente de remo, y estos no se hallaran si no fuera que su amo se quedó aquel verano sin ir en corso, a acabar una galeota que tenía en astillero.",1,0
¡Crueldad notoria!,0,1
"Añadiósele a estas arrogancias ser un poco músico y tocar una guitarra a lo rasgado, de manera que decían algunos que la hacía hablar; pero no pararon aquí sus gracias, que también la tenía de poeta, y, así, de cada niñería que pasaba en el pueblo componía un romance de legua y media de escritura.",1,0
"La cual es que el rey mi padre, que se llamaba Tinacrio el Sabidor, fue muy docto en esto que llaman el arte mágica y alcanzó por su ciencia que mi madre, que se llamaba la reina Jaramilla, había de morir primero que él, y que de allí a poco tiempo él también había de pasar desta vida y yo había de quedar huérfana de padre y madre.",0,0
A esta sazón dijo Sancho:,1,0
dijo a esta sazón el ventero.,0,0
"replicó Sancho-, que al buen pagador no le duelen prendas, y más vale al que Dios ayuda que al que mucho madruga, y tripas llevan pies, que no pies a tripas; quiero decir que si Dios me ayuda, y yo hago lo que debo con buena intención, sin duda que gobernaré mejor que un gerifalte.",0,0
"respondió el primo-: prosiga vuestra merced, señor don Quijote, que le escucho con el mayor gusto del mundo.",0,0
"El mismo día que pareció Leandra, la despareció su padre de nuestros ojos y la llevó a encerrar en un monesterio de una villa que está aquí cerca, esperando que el tiempo gaste alguna parte de la mala opinión en que su hija se puso.",1,0
"Y dad gracias a Dios, Sancho, que ya que os santiguaron con un palo, no os hicieron el per signum crucis con un alfanje.",0,0
Cuando yo quisiese olvidarme de los garrotazos que me han dado,0,1
"Acorredme, señora mía, en esta primera afrenta que a este vuestro avasallado pecho se le ofrece; no me desfallezca en este primero trance vuestro favor y amparo.",0,0
Como haya muchas truchuelas,0,1
"En todos nuestros discursos dimos muy lejos de la verdad del caso, y, así, todo nuestro entretenimiento desde allí adelante era mirar y tener por norte a la ventana donde nos había aparecido la estrella de la caña, pero bien se pasaron quince días en que no la vimos, ni la mano tampoco, ni otra señal alguna.",1,0
No era diablo,0,1
"De que vuestra señoría haya hecho gobernador a Sancho mi consorte ha recebido mucho gusto todo este lugar, puesto que no hay quien lo crea, principalmente el cura y mase Nicolás el barbero y Sansón Carrasco el bachiller; pero a mí no se me da nada, que como ello sea así, como lo es, diga cada uno lo que quisiere: aunque, si va a decir verdad, a no venir los corales y el vestido tampoco yo lo creyera, porque en este pueblo todos tienen a mi marido por un porro, y que, sacado de gobernar un hato de cabras, no pueden imaginar para qué gobierno pueda ser bueno.",1,0
"El arzobispo, persuadido de muchos billetes concertados y discretos, mandó a un capellán suyo se informase del retor de la casa si era verdad loque aquel licenciado le escribía, y que asimesmo hablase con el loco, y que si le pareciese que tenía juicio, le sacase y pusiese en libertad.",0,1
"vuestra merced, digo, en este paraíso, que aquí hallará estrellas y soles que acompañen el cielo que vuestra merced trae consigo, aquí hallará las armas en su punto y la hermosura en su estremo.",1,0
"Pero esta fue mi suerte y esta mi malandanza: no puedo más, seguirle tengo; somos de un mismo lugar, he comido su pan, quiérole bien, es agradecido, diome sus pollinos, y, sobre todo, yo soy fiel, y, así, es imposible que nos pueda apartar otro suceso que el de la pala y azadón.",0,0
Y tan buena,0,1
Una de las cosas,0,1
"Había en Córdoba otro loco, que tenía por costumbre de traer encima de la cabeza un pedazo de losa de mármol o un canto no muy liviano, y en topando algún perro descuidado, se le ponía junto y a plomo dejaba caer sobre él el peso.",1,0
"Sancho sí tomó el que le dieron, con intención de venderle en la primera ocasión que pudiese.",1,0
"No os responderé palabra, fermosa señora",0,1
"respondió don Quijote-, y agradezco mucho la merced que se me hace y la buena opinión que de mí se tiene, la cual procuraré que salga verdadera, o me costará la vida, y aun más, si más costarme puede.",0,0
¿Y es hermosa la dama a quien se la diste?,0,1
"Llamábase Aldonza Lorenzo, y a esta le pareció ser bien darle título de señora de sus pensamientos; y, buscándole nombre que no desdijese mucho del suyo y que tirase y se encaminase al de princesa y gran señora, vino a llamarla «Dulcinea del Toboso» porque era natural del Toboso: nombre, a su parecer, músico y peregrino y significativo, como todos los demás que a él y a sus cosas había puesto.",0,0
No fueron golpes,0,1
¿Y adónde íbades ahora?,0,0
Respondió que con la mano.,1,0
Eso es lo que yo digo también,0,1
Esto es lo que hay que decir de maese Pedro y de su mono.,1,0
"Tomé Cecial, que vio cuán mal había logrado sus deseos y el mal paradero que había tenido su camino, dijo al bachiller:",1,0
"dijo a este punto Sancho-, que así acomete mi señor a cien hombres armados como un muchacho goloso a media docena de badeas.",0,0
"Ahora bien, Dios lo remediará",0,1
No se pueden ni deben llamar engaños,0,1
"dijo Sancho-, la isla que yo no gobernase con los años que tengo no la gobernaré con los años de Matusalén.",0,0
"Yo no sé que haya más que decir: solo me guío por el ejemplo que me da el grande Amadís de Gaula, que hizo a su escudero conde de la Ínsula Firme, y, así, puedo yo sin escrúpulo de conciencia hacer conde a Sancho Panza, que es uno de los mejores escuderos que caballero andante ha tenido.",0,0
Del sahumerio os hago gracia,0,1
Mire vuestra merced,0,1
"dijo don Quijote- que los granos de aquel trigo eran granos de perlas, tocados de sus manos.",0,0
"Con esto, doblando a cada paso los rebuznos, rodearon todo el monte sin que el perdido jumento respondiese, ni aun por señas.",0,1
"Con esta buena fee, el buen capellán pidió al retor mandase dar los vestidos con que allí había entrado el licenciado.",0,1
Pues vayan todos al corral,0,1
"De cuando en cuando rebuznaba un jumento, gruñían puercos, mayaban gatos, cuyas voces, de diferentes sonidos, se aumentaban con el silencio de la noche, todo lo cual tuvo el enamorado caballero a mal agüero; pero, con todo esto, dijo a Sancho:",1,0
"En fin, su grandeza, su contoneo, su negrura y su acompañamiento pudiera y pudo suspender a todos aquellos que sin conocerle le miraron.",1,0
"replicó don Quijote-, porque de trecientos y sesenta grados que contiene el globo del agua y de la tierra, según el cómputo de Ptolomeo, que fue el mayor cosmógrafo que se sabe, la mitad habremos caminado, llegando a la línea que he dicho.",0,0
"¡Oh honra de tu linaje, honor y gloria de toda la Mancha, y aun de todo el mundo, el cual, faltando tú en él, quedará lleno de malhechores sin temor de ser castigados de sus malas fechorías!",0,0
"Ya estaba a esta sazón libre Sancho Panza del lazo, y hallándose allí cerca, antes que su amo respondiese, dijo:",0,0
"¿Tan mala es tu Teresa, Sancho?",0,1
"Acabóse la buena comida, ensillaron luego y, sin que les sucediese cosa digna de contar, llegaron otro día a la venta espanto y asombro de Sancho Panza; y aunque él quisiera no entrar en ella, no lo pudo huir.",1,0
"Y será bien dejalle envuelto entre sus suspiros y versos, por contar lo que le avino a Sancho Panza en su mandadería.",1,0
"Si alguna de todas estas cosas que he dicho viera yo en el que mis padres me dieran por esposo, a su voluntad se ajustara la mía, y mi voluntad de la suya no saliera; de modo que, como quedara con honra, aunque quedara sin gusto, de grado le entregara lo que tú, señor, ahora con tanta fuerza procuras.",1,0
Así me lo parece a mí,0,1
Las misericordias,0,1
"Si ya no es, señor mío, que los rayos deste sol que en tus brazos eclipsado tienes te quitan y ofuscan los de tus ojos, ya habrás echado de ver que la que a tus pies está arrodillada es la sin ventura hasta que tú quieras y la desdichada Dorotea.",0,0
"Parece ser que en otro aposento que junto al de don Quijote estaba, que no le dividía más que un sutil tabique, oyó decir don Quijote:",0,0
¡Desdichado de mí!,0,1
"Trocárame yo por ella y diera encima una saya de las más gayadas mías, que de oro le adornan franjas.",1,0
¿Por ventura,0,1
¿Qué me tengo de armar,0,1
"Supe que sabía muy bien arábigo, y no solamente hablarlo, sino escribirlo; pero antes que del todo me declarase con él, le dije que me leyese aquel papel, que acaso me había hallado en un agujero de mi rancho.",1,0
¿Tiene por ventura gallinas el tal ermitaño?,0,1
Todo eso se puede llevar y conllevar,0,1
"Si eres alma en pena, dímelo, que yo haré por ti todo cuanto mis fuerzas alcanzaren, porque soy católico cristiano y amigo de hacer bien a todo el mundo, que para esto tomé la orden",0,0
"Esta señal nos confirmó en que alguna cristiana debía de estar cautiva en aquella casa, y era la que el bien nos hacía; pero la blancura de la mano y las ajorcas que en ella vimos nos deshizo este pensamiento, puesto que imaginamos que debía de ser cristiana renegada, a quien de ordinario suelen tomar por legítimas mujeres sus mesmos amos, y aun lo tienen a ventura, porque las estiman en más que las de su nación.",1,0
"Porque le hago saber que no soy de provecho para nadie, merced a la sin par belleza de mi señora Dulcinea del Toboso.",0,0
Llegó Sancho y alabóle la liberal condición del lacayo Tosilos.,1,0
"Rióse don Quijote y pidió que quitasen otro lienzo, debajo del cual se descubrió la imagen del Patrón de las Españas a caballo, la espada ensangrentada, atropellando moros y pisando cabezas; y en viéndola, dijo don Quijote:",0,0
"Mira y remira, pasa y repasa los consejos y documentos que te di por escrito antes que de aquí partieses a tu gobierno, y verás como hallas en ellos, si los guardas, una ayuda de costa que te sobrelleve los trabajos y dificultades que a cada paso a los gobernadores se les ofrecen.",1,0
Dichosa buscada y dichoso hallazgo,0,1
"En efeto, el barbero vino en todo aquello que el cura quiso, y, trocando la invención, el cura le fue informando el modo que había de tener y las palabras que había de decir a don Quijote para moverle y forzarle a que con él se viniese y dejase la querencia del lugar que había escogido para su vana penitencia.",1,0
"Duerme el criado, y está velando el señor, pensando cómo le ha de sustentar, mejorar y hacer mercedes.",0,0
tanta arcabucería y procura pasar por tan estrecho paso al bajel contrario.,1,0
El miedo a lo menos,0,1
El autor de ese libro,0,1
"respondió el del parche-, que yo moderaré el precio, y con sola la costa me daré por bien pagado; y yo vuelvo, a hacer que camine la carreta donde viene el mono y el retablo.",0,0
"Ella tomó la mano, y en aquella mezcla de lenguas que tengo dicho me preguntó si era caballero y qué era la causa que no me rescataba.",1,0
"Mi voz, ya ves, si me escuchas, que a la que es más dulce iguala, y soy de disposición algo menos que mediana.",1,0
"Con esto entretenía la vida, encerrado en una prisión o casa que los turcos llaman baño, donde encierran los cautivos cristianos, así los que son del rey como de algunos particulares, y los que llaman del almacén, que es como decir cautivos del concejo, que sirven a la ciudad en las obras públicas que hace y en otros oficios; y estos tales cautivos tienen muy dificultosa su libertad, que, como son del común y no tienen amo particular, no hay con quien tratar su rescate, aunque le tengan.",0,0
"Entonces Clara, temerosa de que Luscinda no la oyese, abrazando estrechamente a Dorotea, puso su boca tan junto del oído de Dorotea, que seguramente podía hablar sin ser de otro sentida, y, así, le dijo:",0,0
"Y si este cuento no le cuadrare, dirásle, lector amigo, este, que también es de loco y de perro:",1,0
Ya he dicho,0,1
"Renovóse la admiración en todos, especialmente en Sancho y don Quijote: en Sancho, en ver que a despecho de la verdad querían que estuviese encantada Dulcinea; en don Quijote, por no poder asegurarse si era verdad o no lo que le había pasado en la cueva de Montesinos.",1,0
"Cumplió don Quijote con la naturaleza durmiendo el primer sueño, sin dar lugar al segundo, bien al revés de Sancho, que nunca tuvo segundo, porque le duraba el sueño desde la noche hasta la mañana, en que se mostraba su buena complexión y pocos cuidados .",1,0
Nunca yo acostumbro,0,1
"Fui dél tan bien recebido y tratado, que desde luego comenzó la envidia a hacer su oficio, teniéndomela los criados antiguos, pareciéndoles que las muestras que el duque daba de hacerme merced habían de ser en perjuicio suyo.",1,0
"dijo el ventero- mis libros son herejes o flemáticos, que los quiere quemar?",0,0
"En resolución, él se enfrascó tanto en su letura, que se le pasaban las noches leyendo de claro en claro, y los días de turbio en turbio; y así, del poco dormir y del mucho leer, se le secó el celebro de manera que vino a perder el juicio.",1,0
"El labrador estaba admirado oyendo aquellos disparates; y quitándole la visera, que ya estaba hecha pedazos, de los palos, le limpió el rostro, que le tenía cubierto de polvo; y apenas le hubo limpiado, cuando le conoció y le dijo:",0,0
"respondió Sancho-: quien la vido y la vee ahora, ¿cuál es el corazón que no llora?",0,0
"El lugar donde estoy, y la presencia ante quien me hallo, y el respeto que siempre tuve y tengo al estado que vuesa merced profesa, tienen y atan las manos de mi justo enojo; y así por lo que he dicho como por saber que saben todos que las armas de los togados son las mesmas que las de la mujer , que son la lengua, entraré con la mía en igual batalla con vuesa merced, de quien se debía esperar antes buenos consejos que infames vituperios.",0,0
De todo eso me huelgo yo mucho,0,1
"Si me holgué con el hallazgo no hay para qué decirlo, pues fue tanto el contento como la admiración de pensar de dónde podía venirnos aquel bien, especialmente a mí, pues las muestras de no haber querido soltar la caña sino a mí claro decían que a mí se hacía la merced.",1,0
"replicó Sancho-, si a vuestra merced le parece que no soy de pro para este gobierno, desde aquí le suelto, que más quiero un solo negro de la uña de mi alma que a todo mi cuerpo, y así me sustentaré Sancho a secas con pan y cebolla como gobernador con perdices y capones, y más, que mientras se duerme todos son iguales, los grandes y los menores, los pobres y los ricos; y si vuestra merced mira en ello, verá que solo vuestra merced me ha puesto en esto de gobernar, que yo no sé más de gobiernos de ínsulas que un buitre, y si se imagina que por ser gobernador me ha de llevar el diablo, más me",0,0
"De los que comenzaron grandes y acabaron en punta hay millares de ejemplos, porque todos los Faraones y Tolomeos de Egipto, los Césares de Roma, con toda la caterva (si es que se le puede dar este nombre) de infinitos príncipes, monarcas, señores, medos, asirios, persas, griegos y bárbaros, todos estos linajes y señoríos han acabado en punta y en nonada, así ellos como los que les dieron principio, pues no será posible hallar agora ninguno de sus decendientes, y si le hallásemos sería en bajo y humilde estado.",1,0
"Volviéronla a la presencia del lastimado padre, preguntáronle su desgracia: confesó sin apremio que Vicente de la Roca la había engañado y debajo de su palabra de ser su esposo la persuadió que dejase la casa de su padre, que él la llevaría a la más rica y más viciosa ciudad que había en todo el universo mundo, que era Nápoles; y que ella, mal advertida y peor engañada, le había creído y, robando a su padre, se le entregó la misma noche que había faltado, y que él la llevó a un áspero monte y la encerró en aquella cueva donde la habían hallado.",1,0
"Por Dios, señor nuestro amo",0,1
"Dios te lo perdone, desamorado caballero, pues por tu crueldad he estado en el otro mundo, a mi parecer, más de mil años.",0,0
"Calló en diciendo esto don Quijote, y el de lo verde, según se tardaba en responderle, parecía que no acertaba a hacerlo, pero de allí a buen espacio le dijo:",1,0
"Viéndole en pie su amo, le dijo:",1,0
«De los Leones» ha de decir vuestra alteza,0,1
"Tú, que para mí sin duda alguna eres un porro, sin madrugar ni trasnochar y sin hacer diligencia alguna, con solo el aliento que te ha tocado de la andante caballería, sin más ni más te vees gobernador de una ínsula, como quien no dice nada.",0,0
"Ruégote que no te olvides de mi buen Rocinante, compañero eterno mío en todos mis caminos y carreras.",0,0
"Erutar, Sancho, que no regoldar",0,1
"No temas eso, Sancho",0,1
"Eso, hermano Sancho",0,1
No sé qué me diga a eso,0,1
"Este hombre honrado va por cuatro años a galeras, habiendo paseado las acostumbradas, vestido, en pompa y a caballo.",0,0
"dijo don Quijote-, y podrá llamarse el bachiller Sansón Carrasco, si entra en el pastoral gremio, como entrará sin duda, «el pastor Sansonino», o ya «el pastor Carrascón»; el barbero Nicolás se podrá llamar «Niculoso», como ya el antiguo Boscán se llamó «Nemoroso»; al cura no sé qué nombre le pongamos, si no es algún derivativo de su nombre, llamándole «el pastor Curiambro».",0,0
"armas tan desiguales como eran la brida, lanza, adarga y coselete, no estuvo en nada en acompañar a las doncellas en las muestras de su contento.",1,0
"Quedaron admirados los dos de lo que Sancho Panza les contaba; y aunque ya sabían la locura de don Quijote y el género della, siempre que la oían se admiraban de nuevo.",0,0
"respondió Sancho-, que también ella dice mal de mí cuando se le antoja, especialmente cuando está celosa, que entonces súfrala el mesmo Satanás.",0,0
En decir que maldecía mi fortuna dijiste mal,0,1
"Maritornes, que ya había despertado a las mismas voces, imaginando lo que podía ser, se fue al pajar y desató, sin que nadie lo viese, el cabestro que a don Quijote sostenía, y él dio luego en el suelo, a vista del ventero y de los caminantes, que, llegándose a él, le preguntaron qué tenía, que tales voces daba.",1,0
"dijo la ventera-, que parece que sabes mucho destas cosas, y no está bien a las doncellas saber ni hablar tanto.",0,0
"Hízolo así don Quijote, y preguntándole qué le había sucedido y de qué tenía miedo, le respondió Sancho que todos aquellos árboles estaban llenos de pies y de piernas humanas.",1,0
Bien puedes preciarte que en servir al gran don Quijote sirves en cifra a toda la caterva de caballeros que han tratado las armas en el mundo.,0,0
"Llegaron en esto las otras dos galeras, y todas cuatro con la presa volvieron a la playa, donde infinita gente los estaba esperando, deseosos de ver lo que traían.",1,0
"Paseóse don Antonio con don Quijote por todo el aposento, rodeando muchas veces la mesa, después de lo cual dijo:",1,0
"Sancho respondió que sí haría, aunque sacase fuerzas de flaqueza.",0,0
"plañendo asimesmo vuestra desgracia, fue convertido en un río llamado de su mesmo nombre, el cual cuando llegó a la superficie de la tierra y vio el sol del otro cielo, fue tanto el pesar que sintió de ver que os dejaba, que se sumergió en las entrañas de la tierra; pero, como no es posible dejar de acudir a su natural corriente, de cuando en cuando sale y se muestra donde el sol y las gentes le vean.",1,0
"Su turbante era mayor dos veces que el mayor de alguna de las otras; era cejijunta, y la nariz algo chata; la boca grande, pero colorados los labios; los dientes, que tal vez los descubría, mostraban ser ralos y no bien puestos, aunque eran blancos como unas peladas almendras; traía en las manos un lienzo delgado, y entre él, a lo que pude divisar, un corazón de carne momia, según venía seco y amojamado.",0,0
"Primero le cautivaron y rindieron el deseo las ollas, de quien él tomara de bonísima gana un mediano puchero; luego le aficionaron la voluntad los zaques, y últimamente las frutas de sartén, si es que se podían llamar sartenes las tan orondas calderas; y así, sin poderlo sufrir ni ser en su mano hacer otra cosa, se llegó a uno de los solícitos cocineros, y con corteses y hambrientas razones le rogó le dejase mojar un mendrugo de pan en una de aquellas ollas.",0,0
"Cogióla Sancho a mano salva y presentósela a don Quijote, el cual estaba diciendo:",0,0
"Esto, pues, señores, es ser caballero andante, y la que he dicho es la orden de su caballería, en la cual, como otra vez he dicho, yo, aunque pecador, he hecho profesión, y lo mesmo que profesaron los caballeros referidos profeso yo.",1,0
"No las hubo visto Sancho, cuando bramando como un toro dijo:",1,0
"No hagas muchas pragmáticas , y si las hicieres, procura que sean buenas, y sobre todo que se guarden y cumplan, que las pragmáticas que no se guardan lo mismo es que si no lo fuesen, antes dan a entender que el príncipe que tuvo discreción y autoridad para hacerlas no tuvo valor para hacer que se guardasen; y las leyes que atemorizan y no se ejecutan, vienen a ser como la viga, rey de las ranas, que al principio las espantó, y con el tiempo la menospreciaron y se subieron sobre ella.",1,0
"Dice tanto vuesa merced, señor gobernador",0,1
Yo no sé nada de omecillos,0,1
"respondió don Quijote- en ello: tú quieres decir que eres tan dócil, blando y mañero, que tomarás lo que yo te dijere y pasarás por lo que te enseñare.",0,0
"Apenas hubo dicho esto Minos, juez y compañero de Radamanto, cuando levantándose en pie Radamanto dijo:",0,0
"Casi estas últimas palabras oyó Sancho a su amo, a quien dijo:",1,0
"Pero el que más se admiró fue Sancho Panza, por parecerle, como era así verdad, que en todos los días de su vida había visto tan hermosa criatura; y, así, preguntó al cura con grande ahínco le dijese quién era aquella tan fermosa señora y qué era lo que buscaba por aquellos andurriales.",1,0
"Todo lo ponía en su punto el cura, como discreto, y a cada uno daba el parabién del bien alcanzado; pero quien más jubilaba y se contentaba era la ventera, por la promesa que Cardenio y el cura le habían hecho de pagalle todos los daños e intereses que por cuenta de don Quijote le hubiesen venido.",1,0
"dijo Maritornes-, y a buena fe que yo también gusto mucho de oír aquellas cosas, que son muy lindas, y más cuando cuentan que se está la otra señora debajo de unos naranjos abrazada con su caballero, y que les está una dueña haciéndoles la guarda, muerta de envidia y con mucho sobresalto.",0,0
"De lo cual recibieron los dos gran contento, por parecerles que habían acertado en haberle traído encantado en el carro de los bueyes, como se contó en la primera parte desta tan grande como puntual historia, en su último capítulo; y, así, determinaron de visitarle y hacer esperiencia de su mejoría, aunque tenían casi por imposible que la tuviese, y acordaron de no tocarle en ningún punto de la andante caballería, por no ponerse a peligro de descoser los de la herida, que tan tiernos estaban.",1,0
¿Qué te preguntó de mí?,0,0
replicó la duquesa- más es darse de palmadas que de azotes.,0,0
Sea el de los Leones,0,1
"¡Oh, maldito seas de Dios, Sancho!",0,1
"Mira, Sancho, por el mismo que denantes juraste te juro",0,1
"Luego ¿bien las remediárades vos, señora doncella",0,1
De cuando en cuando juntaba alguno su mano derecha con la de Sancho y decía:,0,0
"¿Está por ventura España abierta y de modo que es menester cerrarla, o qué ceremonia es esta?",0,0
ningún bien y temer mucho mal.,1,0
El mismo soy,0,1
"Y álcense estos manteles y denme a mí de comer, que yo me avendré con cuantas espías y matadores y encantadores vinieren sobre mí y sobre mi ínsula.",0,0
"Traía el rostro cubierto con un transparente y delicado cendal, de modo que, sin impedirlo sus lizos, por entre ellos se descubría un hermosísimo rostro de doncella, y las muchas luces daban lugar para distinguir la belleza y los años, que al parecer no llegaban a veinte ni bajaban de diez y siete.",1,0
"Mal estáis con las dueñas, Sancho amigo",0,1
"Acomodóse asimesmo de una rodela que pidió prestada a un su amigo y, pertrechando su rota celada lo mejor que pudo, avisó a su escudero Sancho del día y la hora que pensaba ponerse en camino, para que él se acomodase de lo que viese que más le era menester.",1,0
"Dorotea consoló a Sancho Panza diciéndole que cada y cuando que pareciese haber sido verdad que su amo hubiese descabezado al gigante, le prometía, en viéndose pacífica en su reino, de darle el mejor condado que en él hubiese.",1,0
"respondió Sancho- que yo no he leído ninguna historia jamás, porque ni sé leer ni escrebir; mas lo que osaré apostar es que más atrevido amo que vuestra merced yo no le he servido en todos los días de mi vida, y quiera Dios que estos atrevimientos no se paguen donde tengo dicho.",0,0
"Fue luego a ver su rocín, y aunque tenía más cuartos que un real y más tachas que el caballo de Gonela, que «tantum pellis et ossa fuit», le pareció que ni el Bucéfalo de Alejandro ni Babieca el del Cid con él se igualaban.",0,0
"Llegaron los diligentes a los perezosos y saludáronse cortésmente; y uno de los que venían, que, en resolución, era canónigo de Toledo y señor de los demás que le acompañaban, viendo la concertada procesión del carro, cuadrilleros, Sancho, Rocinante, cura y barbero, y más a don Quijote enjaulado y aprisionado, no pudo dejar de preguntar qué significaba llevar aquel hombre de aquella manera, aunque ya se había dado a entender, viendo las insignias de los cuadrilleros, que debía de ser algún facinoroso salteador o otro delincuente cuyo castigo tocase a la Santa Hermandad.",1,0
"Digo esto, señor mío de mi alma, porque vuesa merced no se espante si hasta agora no he dado aviso de mi bien o mal estar en este gobierno, en el cual tengo más hambre que cuando andábamos los dos por las selvas y por los despoblados.",1,0
"La sin par Dulcinea del Toboso es quien es, y la señora doña Belerma es quien es y quien ha sido, y quédese aquí.» A lo que él me respondió: «Señor don Quijote, perdóneme vuesa merced, que yo confieso que anduve mal y no dije bien en decir que apenas igualara la señora Dulcinea a la señora Belerma, pues me bastaba a mí haber entendido por no sé qué barruntos que vuesa merced es su caballero, para que me mordiera la lengua antes de compararla sino con el mismo cielo».",0,0
A vos y de vos la pido,0,1
Así escarmentará vuestra merced,0,1
"Consolábale Sancho, y, entre otras razones, le dijo:",1,0
"Vínosele a la memoria a Cardenio, como por sueños, la pendencia que con don Quijote había tenido, y contóla a los demás, mas no supo decir por qué causa fue su quistión.",1,0
"Y así lo hizo Sancho, y le dio la misma libertad que al rucio, cuya amistad dél y de Rocinante fue tan única y tan trabada, que hay fama, por tradición de padres a hijos, que el autor desta verdadera historia hizo particulares capítulos della, mas que, por guardar la decencia y decoro que a tan heroica historia se debe, no los puso en ella, puesto que algunas veces se descuida deste su prosupuesto y escribe que así como las dos bestias se juntaban, acudían a rascarse el uno al otro, y que, después de cansados y satisfechos, cruzaba Rocinante el pescuezo sobre el cuello del rucio (que le sobraba de la otra parte más de media vara) y, mirando",1,0
"Atienda ese señor moro, o lo que es, a mirar lo que hace, que yo y mi señor le daremos tanto ripio a la mano en materia de aventuras y de sucesos diferentes, que pueda componer no solo segunda parte, sino ciento.",0,0
"Y así fue, que cuando llegó a edad de catorce a quince años nadie la miraba que no bendecía a Dios, que tan hermosa la había criado, y los más quedaban enamorados y perdidos por ella.",1,0
"Y en aquel mesmo, pareciéndome a mí ser inhumanidad que mi padre quedase viejo y con tan poca hacienda, hice con él que de mis tres mil",0,1
"¡Miserable de aquel, digo, que tiene la honra espantadiza y piensa que desde una legua se le descubre el remiendo del zapato, el trasudor del sombrero, la hilaza del herreruelo y la hambre de su estómago!».",0,0
"Que me maten si no anda por aquí nuestro señor amo don Quijote, que debe de haber dado a padre el gobierno o condado que tantas veces le había prometido.",0,0
Si eso sabía vuestra merced,0,1
"dijo Tomé Cecial-, yo fui por mi voluntad loco cuando quise hacerme escudero de vuestra merced, y por la misma quiero dejar de serlo y volverme a mi casa.",0,0
"No sé lo que te diga, hijo",0,1
"Pero en efecto le agradezco a este señor autor el decir que mis novelas son más satíricas que ejemplares, pero que son buenas; y no lo pudieran ser si no tuvieran de todo.",1,0
Déjeseme a mí el hacer esa experiencia,0,1
"dijo Sancho- si no se tira con honda, como se tiraron en la pelea de los dos ejércitos, cuando le santiguaron a vuestra merced las muelas y le rompieron el alcuza donde venía aquel benditísimo brebaje que me hizo vomitar las asaduras.",0,0
"Visitáronle, en fin, y halláronle sentado en la cama, vestida una almilla de bayeta verde, con un bonete colorado toledano; y estaba tan seco y amojamado, que no parecía sino hecho de carne momia.",1,0
"El buen Sancho se refociló tres días a costa de los novios, de los cuales se supo que no fue traza comunicada con la hermosa Quiteria el herirse fingidamente, sino industria de Basilio, esperando della el mesmo suceso que se había visto: bien es verdad que confesó que había dado parte de su pensamiento a algunos de sus amigos, para que al tiempo necesario favoreciesen su intención y abonasen su engaño.",1,0
"Con esto, se despidió del duque y se volvió a su lugar, esperando en él a don Quijote, que tras él venía.",1,0
"dijo don Quijote-, que yo haré agora el bálsamo precioso, con que sanaremos en un abrir y cerrar de ojos.",0,0
", pero de muy poca sal en la mollera.",0,0
Pues ¿en qué halla vuesa merced,0,1
"Agora, escribano",0,1
"Así que, señora mía, prevengamos, como tengo dicho, con nuestra diligencia sus designios, y partámonos luego a la buena ventura, que no está más de tenerla vuestra grandeza como desea de cuanto yo tarde de verme con vuestro contrario.",0,0
"Del cual me maravillo, siendo tan discreto, cómo en tantos trabajos y afliciones, o prósperos sucesos, se haya descuidado de dar noticia de sí a su padre: que si él lo supiera, o alguno de nosotros, no tuviera necesidad de aguardar al milagro de la caña para alcanzar su rescate.",0,0
Podrá ser,0,1
Por más fantasmas que sean,0,1
Y más de lo que tú piensas,0,1
"Pero los del escuadrón se contentaron con verle huir, sin tirarle.",1,0
No sé yo cómo se llama,0,1
"Digo, pues, que cuando dieron la señal de la arremetida estaba nuestro lacayo transportado, pensando en la hermosura de la que ya había hecho señora de su libertad, y, así, no atendió al son de la trompeta, como hizo don Quijote, que apenas la hubo oído cuando arremetió y a todo el correr que permitía Rocinante partió contra su enemigo; y viéndole partir su buen escudero Sancho, dijo a grandes voces:",1,0
"Come, Sancho amigo",0,1
"Y, así, digo, señores míos, que los tales trovadores con justo título los debían desterrar a las islas de los Lagartos.",1,0
"respondió Sancho-, porque más de cuatrocientos moros me han aporreado a mí, de manera que el molimiento de las estacas fue tortas y pan pintado.",0,0
"Pues ¿cómo va, buen hombre?",0,0
"dijo a esta sazón doña Rodríguez la dueña, que era una de las escuchantes-, que un romance hay que dice que metieron al rey Rodrigo vivo vivo en una tumba llena de sapos, culebras y lagartos, y que de allí a dos días dijo el rey desde dentro de la tumba, con voz doliente y baja: Ya me comen, ya me comen por do más pecado había; y según esto mucha razón tiene este señor en decir que quiere más ser labrador que rey, si le han de comer sabandijas.",0,0
"Tres días ha que no parecen él, ni el rocín, ni la adarga, ni la lanza, ni las armas.",0,0
"Respondióme que ni por pensamiento. –Pues, hermano –le respondí yo–, vos os podéis volver a vuestra China a las diez o a las veinte o a las que venís despachado, porque yo no estoy con salud para ponerme en tan largo viaje; además que, sobre estar enfermo, estoy muy sin dineros, y, emperador por emperador y monarca por monarca, en Nápoles tengo al grande conde de Lemos, que, sin tantos titulillos de colegios ni rectorías, me sustenta, me ampara y hace más merced que la que yo acierto a desear.",1,0
¡Eso no!,0,1
"¿Quién duda sino que en los venideros tiempos, cuando salga a luz la verdadera historia de mis famosos hechos, que el sabio que los escribiere no ponga, cuando llegue a contar esta mi primera salida tan de mañana, desta manera?: «Apenas había el rubicundo Apolo tendido por la faz de la ancha y espaciosa tierra las doradas hebras de sus hermosos cabellos, y apenas los pequeños y pintados pajarillos con sus harpadas lenguas habían saludado con dulce y meliflua armonía la venida de la rosada aurora, que, dejando la blanda cama del celoso marido, por las puertas y balcones del manchego horizonte a los mortales se mostraba, cuando el famoso caballero don Quijote de la Mancha, dejando las ociosas plumas,",0,0
"No dirás desto nada a nadie, porque pon lo tuyo en concejo, y unos dirán que es blanco y otros que es negro.",1,0
"Es, pues, el caso que el yelmo y el caballo y caballero que don Quijote veía era esto: que en aquel contorno había dos lugares, el uno tan pequeño, que ni tenía botica ni barbero, y el otro, que estaba junto a él, sí; y, así, el barbero del mayor servía al menor, en el cual tuvo necesidad un enfermo de sangrarse, y otro de hacerse la barba, para lo cual venía el barbero y traía una bacía de azófar; y quiso la suerte que al tiempo que venía comenzó a llover, y porque no se le manchase el sombrero, que debía de ser nuevo, se puso la bacía sobre la cabeza, y, como estaba limpia, desde media legua relumbraba.",1,0
"Calla, Sancho",0,1
"Y, así, en esta segunda parte no quiso ingerir novelas sueltas ni pegadizas , sino algunos episodios que lo pareciesen, nacidos de los mesmos sucesos que la verdad ofrece, y aun estos limitadamente y con solas las palabras que bastan a declararlos; y pues se contiene y cierra en los estrechos límites de la narración, teniendo habilidad, suficiencia y entendimiento para tratar del universo todo, pide no se desprecie su trabajo, y se le den alabanzas, no por lo que escribe, sino por lo que ha dejado de escribir.",1,0
Don Quijote le dijo:,0,0
"Al ruido acudió toda la gente de la venta, y entre ellos el ventero.",1,0
"dijo don Quijote-, que me tiene suspenso lo que me has dicho y no comeré bocado que bien me sepa hasta ser informado de todo.",0,0
"Todos los encamisados era gente medrosa y sin armas, y, así, con facilidad en un momento dejaron la refriega y comenzaron a correr por aquel campo, con las hachas encendidas, que no parecían sino a los de las máscaras que en noche de regocijo y fiesta corren.",1,0
"Llamaron sus amigos al médico, tomóle el pulso, y no le contentó mucho y dijo que, por sí o por no, atendiese a la salud de su alma, porque la del cuerpo corría peligro.",1,0
dijo la duquesa-.,0,0
"Quedó como galápago, encerrado y cubierto con sus conchas, o como medio tocino metido entre dos artesas, o bien así como barca que da al través en la arena; y no por verle caído aquella gente burladora le tuvieron compasión alguna, antes, apagando las antorchas, tornaron a reforzar las voces y a reiterar el «¡arma!» con tan gran priesa, pasando por encima del pobre Sancho, dándole infinitas cuchilladas sobre los paveses, que si él no se recogiera y encogiera metiendo la cabeza entre los paveses, lo pasara muy mal el pobre gobernador, el cual, en aquella estrecheza recogido, sudaba y trasudaba y de todo corazón se encomendaba a Dios que de aquel peligro le sacase.",0,0
"Par Dios, señora",0,1
"Yo, señor, porque sé leer y escribir, y soy vizcaíno.",0,0
No lo niego,0,1
"Cuenta Cide Hamete que estando ya don Quijote sano de sus aruños, le pareció que la vida que en aquel castillo tenía era contra toda la orden de caballería que profesaba, y, así, determinó de pedir licencia a los duques para partirse a Zaragoza, cuyas fiestas llegaban cerca, adonde pensaba ganar el arnés que en las tales fiestas se conquista.",1,0
Si no fue la que llevaste a la señora Dulcinea,0,1
"Pero, deseosos de buscar donde alojar aquella noche, acabaron con mucha brevedad su pobre y seca comida.",0,0
Pues toda es cuajada de un copiosísimo ejército que de diversas e innumerables gentes por allí viene marchando.,0,0
¡Aderézame esas medidas!,0,1
"Finalmente, por encerrarlo todo en breves palabras, o en una sola, digo que yo soy don Quijote de la Mancha, por otro nombre llamado el Caballero de la Triste Figura; y puesto que las propias alabanzas envilecen, esme forzoso decir yo tal vez las mías, y esto se entiende cuando no se halla presente quien las diga; así que, señor gentilhombre, ni este caballo, esta lanza, ni este escudo ni escudero, ni todas juntas estas armas, ni la amarillez de mi rostro, ni mi atenuada flaqueza, os podrá admirar de aquí adelante, habiendo ya sabido quién soy y la profesión que hago.",1,0
"Andaba Anselmo perdido de amores de una doncella principal y hermosa de la misma ciudad, hija de tan buenos padres y tan buena ella por sí, que se determinó, con el parecer de su amigo Lotario, sin el cual ninguna cosa hacía, de pedilla por esposa a sus padres, y así lo puso en ejecución; y el que llevó la embajada fue Lotario, y el que concluyó el negocio, tan a gusto de su amigo, que en breve tiempo se vio puesto en la posesión que deseaba, y Camila tan contenta de haber alcanzado a Anselmo por esposo, que no cesaba de dar gracias al cielo, y a Lotario, por cuyo medio tanto bien le había venido.",1,0
"Yo, tanteando el paño, le respondí que sí; él debióse de imaginar, a lo que yo imagino, e imaginé bien, que sin duda yo le quería hurtar alguna parte del paño, fundándose en su malicia y en la mala opinión de los sastres, y replicóme que mirase si habría para dos.",0,0
"En tanto que las damas del castillo esto pasaban con don Quijote, el cura y el barbero se despidieron de don Fernando y sus camaradas y del capitán y de su hermano y todas aquellas contentas señoras, especialmente de Dorotea y Luscinda.",0,0
"Cuando el canónigo oyó hablar al preso y al libre en semejante estilo, estuvo por hacerse la cruz de admirado y no podía saber lo que le había acontecido, y en la mesma admiración cayeron todos los que con él venían.",1,0
"Todo aquel día esperando la noche estuvieron en aquel lugar y mesón don Quijote y Sancho, el uno para acabar en la campaña rasa la tanda de su diciplina, y el otro para ver el fin della, en el cual consistía el de su deseo.",1,0
"Inumerables son aquellos que de baja estirpe nacidos, han subido a la suma dignidad pontificia e imperatoria; y desta verdad te pudiera traer tantos ejemplos, que te cansaran. »Mira, Sancho: si tomas por medio a la virtud y te precias de hacer hechos virtuosos, no hay para qué tener envidia a los que padres y agüelos tienen príncipes y señores, porque la sangre se hereda y la virtud se aquista, y la virtud vale por sí sola lo que la sangre no vale. »Siendo esto así, como lo es, que si acaso viniere a verte cuando estés en tu ínsula alguno de tus parientes, no le deseches ni le afrentes, antes le has de acoger, agasajar y regalar, que con",0,0
"¿Qué os parece desto, amigos?",0,0
"Fui recogiendo la soga que enviábades, y, haciendo della una rosca o rimero, me senté sobre él pensativo además, considerando lo que hacer debía para calar al fondo, no teniendo quién me sustentase; y estando en este pensamiento y confusión, de repente y sin procurarlo, me salteó un sueño profundísimo, y cuando menos lo pensaba, sin saber cómo ni cómo no, desperté dél y me hallé en la mitad del más bello, ameno y deleitoso prado que puede criar la naturaleza, ni imaginar la más discreta imaginación humana.",0,0
"Agora bien, señor don Quijote",0,1
"dijo Sancho-, si no hace muy bien Pentapolín, y que le tengo de ayudar en cuanto pudiere!",0,0
El cual aún todavía dormía.,1,0
"Por otra parte, me parecía que, pues entre sus libros se habían hallado tan modernos como Desengaño de celos y Ninfas y pastores de Henares, que también su historia debía de ser moderna y que, ya que no estuviese escrita, estaría en la memoria de la gente de su aldea y de las a ella circunvecinas.",1,0
"Así como acabó de parecer el dueñesco escuadrón, el duque, la duquesa y don Quijote se pusieron en pie, y todos aquellos que la espaciosa procesión miraban.",1,0
"Entre estos disparatados, el que muestra que menos y más juicio tiene es mi competidor Anselmo, el cual, teniendo tantas otras cosas de que quejarse, solo se queja de ausencia; y al son de un rabel que admirablemente toca, con versos donde muestra su buen entendimiento, cantando se queja.",1,0
"Iba a probarle Sancho, pero, antes que llegase a él ni le gustase, ya la varilla había tocado en él, y un paje alzádole con tanta presteza como el de la fruta.",1,0
Aunque la conociera,0,1
"Pues con ese seguro, y con buena licencia de vuestra grandeza",0,1
"¿Qué será esto, Sancho, que parece que se me ablandan los cascos o se me derriten los sesos, o que sudo de los pies a la cabeza?",0,0
"No siento ninguno, señora",0,1
"Preguntóle don Quijote si eran de algún príncipe, que así las ponderaba.",0,0
"¡Si será posible que he ya hallado lugar que pueda servir de escondida sepultura a la carga pesada deste cuerpo, que tan contra mi voluntad sostengo!",0,0
"Y no pienses, Sancho, que así a humo de pajas hago esto, que bien tengo a quien imitar en ello: que esto mesmo pasó, al pie de la letra, sobre el yelmo de Mambrino, que tan caro le costó a Sacripante.",1,0
"Pues advertid, hermano",0,1
"ordenó de casar a su hija con el rico Camacho, no pareciéndole ser bien casarla con Basilio, que no tenía tantos bienes de fortuna como de naturaleza.",1,0
"Demasiada cosa sería decir yo agora la mucha hermosura, la gentileza, el gallardo y rico adorno con que mi querida Zoraida se mostró a mis ojos: solo diré que más perlas pendían de su hermosísimo cuello, orejas y cabellos que cabellos tenía en la cabeza.",1,0
"respondió la duquesa-: yo os daré mañana una diciplina que os venga muy al justo y se acomode con la ternura de vuestras carnes, como si fueran sus hermanas propias.A lo que dijo Sancho:",0,0
"Dijo que sí, y que aquella noche se había dado cinco azotes.",1,0
"Lo que te suplico es, ¡oh fatal estrella mía!, que la mano que me pides y quieres darme no sea por cumplimiento, ni para engañarme de nuevo, sino que confieses y digas que, sin hacer fuerza a tu voluntad, me la entregas y me la das como a tu legítimo esposo; pues no es razón que en un trance como este me engañes, ni uses de fingimientos con quien tantas verdades ha tratado contigo.",0,0
Pues con todo eso,0,1
"Porque me dijo que su padre había dividido su hacienda entre tres hijos que tenía, y les había dado ciertos consejos mejores que los de Catón.",0,0
Sancho se le humilló y le dijo:,1,0
"Y cuando vuestra desventura fuera de aquellas que tienen cerradas las puertas a todo género de consuelo, pensaba ayudaros a llorarla y plañirla como mejor pudiera, que todavía es consuelo en las desgracias hallar quien se duela dellas.",0,1
Para ver si tengo ese lunar que vuestro padre dijo,0,1
Bien podría ser de borrica,0,1
Pues ¿por qué se quieren tan mal estos dos señores?,0,1
"Así como ella llegó, le dijo su padre en su lengua como yo era cautivo de su amigo Arnaute Mamí y que venía a buscar ensalada.",1,0
"Tú tienes razón, Sancho amigo",0,1
escojan a su gusto.,0,1
"Fue recogido de los cabreros con buen ánimo, y, habiendo Sancho lo mejor que pudo acomodado a Rocinante y a su jumento, se fue tras el olor que despedían de sí ciertos tasajos de cabra que hirviendo al fuego en un caldero estaban; y aunque él quisiera en aquel mesmo punto ver si estaban en sazón de trasladarlos del caldero al estómago, lo dejó de hacer, porque los cabreros los quitaron del fuego y, tendiendo por el suelo unas pieles de ovejas, aderezaron con mucha priesa su rústica mesa y convidaron a los dos, con muestras de muy buena voluntad, con lo que tenían.",1,0
"Yo me quejaré de ausencia; tú te alabarás de firme enamorado; el pastor Carrascón, de desdeñado, y el cura Curiambro, de lo que él más puede servirse, y, así, andará la cosa, que no haya más que desear.",1,0
"Ansí que, si no está más que en esto, seguramente podéis comunicar conmigo lo que quisiéredes.",0,0
"respondió Sanchica-, y el que lo trae ni más ni menos, y aun dos mil si fuere necesidad.",0,0
"Si esto ha sido por orden del rey nigromante de vuestro padre, temeroso que yo no os diese la necesaria y debida ayuda, digo que no supo ni sabe de la misa la media y que fue poco versado en las historias caballerescas; porque si él las hubiera leído y pasado tan atentamente y con tanto espacio como yo las pasé y leí, hallara a cada paso como otros caballeros de menor fama que la mía habían acabado cosas más dificultosas, no siéndolo mucho matar a un gigantillo, por arrogante que sea; porque no ha muchas horas que yo me vi con él, y quiero callar, porque no me digan que miento, pero el tiempo, descubridor de todas las cosas,",0,0
Hablara yo más bien criado,0,1
"¡Maldito seas de Dios y de todos sus santos, Sancho maldito",0,1
"Las perlas eran en gran cantidad y muy buenas, porque la mayor gala y bizarría de las moras es adornarse de ricas perlas y aljófar , y, así, hay más perlas y aljófar entre moros que entre todas las demás naciones, y el padre de Zoraida tenía fama de tener muchas y de las mejores que en Argel había, y de tener asimismo más de docientos mil escudos españoles, de todo lo cual era señora esta que ahora lo es mía.",1,0
juzgaba que le había de pasar la de la hija.,1,0
"Mas cuando más descuidados estábamos de que por allí habían de llover más cianíis, vimos a deshora parecer la caña, y otro lienzo en ella, con otro nudo más crecido, y esto fue a tiempo que estaba el baño, como la vez pasada, solo y sin gente.",1,0
"De cristianos cautivos se dejan tratar y comunicar aun más de aquello que sería razonable; y a mí me hubiera pesado que él la hubiera hablado, que quizá la alborotara, viendo que su negocio andaba en boca de renegados.",1,0
"Unos dicen: «loco, pero gracioso»; otros, «valiente, pero desgraciado»; otros, «cortés, pero impertinente»; y por aquí van discurriendo en tantas cosas, que ni a vuestra merced ni a mí nos dejan hueso sano.",0,0
"Llegando a escribir el traductor desta historia este quinto capítulo, dice que le tiene por apócrifo, porque en él habla Sancho Panza con otro estilo del que se podía prometer de su corto ingenio y dice cosas tan sutiles, que no tiene por posible que él las supiese, pero que no quiso dejar de traducirlo, por cumplir con lo que a su oficio debía; y, así, prosiguió diciendo: Llegó Sancho a su casa tan regocijado y alegre, que su mujer conoció su alegría a tiro de ballesta; tanto, que la obligó a preguntarle:",1,0
"Y fue desta suerte: que habiendo el Uchalí, rey de Argel , atrevido y venturoso cosario, embestido y rendido la capitana de Malta, que solos tres caballeros quedaron vivos en ella, y éstos malheridos, acudió la capitana de Juan Andrea a socorrella, en la cual yo iba con mi compañía; y haciendo lo que debía en ocasión semejante, salté en la galera contraria, la cual desviándose de la que la había embestido, estorbó que mis soldados me siguiesen, y, así, me hallé solo entre mis enemigos, a quien no pude resistir, por ser tantos: en fin me rindieron lleno de heridas.",1,0
"respondió Sancho-, porque antes servirá la tal pelea de despolvorearnos que de herirnos.",0,0
"era cosa de ver con la presteza que los acometía y desbarataba, que no parecía sino que en aquel instante le habían nacido alas a Rocinante, según andaba de ligero y orgulloso.",1,0
"Simplicísimo eres, Sancho",0,1
"Bajó del recuesto y acercóse al escuadrón tanto, que distintamente vio las banderas, juzgó de las colores y notó las empresas que en ellas traían, especialmente una que en un estandarte o jirón de raso blanco venía, en el cual estaba pintado muy al vivo un asno como un pequeño sardesco, la cabeza levantada, la boca abierta y la lengua de fuera, en acto y postura como si estuviera rebuznando; alrededor dél estaban escritos de letras grandes estos dos versos: No rebuznaron en balde el uno y el otro alcalde.",1,0
"Con todo eso, te lo agradecemos",0,1
"No está en eso el punto, ¡oh Emerencia!",0,1
"No debe nada a nadie, que todo lo paga, y más cuando la moneda es locura.",0,0
Los de hasta aquí,0,1
Pero de este trabajo se escusó la sobrina con la entrada de los tres.,1,0
"No es eso, ¡pecador fui yo a Dios!",0,1
"Muchas de cortesías y ofrecimientos pasaron entre don Álvaro y don Quijote, en las cuales mostró el gran manchego su discreción, de modo que desengañó a don Álvaro Tarfe del error en que estaba; el cual se dio a entender que debía de estar encantado, pues tocaba con la mano dos tan contrarios don Quijotes.",0,0
"cabeza y serán tuyos los despojos de mis armas y caballo, y pasará a la tuya la fama de mis hazañas.",1,0
"se iba al jardín de Zoraida, y le pedía fruta y su padre se la daba sin conocelle, y, aunque él quisiera hablar a Zoraida, como él después me dijo, y decille que él era el que por orden mía la había de llevar a tierra de cristianos, que estuviese contenta y segura, nunca le fue posible, porque las moras no se dejan ver de ningún moro ni turco, si no es que su marido o su padre se lo manden.",1,0
"respondió el cabrero- a lo que se lee en los libros de caballeros andantes, que hacían todo eso que de este hombre vuestra merced dice, puesto que para mí tengo o que vuestra merced se burla o que este gentilhombre debe de tener vacíos los aposentos de la cabeza.",0,0
"Diole de vestir Sancho, y en el entretanto que se vestía contó el cura a don Fernando y a los demás las locuras de don Quijote, y del artificio que habían usado para sacarle de la Peña Pobre, donde él se imaginaba estar por desdenes de su señora.",0,0
"Los soldados de las galeras disparaban infinita artillería, a quien respondían los que estaban en las murallas y fuertes de la ciudad, y la artillería gruesa con espantoso estruendo rompía los vientos, a quien respondían los cañones de crujía de las galeras.",1,0
"Porque has de saber, ¡oh Sancho!, que no saber un hombre leer o ser zurdo arguye una de dos cosas: o que fue hijo de padres demasiado de humildes y bajos, o él tan travieso y malo, que no pudo entrar en él el buen uso ni la buena doctrina.",0,0
"Dime, ladrón, vagamundo, ¿no me acabaste de decir ahora que esta princesa se había vuelto en una doncella que se llamaba Dorotea, y que la cabeza que entiendo que corté a un gigante era la puta que te parió, con otros disparates que me pusieron en la mayor confusión que jamás he estado en todos los días de mi vida?",0,0
"todo es vida: quiero decir, que aún yo la tengo, junto con el deseo de cumplir con lo que he prometido.",1,0
"Esta imaginación me traía confuso y deseoso de saber real y verdaderamente toda la vida y milagros de nuestro famoso español don Quijote de la Mancha, luz y espejo de la caballería manchega, y el primero que en nuestra edad y en estos tan calamitosos tiempos se puso al trabajo y ejercicio de las andantes armas, y al de desfacer agravios, socorrer viudas, amparar doncellas, de aquellas que andaban con sus azotes y palafrenes y con toda su virginidad a cuestas, de monte en monte y de valle en valle: que si no era que algún follón o algún villano de hacha y capellina o algún descomunal gigante las forzaba, doncella hubo en los pasados tiempos que, al cabo de",1,0
Dios los remedie,0,1
"dijo el de la Triste Figura-, y yo estoy muy contento de que te quieras valer de mi ánimo, el cual no te ha de faltar, aunque te falte el ánima del cuerpo.",0,0
"Después que don Quijote hubo bien satisfecho su estómago, tomó un puño de bellotas en la mano y, mirándolas atentamente, soltó la voz a semejantes razones:",0,0
"De allí a poco, descubrió don Quijote un hombre a caballo que traía en la cabeza una cosa que relumbraba como si fuera de oro, y aun él apenas le hubo visto, cuando se volvió a Sancho y le dijo:",1,0
"respondió Sancho- que a los escuderos de los caballeros vencidos los puncen moscas, los coman piojos y les embista la hambre.",0,0
"Comieron aquel día con don Antonio algunos de sus amigos, honrando todos y tratando a don Quijote como a caballero andante, de lo cual, hueco y pomposo, no cabía en sí de contento.",1,0
"Pues ¿cómo, Sancho?",0,1
"¡Oh princesa Dulcinea, señora deste cautivo corazón!",0,0
"¿Qué tiene que ver el cascajo, los broches, los refranes y el entono con lo que yo digo?",0,0
"Sabrán vuesas mercedes que en un lugar que está cuatro leguas y media desta venta sucedió que a un regidor dél, por industria y engaño de una muchacha criada suya, y esto es largo de contar, le faltó un asno, y aunque el tal regidor hizo las diligencias posibles por hallarle, no fue posible.",0,1
No dije sino Fili,0,1
"Basta ver cómo don Gaiferos se descubre, y que por los ademanes alegres que Melisendra hace se nos da a entender que ella le ha conocido, y más ahora que veemos se descuelga del balcón para ponerse en las ancas del caballo de su buen esposo.",0,0
"En fin, yo me determiné de fiarme de un renegado, natural de Murcia, que se había dado por grande amigo mío, y puesto prendas entre los",1,0
"Todo se lo creyó don Quijote, que él estaba allí pronto para obedecerle y que concluyese con la mayor brevedad que pudiese, porque, si fuese otra vez acometido y se viese armado caballero, no pensaba dejar persona viva en el castillo, eceto aquellas que él le mandase, a quien por su respeto dejaría.",0,0
"Y no parezca impertinencia y demasía esto que de los vestidos voy contando, porque ellos hacen una buena parte en esta historia.",0,1
"¡Que todavía das, Sancho",0,1
"dijo su amo-, aquí encaja la ejecución de mi oficio: desfacer fuerzas y socorrer y acudir a los miserables.",0,0
"Sancho, mostrando las llagas a la duquesa de su roto vestido, dijo:",1,0
"Y dígame vuestra merced, señor don Álvaro, ¿parezco yo en algo a ese tal don Quijote que vuestra merced dice?",0,0
"Fueron luego conocidos los dos del cura y del bachiller, que se vinieron a ellos con los brazos abiertos.",1,0
"En un lugar de las montañas de León tuvo principio mi linaje, con quien fue más agradecida y liberal la naturaleza que la fortuna, aunque en la estrecheza de aquellos pueblos todavía alcanzaba mi padre fama de rico, y verdaderamente lo fuera si así se diera maña a conservar su hacienda como se la daba en gastalla; y la condición que tenía de ser liberal y gastador le procedió de haber sido soldado los años de su joventud, que es escuela la soldadesca donde el mezquino se hace franco, y el franco, pródigo, y si algunos soldados se hallan miserables, son como monstruos, que se ven raras veces.",0,1
"Mas él, que a las derechas es buen cristiano, aunque quisiera casarla luego, así como la vía de edad, no quiso hacerlo sin su consentimiento, sin tener ojo a la ganancia y granjería que le ofrecía el tener la hacienda de la moza dilatando su casamiento.",1,0
"Soy quien puede más que Amor, y es Amor el que me guía; soy de la estirpe mejor que el cielo en la tierra cría, más conocida y mayor.",0,0
"Tome vuestra merced, señor licenciado; rocíe este aposento, no esté aquí algún encantador de los muchos que tienen estos libros, y nos encanten, en pena de las que les queremos dar echándolos del mundo.",0,0
"respondió Sancho- no hay para qué encargármelo, porque yo soy caritativo de mío y tengo compasión de los pobres, y a quien cuece y amasa, no le hurtes hogaza; y para mi santiguada que no me han de echar dado falso: soy perro viejo y entiendo todo tus, tus, y sé despabilarme a sus tiempos, y no consiento que me anden musarañas ante los ojos, porque sé dónde me aprieta el zapato; dígolo porque los buenos tendrán conmigo mano y concavidad, y los malos, ni pie ni entrada.",0,0
"Pensó el huésped que el haberle llamado castellano había sido por haberle parecido de los sanos de Castilla, aunque él era andaluz, y de los de la playa de Sanlúcar, no menos ladrón que Caco, ni menos maleante que estudiantado paje y, así, le respondió:",0,0
"dijo Sancho- yo no subo, porque ni tengo ánimo ni soy caballero.",0,0
"¿Y por dónde se sale, señora?",0,1
"dijo Sancho- que pues no le han dado ninguno desos famosos nombres de caballos tan conocidos, que tampoco le habrán dado el de mi amo, Rocinante, que en ser propio excede a todos los que se han nombrado.",0,0
"Llegó en esto al mesón un caminante a caballo, con tres o cuatro criados, uno de los cuales dijo al que el señor dellos parecía:",1,0
"¿Tan nueva sois en el mundo, que no lo sabéis vos?",0,1
"¡Menos cortesía, menos mudas, señora dueña",0,1
"Advierte, Sancho",0,1
"respondió don Quijote-, y veráslo cuando lleves una carta, escrita en verso de arriba abajo, a mi señora Dulcinea del Toboso.",0,0
"Yo me hallo tan mal sin vos y tan imposibilitada de no poder sufrir esta ausencia, que si presto no venís, me habré de ir a entretener en casa de mis padres, aunque deje sin guarda la vuestra, porque la que me dejastes, si es que quedó con tal título, creo que mira más por su gusto que por lo que a vos os toca; y pues sois discreto, no tengo más que deciros, ni aun es bien que más os diga.",1,0
"Pero Dios, que lo ordenaba de otra manera, no dio lugar al buen deseo que nuestro renegado tenía; el cual, viendo cuán seguramente iba y venía a Sargel, y que daba fondo cuando y como y adonde quería, y que el tagarino su compañero no tenía más voluntad de lo que la suya ordenaba, y que yo estaba ya rescatado, y que solo faltaba buscar algunos cristianos que bogasen el remo, me dijo que mirase yo cuáles quería traer conmigo, fuera de los rescatados, y que los tuviese hablados para el primer viernes, donde tenía determinado que fuese nuestra partida.",1,0
"mamonado has de ser, acrebillado te has de ver, pellizcado has de gemir.",1,0
"Y, así, no podía inclinarme a creer que tan gallarda historia hubiese quedado manca y estropeada, y echaba la culpa a la malignidad del tiempo, devorador y consumidor de todas las cosas, el cual, o la tenía oculta, o consumida.",1,0
"Finalmente, hizo traer ante sí todas las dueñas de palacio, que fueron estas que están presentes, y después de haber exagerado nuestra culpa y vituperado las condiciones de las dueñas, sus malas mañas y peores trazas, y cargando a todas la culpa que yo sola tenía, dijo que no quería con pena capital castigarnos, sino con otras penas dilatadas, que nos diesen una muerte civil y continua: y en aquel mismo momento y punto que acabó de decir esto, sentimos todas que se nos abrían los poros de la cara y que por toda ella nos punzaban como con puntas de agujas.",1,0
"Y entrando en su aposento, sacó dél una maletilla vieja, cerrada con una cadenilla, y, abriéndola, halló en ella tres libros grandes y unos papeles de muy buena letra, escritos de mano.",0,0
"Cuando Sancho oyó las palabras de su amo, comenzó a llorar con la mayor ternura del mundo y a decille:",1,0
"cuando el alcaide de Antequera, Rodrigo de Narváez, le prendió y llevó cautivo a su alcaidía.",1,0
De que sea albarda o jaez,0,1
"Seis días estuvo sin salir en público, en una noche de las cuales, estando despierto y desvelado, pensando en sus desgracias y en el perseguimiento de Altisidora, sintió que con una llave abrían la puerta de su aposento, y luego imaginó que la enamorada doncella venía para sobresaltar su honestidad y ponerle en condición de faltar a la fee que guardar debía a su señora Dulcinea del Toboso.",1,0
"Preguntóle la duquesa, cuyo título aún no se sabe:",0,0
"¡Ay, señora!",0,1
"No había andado mucho cuando le pareció que a su diestra mano, de la espesura de un bosque que allí estaba, salían unas voces delicadas, como de persona que se quejaba; y apenas las hubo oído, cuando dijo:",1,0
"Pero, volviendo al Roto, prosiguió diciendo:",1,0
"Quedó atónito Sancho, y mostraron quedarlo asimismo los circunstantes, y volviéndose al mayordomo le dijo:",1,0
"Vístete bien, que un palo compuesto no parece palo: no digo que traigas dijes ni galas, ni que siendo juez te vistas como soldado, sino que te adornes con el hábito que tu oficio requiere, con tal que sea limpio y bien compuesto.",1,0
Quedaron en esto y en que la partida sería de allí a ocho días.,1,0
"Pero dejando esto aparte, dime si piensas, Sancho, darte otra tanda esta noche y si quisieres que sea debajo de techado o al cielo abierto.",1,0
"Don Antonio Moreno se llamaba el huésped de don Quijote, caballero rico y discreto y amigo de holgarse a lo honesto y afable, el cual, viendo en su casa a don Quijote, andaba buscando modos como, sin su perjuicio, sacase a plaza sus locuras, porque no son burlas las que duelen, ni hay pasatiempos que valgan, si son con daño de tercero.",1,0
"Pero el que más se holgó con mi ida fue un hijo segundo del duque, llamado Fernando, mozo gallardo, gentilhombre, liberal y enamorado, el cual en poco tiempo quiso que fuese tan su amigo, que daba que decir a todos; y aunque el mayor me quería bien y me hacía merced, no llegó al estremo con que don Fernando me quería y trataba.",1,0
"¡Arma, arma, señor gobernador, arma, que han entrado infinitos enemigos en la ínsula, y somos perdidos si vuestra industria y valor no nos socorre!",0,0
Diéronsela con muestras de que en gran manera les pesaba de que los dejase.,1,0
"Sentóse Altisidora en una silla, junto a su cabecera, y después de haber dado un gran suspiro, con voz tierna y debilitada le dijo:",1,0
"Y en viéndole, dijo su dueño: «Ya me maravillaba yo de que él no respondía, pues a no estar muerto, él rebuznara si nos oyera, o no fuera asno; pero a trueco de haberos oído rebuznar con tanta gracia, compadre, doy por bien empleado el trabajo que he tenido en buscarle, aunque le he hallado muerto».",0,1
"Pidió en entrando un aposento, y como le dijeron que en la venta no le había, mostró recebir pesadumbre y, llegándose a la que en el traje parecía mora, la apeó en sus brazos.",1,0
"Digo, en fin, alta y desheredada señora, que si por la causa que he dicho vuestro padre ha hecho este metamorfóseos en vuestra persona, que no le deis crédito alguno, porque no hay ningún peligro en la tierra por quien no se abra camino mi espada, con la cual poniendo la cabeza de vuestro enemigo en tierra, os pondré a vos la corona de la vuestra en la cabeza en breves días.",0,0
"Oyendo lo cual don Quijote, se le dobló la admiración y se le acrecentó el pasmo, viniéndosele al pensamiento que Sancho Panza debía de ser muerto y que estaba allí penando su alma, y llevado desta imaginación dijo:",0,0
"Cuando estaban don Quijote y Sancho en las razones referidas en el capítulo antecedente, se oyeron grandes voces y gran ruido, y dábanlas y causábanle los de las yeguas, que con larga carrera y grita iban a recebir a los novios, que, rodeados de mil géneros de instrumentos y de invenciones, venían acompañados del cura y de la parentela de entrambos y de toda la gente más lucida de los lugares circunvecinos, todos vestidos de fiesta.",1,0
"Uno de los remedios que el cura y el barbero dieron por entonces para el mal de su amigo fue que le murasen y tapiasen el aposento de los libros, porque cuando se levantase no los hallase quizá quitando la causa cesaría el efeto-, y que dijesen que un encantador se los había llevado, y el aposento y todo; y así fue hecho con mucha presteza.",0,0
A fee que no os falta memoria cuando vos queréis tenerla.,0,0
Quiérense mal,0,1
"Que esta famosa pieza deste encantado yelmo por algún estraño acidente debió de venir a manos de quien no supo conocer ni estimar su valor y, sin saber lo que hacía, viéndola de oro purísimo, debió de fundir la mitad para aprovecharse del precio, y de la otra mitad hizo esta que parece bacía de barbero, como tú dices.",0,0
"en su panza; y no se le diera por hallar otra aventura, entre tanto que iba de aquella manera, un ardite.",1,0
"¿Qué mal sentís, señora mía?",0,0
"dijo el paje- cuando vean el lío que viene en este portamanteo, que es un vestido de paño finísimo que el gobernador sólo un día llevó a caza, el cual todo le envía para la señora Sanchica.",0,0
"De su embelesamiento le volvió Sancho Panza, diciéndole:",1,0
No es de comer,0,1
"Rindióse Camila, Camila se rindió...",1,0
Dígote este latín porque me doy a entender que después que eres gobernador lo habrás aprendido.,1,0
Pidieron posada; a quien la ventera respondió que no había en toda la venta un palmo desocupado.,0,0
"Sosegados todos, el cura quiso acabar de leer la novela, porque vio que faltaba poco.",1,0
"Esto es, señora mía, todo lo que os puedo decir deste músico cuya voz tanto os ha contentado: que en sola ella echaréis bien de ver que no es mozo de mulas, como decís, sino señor de almas y lugares, como yo os he dicho.",1,0
"Lo cual visto por el ventero, tomó tanto enojo, que arremetió con don Quijote y a puño cerrado le comenzó a dar tantos golpes, que si Cardenio y el cura no se le quitaran, él acabara la guerra del gigante; y, con todo aquello, no despertaba el pobre caballero, hasta que el barbero trujo un gran caldero de agua fría del pozo y se le echó por todo el cuerpo de golpe, con lo cual despertó don Quijote, mas no con tanto acuerdo, que echase de ver de la manera que estaba.",0,0
"Llega Cipión a África, tropieza en saltando en tierra, tiénenlo por mal agüero sus soldados, pero él, abrazándose con el suelo, dijo: «No te me podrás huir, África, porque te tengo asida y entre mis brazos».",0,0
"El cual, estando la séptima noche de los días de su gobierno en su cama, no harto de pan ni de vino, sino de juzgar y dar pareceres y de hacer estatutos y pragmáticas, cuando el sueño, a despecho y pesar de la hambre, le comenzaba a cerrar los párpados, oyó tan gran ruido de campanas y de voces, que no parecía sino que toda la ínsula se hundía.",1,0
¡Medrados estamos con eso!,0,1
"Hizo señal el cómitre que zarpasen el ferro y, saltando en mitad de la crujía con el corbacho o rebenque, comenzó a mosquear las espaldas de la chusma y a largarse poco a poco a la mar.",1,0
"Bien has dicho, Sancho",0,1
"Solo Sancho, en viendo al valiente animal, desamparó al rucio y dio a correr cuanto pudo, y procurando subirse sobre una alta encina, no fue posible, antes estando ya a la mitad della, asido de una rama, pugnando por subir a la cima, fue tan corto de ventura y tan desgraciado, que se desgajó la rama, y al venir al suelo, se quedó en el aire, asido de un gancho de la encina, sin poder llegar al suelo.",1,0
"Quisiera tener aliento para poder hablar un poco descansado, y que el dolor que tengo en esta costilla se aplacara tanto cuanto, para darte a entender, Panza, en el error en que estás.",0,0
"Para todo hay remedio, si no es para la muerte",0,1
"«Esta que para mí es desventura, mejor fuera para aventura de mi amo don Quijote.",0,0
"¡Ah, señor gobernador!",0,1
"cada cosa por sí destas o todas juntas la enamoraron; que en verdad en verdad que muchas veces me paro a mirar a vuestra merced desde la punta del pie hasta el último cabello de la cabeza, y que veo más cosas para espantar que para enamorar; y habiendo yo también oído decir que la hermosura es la primera y principal parte que enamora, no teniendo vuestra merced ninguna, no sé yo de qué se enamoró la pobre.",1,0
"respondió Sancho-, con condición que vuestra merced no se ha de enojar de lo que dijere, pues quiere que lo diga en cueros, sin vestirlo de otras ropas de aquellas con que llegaron a mi noticia.",0,0
"Levántate, Sancho, si puedes, y llama al alcaide desta fortaleza y procura que se me dé un poco de aceite, vino, sal y romero para hacer el salutífero bálsamo; que en verdad que creo que lo he bien menester ahora, porque se me va mucha sangre de la herida que esta fantasma me ha dado.",0,0
"El cura y todos los demás se lo agradecieron, y de nuevo se lo rogaron; y él, viéndose rogar de tantos, dijo que no eran menester ruegos adonde el mandar tenía tanta fuerza.",1,0
"Y estando elevado en estos pensamientos, el duque le dijo:",1,0
¡Ah pecador de mí,0,1
"El retintín desa promesa, valeroso caballero, en medio de mi desmayo llegó a mis oídos y ha sido parte para que yo dél vuelva y cobre todos mis sentidos; y, así, de nuevo os suplico, andante ínclito y señor indomable, vuestra graciosa promesa se convierta en obra.",0,0
"No os conozco, amigo",0,1
"Venga, pues, vuestra merced, señor oidor, y vuestra merced, señor cura, y el uno sirva de rey Agramante y el otro de rey Sobrino, y póngannos en paz.",0,0
Hay mucho que decir en eso,0,1
"¿Tan malas obras te hago, Sancho",0,1
"La honra puédela tener el pobre, pero no el vicioso; la pobreza puede anublar a la nobleza, pero no escurecerla del todo; pero como la virtud dé alguna luz de sí, aunque sea por los inconvenientes y resquicios de la estrecheza, viene a ser estimada de los altos y nobles espíritus, y, por el consiguiente, favorecida.",1,0
No es por eso,0,1
"Estábaselo con mucho sosiego mirando don Quijote, y como lo vio caer, saltó de su caballo y con mucha ligereza se llegó a él, y poniéndole la punta de la espada en los ojos, le dijo que se rindiese; si no, que le cortaría la cabeza.",1,0
"Los labradores traían otras cosas, que daban indicio y señal que venían de alguna villa grande donde las habían comprado y las llevaban a su aldea.",1,0
"Y desta manera debía de ser el de mi señora cuando tú la viste, sino que la envidia que algún mal encantador debe de tener a mis cosas, todas las que me han de dar gusto trueca y vuelve en diferentes figuras que ellas tienen; y, así, temo que en aquella historia que dicen que anda impresa de mis hazañas, si por ventura ha sido su autor algún sabio mi enemigo, habrá puesto unas cosas por otras, mezclando con una verdad mil mentiras, divertiéndose a contar otras acciones fuera de lo que requiere la continuación de una verdadera historia.",0,0
replicó ella- uno de los que a pie quedo sirviesen a su rey y señor estándose en la corte?,0,0
Pues ¿por qué?,0,1
"Así como acabamos de concordarnos y escoger nuestros ejercicios, mi padre nos abrazó a todos, y con la brevedad que dijo puso por obra cuanto nos había prometido; y dando a cada uno su parte, que, a lo que se me acuerda, fueron cada tres mil ducados en dineros (porque un nuestro tío compró toda la hacienda y la pagó de contado, porque no saliese del tronco de la casa), en un mesmo día nos despedimos todos tres de nuestro buen padre.",0,1
Yo lo dudo,0,1
"Y, así, según las leyes del maldito duelo, yo puedo estar agraviado, mas no afrentado, porque los niños no sienten, ni las mujeres, ni pueden huir, ni tienen para qué esperar, y lo mesmo los constituidos en la sacra religión, porque estos tres géneros de gente carecen de armas ofensivas y defensivas; y, así, aunque naturalmente estén obligados a defenderse, no lo están para ofender a nadie.",0,0
Pues ¿no sería vuesa merced,0,1
"Así que si quieres que yo tenga vida que pueda decir que lo es, desde luego has de entrar en esta amorosa batalla, no tibia ni perezosamente, sino con el ahínco y diligencia que mi deseo pide y con la confianza que nuestra amistad me asegura.",1,0
"Limpias, pues, sus armas, hecho del morrión celada, puesto nombre a su rocín y confirmándose a sí mismo, se dio a entender que no le faltaba otra cosa sino buscar una dama de quien enamorarse, porque el caballero andante sin amores era árbol sin hojas y sin fruto y cuerpo sin alma.",1,0
De la dulce mi enemiga nace un mal que al alma hiere y por más tormento quiere que se sienta y no se diga.,1,0
"Lo mesmo hizo el duque con su venablo, pero a todos se adelantara la duquesa, si el duque no se lo estorbara.",1,0
"En fin se resolvió en lo que le estuvo peor, que fue en el quedarse, con determinación de no huir la presencia de Lotario, por no dar que decir a sus criados, y ya le pesaba de haber escrito lo que escribió a su esposo, temerosa de que no pensase que Lotario había visto en ella alguna desenvoltura que le hubiese movido a no guardalle el decoro que debía.",1,0
"respondió don Quijote-, como no se haya de cumplir en daño o mengua de mi rey, de mi patria y de aquella que de mi corazón y libertad tiene la llave.",0,0
"Paseó la plaza y, llegando donde las dueñas estaban, se puso algún tanto a mirar a la que por esposo le pedía.",1,0
"dijo don Quijote-, que ahora que vais hablando sin que nadie os vaya a la mano, que no os duele nada en todo vuestro cuerpo.",0,0
"Ni ajena ni propia, ni pesada ni por pesar",0,1
"Yo a lo menos no pienso matarme a mí mismo, antes pienso hacer como el zapatero, que tira el cuero con los dientes hasta que le hace llegar donde él quiere: yo tiraré mi vida comiendo hasta que llegue al fin que le tiene determinado el cielo; y sepa, señor, que no hay mayor locura que la que toca en querer desesperarse como vuestra merced, y créame y después de comido échese a dormir un poco sobre los colchones verdes destas yerbas, y verá como cuando despierte se halla algo más aliviado.",0,0
"Quisiera yo, señor duque",0,1
"Algunos hay que procuran estas fees con buena intención; otros se sirven dellas acaso y de industria: que viniendo a robar a tierra de cristianos, si a dicha se pierden o los cautivan, sacan sus firmas y dicen que por aquellos papeles se verá el propósito con que venían, el cual era de quedarse en tierra de cristianos, y que por eso venían en corso con los demás turcos.",1,0
"Callad, Sancho",0,1
"En fin, todos se dividieron y apartaron, quedando solos el cura y barbero, don Quijote y Panza y el bueno de Rocinante, que a todo lo que había visto estaba con tanta paciencia como su amo.",0,0
"Híncate de rodillas, Sancho",0,1
Pues así es,0,1
"que cobre su juicio, sino el de la venganza, que el dolor grande de mis costillas no me deja hacer más piadosos discursos.",1,0
Yo iré y volveré presto,0,1
"Oyóle decir esto el estudiante poeta hijo de don Diego, que con su madre había salido a recebirle, y madre y hijo quedaron suspensos de ver la estraña figura de don Quijote; el cual, apeándose de Rocinante, fue con mucha cortesía a pedirle las manos para besárselas, y don Diego dijo:",0,0
Tanto monta,0,1
¡Voto a mí que es de raso!,0,0
"¿Y adónde está, señor mío, su merced de esa señora aventura?",0,0
"Encomiéndeme a Sanchica su hija y dígale de mi parte que se apareje, que la tengo de casar altamente cuando menos lo piense.",0,0
Hallemos primero una por una el alcázar,0,1
"Avísame si el mayordomo que está contigo tuvo que ver en las acciones de la Trifaldi, como tú sospechaste; y de todo lo que te sucediere me irás dando aviso, pues es tan corto el camino: cuanto más que yo pienso dejar presto esta vida ociosa en que estoy, pues no nací para ella.",1,0
"Pues galgos no me habían de faltar, habiéndolos sobrados en mi pueblo; y más, que entonces es la caza más gustosa cuando se hace a costa ajena.",1,0
Harto vive la sarna,0,1
"Sancho, a quien jamás pluguieron ni solazaron semejantes fechurías, se acogió a las tinajas donde había sacado su agradable espuma, pareciéndole aquel lugar como sagrado, que había de ser tenido en respeto.",1,0
"Levantóse Sancho como mejor pudo y pidió a su amo la espada, diciéndole que quería matar media docena de aquellos señores y descomedidos puercos, que ya había conocido que lo eran.",1,0
Eso haré yo de gana,0,1
"tristes acentos, decía desta manera:",1,0
A mí albarda me parece,0,1
¡Aquí del rey otra vez!,0,1
"De pesar de la muerte de tan buena mujer, murió su marido Guillermo, dejando a su hija Marcela, muchacha y rica, en poder de un tío suyo sacerdote y beneficiado en nuestro lugar.",0,0
"El primero que entró en el campo y estacada fue el maestro de las ceremonias, que tanteó el campo y le paseó todo, porque en él no hubiese algún engaño, ni cosa encubierta donde se tropezase y cayese; luego entraron las dueñas y se sentaron en sus asientos, cubiertas con los mantos hasta los ojos, y aun hasta los pechos, con muestras de no pequeño sentimiento.",1,0
No sería eso,0,1
"Y diciendo esto asió del bastón que tenía hincado en el suelo, y, quedándose la mitad dél en la tierra, mostró que servía de vaina a un mediano estoque que en él se ocultaba; y puesta la que se podía llamar empuñadura en el suelo, con ligero desenfado y determinado propósito se arrojó sobre él, y en un punto mostró la punta sangrienta a las espaldas, con la mitad del acerada cuchilla, quedando el triste bañado en su sangre y tendido en el suelo, de sus mismas armas traspasado.",1,0
"Y no se ha de entender por esto que han de dejar de encomendarse a Dios, que tiempo y lugar les queda para hacerlo en el discurso de la obra.",0,0
"Pensativo además quedó don Quijote, esperando al bachiller Carrasco, de quien esperaba oír las nuevas de sí mismo puestas en libro, como había dicho Sancho, y no se podía persuadir a que tal historia hubiese, pues aún no estaba enjuta en la cuchilla de su espada la sangre de los enemigos que había muerto, y ya querían que anduviesen en estampa sus altas caballerías.",1,0
"En esto volvió el cura el rostro y vio que a sus espaldas venían hasta seis o siete hombres de a caballo, bien puestos y aderezados, de los cuales fueron presto alcanzados, porque caminaban no con la flema y reposo de los bueyes, sino como quien iba sobre mulas de canónigos y con deseo de llegar presto a sestear a la venta que menos de una legua de allí se parecía.",1,0
Si tan discreto es el amo como el mozo,0,1
"¿Por qué los obligas a dar pantalia a los zapatos y a que los botones de sus ropillas unos sean de seda, otros de cerdas y otros",0,0
"Estoy yo ahora reventando de pena por ver mi sayo verde roto, y vienen a pedirme que me azote de mi voluntad, estando ella tan ajena dello como de volverme cacique.",1,0
¡Y cómo si queda lo amargo!,0,1
Mujer de un gobernador eres: ¡mira si te roerá nadie los zancajos!,0,0
"Tú solicitaste mi descuido, tú rogaste a mi entereza, tú no ignoraste mi calidad, tú sabes bien de la manera que me entregué a toda tu voluntad: no te queda lugar ni acogida de llamarte a engaño; y si esto es así, como lo es, y tú eres tan cristiano como caballero, ¿por qué por tantos rodeos dilatas de hacerme venturosa en los fines, como me heciste en los principios?",0,0
"En esto, descubrieron treinta o cuarenta molinos de viento que hay en aquel campo, y así como don Quijote los vio, dijo a su escudero:",1,0
"De allí a dos días, se levantó don Quijote, y lo primero que hizo fue ir a ver sus libros; y como no hallaba el aposento donde le había dejado, andaba de una en otra parte buscándole.",0,0
"Pues, a quererlos hacer, de paleta me había venido la ocasión en mi gobierno.",0,0
¡Oh hombre de poca fe!,0,1
"alegorías, metáforas y translaciones, de modo que alegran, suspenden y enseñan a un mismo punto.",1,0
"Viome, requebróme, escuchéle, enamoréme, a hurto de mi padre, porque no hay mujer, por retirada que esté y recatada que sea, a quien no le sobre tiempo para poner en ejecución y efecto sus atropellados deseos.",0,0
"Lo que a mí me admira es que sé, tan cierto como ahora es de día, que Durandarte acabó los de su vida en mis brazos, y que después de muerto le saqué el corazón con mis propias manos; y en verdad que debía de pesar dos libras, porque, según los naturales, el que tiene mayor corazón es dotado de mayor valentía del que le tiene pequeño.",0,0
"Yo os digo, mujer",0,1
"Ordenó, pues, la suerte, y el diablo (que no todas veces duerme), que andaban por aquel valle paciendo una manada de hacas galicianas de unos arrieros yangüeses, de los cuales es costumbre sestear con su recua en lugares y sitios de yerba y agua, y aquel donde acertó a hallarse don Quijote era muy a propósito de los yangüeses.",1,0
No sé yo de qué,0,1
"Pero yo ¿cómo puedo imitalle en las locuras, si no le imito en la ocasión dellas?",0,0
"Diré que va acertado el que bien quiere, y que es más libre el alma más rendida a la de amor antigua tiranía.",1,0
"Y no le parezca a alguno que anduvo el autor algo fuera de camino en haber comparado la amistad destos animales a la de los hombres, que de las bestias han recebido muchos advertimientos los hombres y aprendido muchas cosas de importancia, como son, de las cigüeñas, el cristel; de los perros, el vómito y el agradecimiento; de las grullas, la vigilancia; de las hormigas, la providencia; de los elefantes, la honestidad, y la lealtad, del caballo.",1,0
¡Dichoso tú sobre todos los escuderos del mundo!,0,0
"Por la respuesta de cada pregunta pedía dos reales, y de algunas hacía barato, según tomaba el pulso a los preguntantes; y como tal vez llegaba a las casas de quien él sabía los sucesos de los que en ella moraban, aunque no le preguntasen nada por no pagarle, él hacía la seña al mono y luego decía que le había dicho tal y tal cosa, que venía de molde con lo sucedido.",1,0
"Apenas había el cabrero acabado de decir esto, cuando llegó a sus oídos el son del rabel, y de allí a poco llegó el que le tañía, que era un mozo de hasta veinte y dos años, de muy buena gracia.",1,0
¿Qué gente es?,0,1
Yo lo creo,0,1
"otro día llegó a la venta donde le había sucedido la desgracia de la manta, y no la hubo bien visto, cuando le pareció que otra vez andaba en los aires, y no quiso entrar dentro, aunque llegó a hora que lo pudiera y debiera hacer, por ser la del comer y llevar en deseo de gustar algo caliente, que había grandes días que todo era fiambre.",1,0
"respondió don Quijote-, y será gran prudencia dejar pasar el mal influjo de las estrellas que agora corre.",0,0
"Finalmente, el doctor Pedro Recio Agüero de Tirteafuera prometió de darle de cenar aquella noche, aunque excediese de todos los aforismos de Hipócrates.",0,0
"Y así, siendo yo la medianera, él se halló una y muy muchas veces en la estancia de la por mí y no por él engañada Antonomasia, debajo del título de verdadero esposo; que, aunque pecadora, no consintiera que sin ser su marido la llegara a la vira de la suela de sus zapatillas.",1,0
"Dígolo porque si esta noche no hallamos los palacios o alcázares de mi señora, agora que es de día los pienso hallar, cuando menos los piense; y hallados, déjenme a mí con ella.",0,0
"Ya, ya caigo",0,1
"Que dé al diablo vuestra merced tales juramentos, señor mío",0,1
"Señor, ya se viene a más andar el día y no será acertado dejar que nos halle el sol en la calle: mejor será que nos salgamos fuera de la ciudad y que vuestra merced se embosque en alguna floresta aquí cercana, y yo volveré de día, y no dejaré ostugo en todo este lugar donde no busque la casa, alcázar o palacio de mi señora, y asaz sería de desdichado si no le hallase; y hallándole, hablaré con su merced y le diré dónde y cómo queda vuestra merced esperando que le dé orden y traza para verla, sin menoscabo de su honra y fama.",0,0
"Subieron, en efeto, y con ellos algunos que se hallaron presentes; y llegado el licenciado a una jaula adonde estaba un loco furioso, aunque entonces sosegado y quieto, le dijo: «Hermano mío, mire si me manda algo, que me voy a mi casa, que ya Dios ha sido servido, por su infinita bondad y misericordia, sin yo merecerlo, de volverme mi juicio: ya estoy sano y cuerdo, que acerca del poder de Dios ninguna cosa es imposible.",0,1
"En la mano izquierda traía un azor, señal que dio a entender a don Quijote ser aquella alguna gran señora, que debía serlo de todos aquellos cazadores, como era la verdad, y, así, dijo a Sancho:",1,0
"¿Qué decís entre vos, Sancho?",0,1
"¡Malditos, digo, sean otra vez y otras ciento estos libros de caballerías, que tal han parado a vuestra merced!",0,0
"Paréceme que me dices que ando muy limitado y que me contengo mucho en los términos de mi modestia, sabiendo que no se ha de añadir aflición al afligido y que la que debe de tener este señor sin duda es grande, pues no osa parecer a campo abierto y al cielo claro, encubriendo su nombre, fingiendo su patria, como si hubiera hecho alguna traición de lesa majestad.",1,0
"Como don Quijote le vio, le dijo:",1,0
"Venía coronado, como se vio luego, con una corona de funesto ciprés; en las manos traía un bastón grande.",0,0
"Así entrarán ellas en mi aposento, ni cosa que lo parezca, como volar.",0,0
¡Voto a tal,0,1
"Finalmente, el primo vino con una pollina preñada, cuya albarda cubría un gayado tapete o arpillera.",0,0
Vuestra merced tiene razón,0,1
"Preguntéle si lo entendía; díjome que muy bien, y que si quería que me lo declarase palabra por palabra, que le diese tinta y pluma, porque mejor lo hiciese.",1,0
¿Quién es ese tonel?,0,1
Eso allá se ha de entender,0,1
"Levantóse en pie don Quijote y puso mano a la espada, y Sancho se agazapó debajo del rucio, poniéndose a los lados el lío de las armas y la albarda de su jumento, tan temblando de miedo como alborotado don Quijote.",1,0
"Finalmente, todas las dueñas le sellaron, y otra mucha gente de casa le pellizcaron; pero lo que él no pudo sufrir fue el punzamiento de los alfileres y, así, se levantó de la silla, al parecer mohíno, y, asiendo de una hacha encendida que junto a él estaba, dio tras las dueñas y tras todos sus verdugos, diciendo:",0,0
Ya conozco a su merced,0,1
¿Y qué edad tiene esa señora que se cría para condesa?,0,1
Cuando yo servía,0,1
"Díjele que me la dijese, y él, sin dejar la risa, dijo:",1,0
"debiendo ser los historiadores puntuales, verdaderos y nonada apasionados, y que ni el interés ni el miedo, el rancor ni la afición, no les hagan torcer del camino de la verdad, cuya madre es la historia, émula del tiempo, depósito de las acciones, testigo de lo pasado, ejemplo y aviso de lo presente, advertencia de lo por venir.",1,0
"Finalmente, señor don Álvaro Tarfe, yo soy don Quijote de la Mancha, el mismo que dice la fama, y no ese desventurado que ha querido usurpar mi nombre y honrarse con mis pensamientos.",0,0
No puede ser el moro,0,1
"Sola una cosa tiene mala el sueño, según he oído decir, y es que se parece a la muerte, pues de un dormido a un muerto hay muy poca diferencia.",0,0
"¿Qué quieres, Sancho hermano?",0,1
"Cuatro veces dieron lugar las botas para ser empinadas, pero la quinta no fue posible, porque ya estaban más enjutas y secas que un esparto, cosa que puso mustia la alegría que hasta allí habían mostrado.",0,0
"Servía en la venta asimesmo una moza asturiana, ancha de cara, llana de cogote, de nariz roma, del un ojo tuerta y del otro no muy sana.",1,0
El barbero respondió que sin que se le diese lición él lo pondría bien en su punto.,1,0
Medíme en esta manera,0,1
"Era el hombre de robusto y agraciado talle, de edad de poco más de cuarenta años, algo moreno de rostro, largo de bigotes y la barba muy bien puesta; en resolución, él mostraba en su apostura que si estuviera bien vestido le juzgaran por persona de calidad y bien nacida.",1,0
"Porque este es estilo de los libros de las historias caballerescas y de los encantadores que en ellas se entremeten y platican: cuando algún caballero está puesto en algún trabajo que no puede ser librado dél sino por la mano de otro caballero, puesto que estén distantes el uno del otro dos o tres mil leguas, y aun más, o le arrebatan en una nube o le deparan un barco donde se entre, y en menos de un abrir y cerrar de ojos le llevan, o por los aires o por la mar, donde quieren y adonde es menester su ayuda.",0,0
Así será,0,1
"Y volviendo a don Quijote de la Mancha, digo que después de haber salido de la venta determinó de ver primero las riberas del río Ebro y todos aquellos contornos, antes de entrar en la ciudad de Zaragoza, pues le daba tiempo para todo el mucho que faltaba desde allí a las justas.",1,0
"¡El diablo, el diablo me ha metido a mí en esto, que otro no!",0,0
"No tengáis pena, amigo Sancho",0,1
"Si he sido en el contarla prolijo, no seré en serviros corto: cerca de aquí tengo mi majada y en ella tengo fresca leche y muy sabrosísimo queso, con otras varias y sazonadas frutas, no menos a la vista que al gusto agradables.",1,0
"respondió don Quijote-, que yo te sacaré de las manos de los caldeos, cuanto más de las de la Hermandad.",0,0
La carta,0,1
Así se hará,0,1
Al mismo duque de Alba se la quitara para dársela al señor mase Pedro,0,1
"Finalmente, volvieron los dos a su comenzado camino y al declinar de la tarde vieron que hacia ellos venían hasta diez hombres de a caballo y cuatro o cinco de a pie.",1,0
"Yo no sé adónde me guía y, así, navego confuso, el alma a mirarla atenta, cuidadosa y con descuido.",0,0
"El señor don Quijote de la Mancha es muy cuerdo, y nosotros, que le acompañamos, no somos necios; la virtud se ha de honrar dondequiera que se hallare, y andad enhoramala y no os metáis donde no os llaman.",0,0
"Yo, Dorotea, soy el que me hallé presente a las sinrazones de don Fernando, y el que aguardó oír el sí que de ser su esposa pronunció Luscinda.",0,0
"En tanto que don Quijote esto decía, estaba persuadiendo el cura a los cuadrilleros como don Quijote era falto de juicio, como lo veían por sus obras y por sus palabras, y que no tenían para qué llevar aquel negocio adelante, pues aunque le prendiesen y llevasen, luego le habían de dejar por loco; a lo que respondió el del mandamiento que a él no tocaba juzgar de la locura de don Quijote, sino hacer lo que por su mayor le era mandado, y que una vez preso, siquiera le soltasen trecientas.",1,0
"hidalgos se opusiesen a ellos, especialmente aquellos hidalgos escuderiles que dan humo a los zapatos y toman los puntos de las medias negras con seda verde.",1,0
"Señor, encomiendo al diablo hombre, ni gigante, ni caballero de cuantos vuestra merced dice parece por todo esto.",0,0
"No te maravilles deso, Sancho amigo",0,1
"En esto oyeron voces y conocieron que el que las daba era Sancho Panza, que, por no haberlos hallado en el lugar donde los dejó, los llamaba a voces.",1,0
"han mostrado, sino el verdadero, el legal y el fiel que nos describió Cide Hamete Benengeli, flor de los historiadores.",1,0
"Y, dividiéndose los dos según el acuerdo, sucedió que casi a un mesmo tiempo rebuznaron, y cada uno engañado del rebuzno del otro, acudieron a buscarse, pensando que ya el jumento había parecido, y en viéndose, dijo el perdidoso: «¿Es posible, compadre, que no fue mi asno el que rebuznó?».",0,1
"replicó Sancho- llegó a la afrenta de las mamonas, no por otra cosa que por habérmelas hecho dueñas, que confundidas sean; y torno a suplicar a vuesa merced me deje dormir, porque el sueño es alivio de las miserias de los que las tienen despiertos.",0,0
"respondió Pedro-, todo se sale allá.",0,0
"Cayó malo, a lo que yo entiendo, de pesadumbre, y, así, el día que nos partimos nunca pude verle para despedirme dél siquiera con los ojos; pero a cabo de dos días que caminábamos, al entrar de una posada, en un lugar una jornada de aquí, le vi a la puerta del mesón, puesto en hábito de mozo de mulas, tan al natural, que, si yo no le trujera tan retratado en mi alma, fuera imposible conocelle.",1,0
"partes hallaba escrito: «La razón de la sinrazón que a mi razón se hace, de tal manera mi razón enflaquece, que con razón me quejo de la vuestra fermosura».",0,0
"Cada día, Sancho",0,1
"Dios te la dé, como puede, y a mí me guarde para servirte.",1,0
"Dígame, señora doña Rodríguez",0,1
"En lo que toca a lo que dicen que esta es bacía y no yelmo, ya yo tengo respondido; pero en lo de declarar si esa es albarda o jaez, no me atrevo a dar sentencia difinitiva: solo lo dejo al buen parecer de vuestras mercedes; quizá por no ser armados caballeros como yo lo soy no tendrán que ver con vuestras mercedes los encantamentos deste lugar, y tendrán los entendimientos libres y podrán juzgar de las cosas deste castillo como ellas son real y verdaderamente, y no como a mí me parecían.",1,0
"replicó Teresa-, que los escuderos andantes no comen el pan de balde, y, así, quedaré rogando a Nuestro Señor os saque presto de tanta mala ventura.",0,0
"Estando, como queda dicho, mirándole todos, a deshora entre las otras dueñas y doncellas de la duquesa que le miraban alzó la voz la desenvuelta y discreta Altisidora y en son lastimero dijo:",0,0
No veo ninguno,0,1
"dijo el licenciado-, y aquel es el caballo de nuestro don Quijote.",0,0
Albogues son,0,1
¡Por Dios que lo creo,0,1
"Hallóse don Quijote a pie, su caballo sin freno, su lanza arrimada a un árbol, y finalmente sin defensa alguna, y, así, tuvo por bien de cruzar las manos e inclinar la cabeza, guardándose para mejor sazón y coyuntura.",0,0
"Altisidora (en la opinión de don Quijote, vuelta de muerte a vida), siguiendo el humor de sus señores, coronada con la misma guirnalda que en el túmulo tenía y vestida una tunicela de tafetán blanco sembrada de flores de oro, y sueltos los cabellos por las espaldas, arrimada a un báculo de negro y finísimo ébano, entró en el aposento de don Quijote, con cuya presencia turbado y confuso se encogió y cubrió casi todo con las sábanas y colchas de la cama, muda la lengua, sin que acertase a hacerle cortesía ninguna.",1,0
"Hechas, pues, estas prevenciones, no quiso aguardar más tiempo a poner en efeto su pensamiento, apretándole a ello la falta que él pensaba que hacía en el mundo su tardanza, según eran los agravios que pensaba deshacer, tuertos que enderezar, sinrazones que emendar y abusos que mejorar y deudas que satisfacer.",1,0
"Amohinábase el perro y, dando ladridos y aullidos, no paraba en tres calles.",1,0
¿Cómo dices eso?,0,1
"Seguíale Sancho a todo el trote de su jumento, pero caminaba tanto Rocinante, que, viéndose quedar atrás, le fue forzoso dar voces a su amo que se aguardase.",0,0
"Este Ginés de Pasamonte, a quien don Quijote llamaba «Ginesillo de Parapilla», fue el que hurtó a Sancho Panza el rucio, que, por no haberse puesto el cómo ni el cuándo en la primera parte, por culpa de los impresores, ha dado en qué entender a muchos, que atribuían a poca memoria del autor la falta de emprenta.",0,0
"¡Oh dueñas y compañeras mías, en desdichado punto nacimos, en hora menguada nuestros padres nos engendraron!",0,0
"Sentóse en la cama y estuvo atento y escuchando por ver si daba en la cuenta de lo que podía ser la causa de tan grande alboroto, pero no solo no lo supo, pero añadiéndose al ruido de voces y campanas el de infinitas trompetas y atambores quedó más confuso y lleno de temor y espanto; y levantándose en pie se puso unas chinelas, por la humedad del suelo, y sin ponerse sobrerropa de levantar, ni cosa que se pareciese, salió a la puerta de su aposento a tiempo cuando vio venir por unos corredores más de veinte personas con hachas encendidas en las manos y con las espadas desenvainadas, gritando todos a grandes voces:",1,0
"Calla y ten paciencia, que día vendrá donde veas por vista de ojos cuán honrosa cosa es andar en este ejercicio.",0,0
¡Oh escudero sin piedad!,0,0
"Mata un desdén, atierra la paciencia, o verdadera o falsa, una sospecha; matan los celos con rigor más fuerte; desconcierta la vida larga ausencia; contra un temor de olvido no aprovecha firme esperanza de dichosa suerte...",1,0
"De mí sé decir que me dan más gusto que otros, aunque sean mejor traídos y con más sazón acomodados.",0,0
"Pues uno de los renegados que he dicho era este mi amigo, el cual tenía firmas de todas nuestras camaradas, donde le acreditábamos cuanto era posible; y si los moros le hallaran estos papeles, le quemaran vivo.",1,0
"No soy renca, ni soy coja, ni tengo nada de manca; los cabellos, como lirios, que, en pie, por el suelo arrastran; y aunque es mi boca aguileña y la nariz algo chata, ser mis dientes de topacios mi belleza al cielo ensalza.",1,0
"Los varones prudentes, las repúblicas bien concertadas, por cuatro cosas han de tomar las armas y desenvainar las espadas y poner a riesgo sus personas, vidas y haciendas: la primera, por defender la fe católica; la segunda, por defender su vida, que es de ley natural y divina; la tercera, en defensa de su honra, de su familia y hacienda; la cuarta, en servicio de su rey en la guerra justa; y si le quisiéremos añadir la quinta, que se puede contar por segunda, es en defensa de su patria.",1,0
"dijo entonces Sancho Panza-, y cuán no pensados sucesos suelen suceder a cada paso a los que viven en este miserable mundo!",0,0
"dijo Sancho-, qué nombre tiene ese caballo.",0,0
"Con lo que Cardenio dijo, se acabó de admirar Dorotea, y, por no saber qué gracias volver a tan grandes ofrecimientos, quiso tomarle los pies para besárselos; mas no lo consintió Cardenio, y el licenciado respondió por entrambos y aprobó el buen discurso de Cardenio y, sobre todo, les rogó, aconsejó y persuadió que se fuesen con él a su aldea, donde se podrían reparar de las cosas que les faltaban, y que allí se daría orden como buscar a don Fernando o como llevar a Dorotea a sus padres o hacer lo que más les pareciese conveniente.",1,0
"Mas, ¡ay de mí!, que con crüel vitoria vuestra memoria el sufrimiento ahoga.",0,0
"¿De quién o a quién pedís, señor caballero, esa seguridad?",0,1
"Pues no ha de ser así, Sancho amigo",0,1
"Basta que me entienda Dios, mujer",0,1
"En un lugar de la Mancha, de cuyo nombre no quiero acordarme, no ha mucho tiempo que vivía un hidalgo de los de lanza en astillero, adarga antigua, rocín flaco y galgo corredor.",1,0
"Sucedió, pues, que uno que los dos se andaban paseando por un prado fuera de la ciudad, Anselmo dijo a Lotario las semejantes razones:",1,0
"Viendo, pues, que, en efeto, no podía menearse, acordó de acogerse a su ordinario remedio, que era pensar en algún paso de sus libros, y trújole su locura a la memoria aquel de Valdovinos y del marqués de Mantua, cuando Carloto le dejó herido en la montiña, historia sabida de los niños, no ignorada de los mozos, celebrada y aun creída de los viejos, y, con todo esto, no más verdadera que los milagros de Mahoma.",1,0
"Vos, hermano Sancho",0,1
"Finalmente, Anselmo y yo nos concertamos de dejar el aldea y venirnos a este valle, donde él apacentando una gran cantidad de ovejas suyas proprias y yo un numeroso rebaño de cabras, también mías, pasamos la vida entre los árboles, dando vado a nuestras pasiones o cantando juntos alabanzas o vituperios de la hermosa Leandra o suspirando solos y a solas",1,0
No es sino señor de lugares,0,1
"Encomendados sean a Satanás y a Barrabás tales libros, que así han echado a perder el más delicado entendimiento que había en toda la Mancha.",0,0
"replicó Sancho-, que son muy en daño de la salud y muy en perjuicio de la conciencia.",0,0
"Sucedió, pues, que de unos cristianos ya libres que venían de Berbería compró aquel mono, a quien enseñó que en haciéndole cierta señal se le subiese en el hombro y le murmurase, o lo pareciese, al oído.",1,0
"Ejemplo claro que nos muestra que solo se vence la pasión amorosa con huilla y que nadie se ha de poner a brazos con tan poderoso enemigo, porque es menester fuerzas divinas para vencer las suyas humanas.",1,0
Gurapas son galeras,0,1
"Por el hábito que tengo que no sé qué me diga ni qué me piense de estas cartas y destos presentes: por una parte, veo y toco la fineza de estos corales, y, por otra, leo que una duquesa envía a pedir dos docenas de bellotas.",0,0
"Finalmente, doña Rodríguez, volviéndose a los señores, les dijo:",1,0
"Dícenme que en ese lugar hay bellotas gordas: envíeme hasta dos docenas, que las estimaré en mucho, por ser de su mano, y escríbame largo, avisándome de su salud y de su bienestar; y si hubiere menester alguna cosa, no tiene que hacer más que boquear, que su boca será medida, y Dios me la guarde Deste lugar, su amiga que bien la quiere, La Duquesa",0,0
"Quería bien a una labradora, vasalla de su padre, y ella los tenía muy ricos, y era tan hermosa, recatada, discreta y honesta, que nadie que la conocía se determinaba en cuál destas cosas tuviese más excelencia ni más se aventajase.",1,0
"respondió don Quijote-, que el necio en su casa ni en la ajena sabe nada, a causa que sobre el cimiento de la necedad no asienta ningún discreto edificio.",0,0
¿Qué es esto que oigo?,0,0
"Y mandó que allí, delante de todos, se rompiese y abriese la caña.",0,0
"Hoy se ponía una gala y mañana otra, pero todas sutiles, pintadas, de poco peso y menos tomo.",0,1
"Saludóles don Quijote, y después de saber el camino que llevaban, que era el mesmo que él hacía, les ofreció su compañía y les pidió detuviesen el paso, porque caminaban más sus pollinas que su caballo; y, para obligarlos, en breves razones les dijo quién era, y su oficio y profesión, que era de caballero andante que iba a buscar las aventuras por todas las partes del mundo.",1,0
"Medíos, Sancho, con vuestro estado",0,1
"Contó la duquesa al duque lo que le había pasado, de lo que se holgó mucho, y la duquesa, prosiguiendo con su intención de burlarse y recibir pasatiempo con don Quijote, despachó al paje que había hecho la figura de Dulcinea en el concierto de su desencanto (que tenía bien olvidado Sancho Panza con la ocupación de su gobierno) a Teresa Panza, su mujer, con la carta de su marido y con otra suya, y con una gran sarta de corales ricos presentados.",1,0
"El que yo he tenido en veros, valeroso príncipe",0,1
"dijo don Quijote-, que aunque parecen aceñas no lo son, y ya te he dicho que todas las cosas trastruecan y mudan de su ser natural los encantos.",0,0
"Ármese vuesa merced, que aquí le traemos armas ofensivas y defensivas, y salga a esa plaza y sea nuestra guía y nuestro capitán, pues de derecho le toca el serlo, siendo nuestro gobernador.",0,0
"El cual respondió que ya una por una estaba en buen punto aquel negocio, de quien esperaba feliz suceso.",0,0
"¿Querrás tú decir agora, Sancho",0,1
"Bien le pareció el soneto a Camila, pero mejor a Anselmo, pues le alabó y dijo que era demasiadamente cruel la dama que a tan claras verdades no correspondía.",1,0
"Lo que agora se ha de hacer, y ha de ser luego, es meter en un calabozo al doctor Recio, porque si alguno me ha de matar ha de ser él, y de muerte adminícula y pésima, como es la de la hambre.",0,0
Una o dos veces,0,1
"Como las cosas humanas no sean eternas, yendo siempre en declinación de sus principios hasta llegar a su último fin, especialmente las vidas de los hombres, y como la de don Quijote no tuviese privilegio del cielo para detener el curso de la suya, llegó su fin y acabamiento cuando él menos lo pensaba; porque o ya fuese de la melancolía que le causaba el verse vencido o ya por la disposición del cielo, que así lo ordenaba, se le arraigó una calentura que le tuvo seis días en la cama, en los cuales fue visitado muchas veces del cura, del bachiller y del barbero, sus amigos, sin quitársele de la cabecera Sancho Panza, su buen escudero.",1,0
No podía imaginar Sancho cómo pudiesen tener tantos pies aquellos bultos que por el mar se movían.,1,0
"Si yo, por malos de mis pecados, o por mi buena suerte, me encuentro por ahí con algún gigante, como de ordinario les acontece a los caballeros andantes, y le derribo de un encuentro, o le parto por mitad del cuerpo, o, finalmente, le venzo y le rindo, ¿no será bien tener a quien enviarle presentado, y que entre y se hinque de rodillas ante mi dulce señora, y diga con voz humilde y rendida: «Yo, señora, soy el gigante Caraculiambro, señor de la ínsula Malindrania, a quien venció en singular batalla el jamás como se debe alabado caballero don Quijote de la Mancha, el cual me mandó que me presentase ante la vuestra merced, para que la vuestra grandeza",0,0
"Sancho asimesmo callaba y comía bellotas, y visitaba muy a menudo el segundo zaque, que, porque se enfriase el vino, le tenían colgado de un alcornoque.",1,0
"Él respondió que en ninguna manera lo podía hacer hasta dar fin a un negocio en que le iba la vida, la honra y el alma.",0,0
¡Famoso testigo!,0,1
"Yo tendré cuidado de enviarle algunos regalos que coma, y cómalos en todo caso, que le hago saber que imagino, como quien ha pasado por ello, que todas nuestras locuras proceden de tener los estómagos vacíos y los celebros llenos de aire.",0,1
Acabóse la confesión y salió el cura diciendo:,0,0
Debía de ser,0,1
"De mal talante y poco a poco llegó a subir Sancho, y acomodándose lo mejor que pudo en las ancas, las halló algo duras y nonada blandas, y pidió al duque que si fuese posible le acomodasen de algún cojín o de alguna almohada, aunque fuese del estrado de su señora la duquesa o del lecho de algún paje, porque las ancas de aquel caballo más parecían de mármol que de leño.",0,0
"Pusiéronme una cadena, más por señal de rescate que por guardarme con ella, y así pasaba la vida en aquel baño, con otros muchos caballeros y gente principal, señalados y tenidos por de rescate.",0,0
"Pues ¿qué tanto ha, Sancho, que os la prometí?",0,1
Pues entre esas,0,1
No hay regla sin excepción,0,1
"Y este tal caballo, si es que Malambruno quiere dar fin a nuestra desgracia, antes que sea media hora entrada la noche estará en nuestra presencia, porque él me significó que la señal que me daría por donde yo entendiese que había hallado el caballero que buscaba sería enviarme el caballo donde fuese con comodidad y presteza.",0,0
"CARTA DE DON QUIJOTE DE LA MANCHA A SANCHO PANZA, GOBERNADOR DE LA ÍNSULA BARATARIA",1,0
"cuatro de los estirados de mi pueblo, no se me daba dos ardites.",1,0
Pues ¿quién diablos os ha traído aquí,0,1
"¿Adónde vas a parar, Sancho, que seas maldito?",0,1
Los refranes de Sancho Panza,0,1
"respondió Sancho-, porque en apartándome de vuestra merced, luego es conmigo el miedo, que me asalta con mil géneros de sobresaltos y visiones.",0,0
Tan fócil quiere decir,0,1
"Hay más, que me imposibilita el reñir el no tener espada, pues en mi vida me la puse.",0,0
"Era calabrés de nación, y moralmente fue hombre de bien, y trataba con mucha humanidad a sus cautivos, que llegó a tener tres mil, los cuales, después de su muerte, se repartieron, como él lo dejó en su testamento, entre el Gran Señor (que también es hijo heredero de cuantos mueren y entra a la parte con los más hijos que deja el difunto ) y entre sus renegados; y yo cupe a un renegado veneciano, que, siendo grumete de una nave, le cautivó el Uchalí, y le quiso tanto, que fue uno de los más regalados garzones suyos, y él vino a ser el más cruel renegado que jamás se ha visto.",0,0
"Llegó, pues, a la procesión y paró a Rocinante, que ya llevaba deseo de quietarse un poco, y con turbada y ronca voz dijo:",1,0
"Que aunque por ley natural están todos los que viven obligados a favorecer a los caballeros andantes, todavía, por saber que sin saber vosotros esta obligación me acogistes y regalastes, es razón que, con la voluntad a mí posible, os agradezca la vuestra.",1,0
"En esto sucedió acaso que un porquero que andaba recogiendo de unos rastrojos una manada de puercos (que sin perdón así se llaman) tocó un cuerno, a cuya señal ellos se recogen, y al instante se le representó a don Quijote lo que deseaba, que era que algún enano hacía señal de su venida; y, así, con estraño contento llegó a la venta y a las damas, las cuales, como vieron venir un hombre de aquella suerte armado, y con lanza y adarga, llenas de miedo se iban a entrar en la venta; pero don Quijote, coligiendo por su huida su miedo, alzándose la visera de papelón y descubriendo su seco y polvoroso rostro, con gentil talante y voz reposada",1,0
"Cuando así le tuvieron, le dijeron que caminase y los guiase y animase a todos, que siendo él su norte, su lanterna y su lucero, tendrían buen fin sus negocios.",1,0
"respondió el mozo-, porque todos caminan con tanto silencio, que es maravilla, porque no se oye entre ellos otra cosa que los suspiros y sollozos de la pobre señora, que nos mueven a lástima, y sin duda tenemos creído que ella va forzada donde quiera que va; y, según se puede colegir por su hábito, ella es monja o va a serlo, que es lo más cierto, y quizá porque no le debe de nacer de voluntad el monjío, va triste, como parece.",0,0
también se estremeció y encogió de hombros y perdió la color del rostro.,1,0
"Seguíale Sancho atravesado en su jumento, como queda referido.",1,0
No sirvieron de nada para con el capellán las prevenciones y advertimientos del retor para que dejase de llevarle.,0,1
"Quisiera pasar adelante y dar las razones por que convenía hacer elección de los que en la república habían de tener tan necesario oficio, pero no es el lugar acomodado para ello: algún día lo diré a quien lo pueda proveer y remediar .",0,0
¿No soy yo el vencido?,0,0
"¡Mirad, cuerpo de mi padre",0,1
¡Trinchéense las calles con colchones!,0,0
"«Yo os las mando, y buenas, compadre",0,1
"El barbero aporreaba a Sancho; Sancho molía al barbero; don Luis, a quien un criado suyo se atrevió a asirle del brazo porque no se fuese, le dio una puñada que le bañó los dientes en sangre; el oidor le defendía; don Fernando tenía debajo de sus pies a un cuadrillero, midiéndole el cuerpo con ellos muy a su sabor; el ventero tornó a reforzar la voz, pidiendo favor a la Santa Hermandad...",0,0
dijo el ventero.,0,0
Lo que se ha de hacer es esto,0,1
"Tenía la cabeza sobre una almohada de brocado, coronada con una guirnalda de diversas y odoríferas flores tejida, las manos cruzadas sobre el pecho, y entre ellas un ramo de amarilla y vencedora palma.",1,0
replicó el caído-.,0,0
"¿Y qué es lo que dices, loco?",0,1
Si sois servidos,0,1
"Pero como es ligero el tiempo y no hay barranco que le detenga, corrió caballero en las horas, y con mucha presteza llegó la de la mañana, lo cual visto por don Quijote, dejó las blandas plumas y nonada perezoso se vistió su acamuzado vestido y se calzó sus botas de camino, por encubrir la desgracia de sus medias; arrojóse encima su mantón de escarlata y púsose en la cabeza una montera de terciopelo verde, guarnecida de pasamanos de plata; colgó el tahelí de sus hombros con su buena y tajadora espada, asió un gran rosario que consigo contino traía, y con gran prosopopeya y contoneo salió a la antesala, donde el duque y la duquesa estaban ya vestidos y",1,0
Con esa añadidura,0,1
"¡Voto a tal, así me deje yo sellar el rostro ni manosearme la cara como volverme moro!",0,0
¿Qué sacaría yo de engañar a vuesa merced,0,1
"Luego me darás a beber solos dos tragos del bálsamo que he dicho, y verásme quedar más sano que una manzana.",0,0
¡Cuitada de mí!,0,1
Tal quedó de arrogante el pobre señor con el vencimiento del valiente vizcaíno.,0,0
"¡Válate Dios, la mujer, y qué de cosas has ensartado unas en otras, sin tener pies ni cabeza!",0,0
"No se pasaron quince días, cuando ya nuestro renegado tenía comprada una muy buena barca, capaz de más de treinta personas; y para asegurar su hecho y dalle color, quiso hacer, como hizo, un viaje a un lugar que se llamaba Sargel, que está treinta leguas de Argel hacia la parte de Orán, en el cual hay mucha contratación de higos pasos.",1,0
"Ved, señora, qué es lo que tengo de hacer, que el ánimo está muy pronto para serviros.",0,0
"diamantes y a molificar los aceros de los más endurecidos corazones del mundo; pero antes que salga a la plaza de vuestros oídos (por no decir orejas), quisiera que me hicieran sabidora si está en este gremio, corro y compañía el acendradísimo caballero don Quijote de la Manchísima y su escuderísimo Panza.",1,0
Pues ¿hay quien dude,0,1
"tenía a todos la boca abierta, pendientes de las hazañas que nos iba contando.",1,0
A las crías me atengo,0,1
No sé historias,0,1
"respondió don Quijote-, con toda rectitud, si es que alcanzo a entenderla.",0,0
"Idos a la vuestra, hermano, que vos sois, y no otro, el que destrae y sonsaca a mi señor y le lleva por esos andurriales.",0,0
"respondió el bachiller- hay diferentes opiniones, como hay diferentes gustos: unos se atienen a la aventura de los molinos de viento, que a vuestra merced le parecieron Briareos y gigantes ; otros, a la de los batanes; este, a la descripción de los dos ejércitos, que después parecieron ser dos manadas de carneros; aquel encarece la del muerto que llevaban a enterrar a Segovia; uno dice que a todas se aventaja la de la libertad de los galeotes; otro, que ninguna iguala a la de los dos gigantes benitos, con la pendencia del valeroso vizcaíno.",0,0
"Por quien Dios es, Sancho, que te reportes, y que no descubras la hilaza de manera que caigan en la cuenta de que eres de villana y grosera tela tejido.",0,0
En Dios y en mi conciencia,0,1
dijo Sancho.,0,0
"Pero lo que él debió más de sentir fue que, viendo los arrieros la fuerza que a sus yeguas se les hacía, acudieron con estacas, y tantos palos le dieron, que le derribaron malparado en el suelo.",1,0
"Volvedle las ligas; si no, yo os desafío a mortal batalla, sin tener temor que malandrines encantadores me vuelvan ni muden el rostro, como han hecho en el de Tosilos mi lacayo, el que entró con vos en batalla.",0,0
"Y, así, fue contento el oidor que su hija, que era la doncella, se fuese con aquellas señoras, lo que ella hizo de muy buena gana.",1,0
"Si son requesones, démelos vuesa merced, que yo me los comeré.",0,0
"Estos venían tocando dos grandes tambores, asimismo cubiertos de negro.",1,0
También debe de ser castigo del cielo,0,1
"Preguntéle yo que de qué se reía, y respondióme que de una cosa que tenía aquel libro escrita en el margen por anotación.",1,0
"Así que, señor mío, vuestra bondad vuelva la honra al padre que me engendró y téngale por hombre advertido y prudente, pues con su ciencia halló camino tan fácil y tan verdadero para remediar mi desgracia, que yo creo que si por vos, señor, no fuera, jamás acertara a tener la ventura que tengo; y en esto digo tanta verdad como son buenos testigos della los más destos señores que están presentes.",0,0
Aquí las he,0,1
Pues ¿qué,0,1
Con todo,0,1
¿Quién es el que nos responde?,0,1
"Acuérdome que un día dije a uno destos pertinaces: «Decidme, ¿no os acordáis que ha pocos años que se representaron en España tres tragedias que compuso un famoso poeta destos reinos, las cuales fueron tales que admiraron, alegraron y suspendieron a todos cuantos las oyeron, así simples como prudentes, así del vulgo como de los escogidos, y dieron más dineros a los representantes ellas tres solas que treinta de las mejores que después acá se han hecho?».",0,1
"Miróle entonces el oidor más atentamente y conocióle, y, abrazándole, dijo:",0,0
van derechas contra la hermosura y presunción de las mujeres despierta en ellas en gran manera la ira y enciende el deseo de vengarse.,1,0
Tomaros he yo,0,1
"¿Qué sangre ni qué fuente dices, enemigo de Dios y de sus santos?",0,1
Mas que haga lo que quisiere,0,1
"Llore o cante Altisidora, desespérese Madama, por quien me aporrearon en el castillo del moro encantado, que yo tengo de ser de Dulcinea, cocido o asado, limpio, bien criado y honesto, a pesar de todas las potestades hechiceras de la tierra».",0,0
"dijo don Quijote-, que ni esa es malicia ni es bellaquería; y si la es, no ha sido la causa el duque, sino los malos encantadores que me persiguen, los cuales, invidiosos de que yo alcanzase la gloria deste vencimiento, han convertido el rostro de vuestro esposo en el de este que decís que es lacayo del duque.",0,0
"Vuestro amigo, El Duque",0,0
"Hasta seis o ocho se habría dado Sancho, cuando le pareció ser pesada la burla y muy barato el precio della, y, deteniéndose un poco, dijo a su amo que se llamaba a engaño, porque merecía cada azote de aquellos ser pagado a medio real, no que a cuartillo.",0,0
Pidiéronle a Sancho Panza que les enseñase la carta que llevaba a la señora Dulcinea del Toboso.,0,0
"Mas ¿cómo había de responder el pobre y mal logrado, si le hallaron en lo más escondido del bosque comido de lobos?",0,1
"Llevóle de nuestro lugar, siendo muchacho de hasta doce años, un capitán que con su compañía por allí acertó a pasar, y volvió el mozo de allí a otros doce vestido a la soldadesca, pintado con mil colores, lleno de mil dijes de cristal y sutiles cadenas de acero.",0,1
"Acudí luego a desatar el lienzo, en el cual vi un nudo, y dentro dél venían diez cianíis, que son unas monedas de oro bajo que usan los moros, que cada una vale diez reales de los nuestros.",1,0
"Pues aun cuando tiene la tez lisa y el rostro martirizado con mil suertes de menjurjes y mudas apenas halla quien bien la quiera, ¿qué hará cuando descubra hecho un bosque su rostro?",0,0
No lejos de aquí,0,1
No es menester,0,1
"Con esto se despidieron dél, y le rogaron y aconsejaron tuviese cuenta con su salud, con regalarse lo que fuese bueno.",0,0
Por ahora será imposible,0,1
"negar los maridos a sus mujeres), se concierta y facilita en casa de la amiga o la parienta de quien más satisfación se tiene.",1,0
dijo a esta sazón el canónigo.,0,1
Ya entiendo,0,1
"Si desa manera cuentas tu cuento, Sancho",0,1
En resolución,0,1
"Pero a fee que si vuesa merced no llegara, que yo le hiciera vomitar la ganancia y que había de saber con cuántas entraba la romana.",0,0
"¡Que sepa vuestra merced tanto, señor tío, que si fuese menester en una necesidad podría subir en un púlpito e irse a predicar por esas calles, y que con todo esto dé en una ceguera tan grande y en una sandez tan conocida, que se dé a entender que es valiente, siendo viejo; que tiene fuerzas, estando enfermo, y que endereza tuertos, estando por la edad agobiado, y, sobre todo, que es caballero, no lo siendo, porque aunque lo puedan ser los hidalgos, no lo son los pobres...!",0,0
"Y puesto que aunque los conocía no los sabía leer, anduve mirando si parecía por allí algún morisco aljamiado que los leyese, y no fue muy dificultoso hallar intérprete semejante, pues aunque le buscara de otra mejor y más antigua lengua le hallara.",1,0
"Salió en esto, de través, un ministro, y llegándose a Sancho le echó una ropa de bocací negro encima, toda pintada con llamas de fuego, y quitándole la caperuza le puso en la cabeza una coroza, al modo de las que sacan los penitenciados por el Santo Oficio, y díjole al oído que no descosiese los labios, porque le echarían una mordaza o le quitarían la vida.",1,0
Bien pudiera el amor,0,1
"Señor, nosotros somos recitantes de la compañía de Angulo el Malo.",0,0
"dijo don Quijote-, y aun una legión de demonios, que es gente que camina y hace caminar sin cansarse todo aquello que se les antoja.",0,0
"respondió el cura- Ruy Pérez de Viedma y era natural de un lugar de las montañas de León, el cual me contó un caso que a su padre con sus hermanos le había sucedido, que, a no contármelo un hombre tan verdadero como él, lo tuviera por conseja de aquellas que las viejas cuentan el invierno al fuego.",0,0
"¿Dónde estás, señora mía, que no te duele mi mal?",0,0
"Y vuestra merced créame y, como otra vez le he dicho, lea estos libros, y verá cómo le destierran la melancolía que tuviere y le mejoran la condición, si acaso la tiene mala.",1,0
"Reducida has de decir, Sancho",0,1
"Todo era poner espías, escuchar centinelas, soplar las cuerdas de los arcabuces, aunque traían pocos, porque todos se servían de pedreñales.",1,0
"Los donaires de Sancho fueron tantos, que de su boca andaban como colgados todos los criados de casa y todos cuantos le oían.",1,0
Eso Dios lo puede remediar,0,1
Don Quijote soy,0,1
"Los primeros días, como todos los de boda suelen ser alegres, continuó Lotario como solía la casa de su amigo Anselmo, procurando honralle, festejalle y regocijalle con todo aquello que a él le fue posible; pero acabadas las bodas y sosegada ya la frecuencia de las visitas y parabienes, comenzó Lotario a descuidarse con cuidado de las idas en casa de Anselmo, por parecerle a él (como es razón que parezca a todos los que fueren discretos) que no se han de visitar ni continuar las casas de los amigos casados de la misma manera que cuando eran solteros, porque aunque la buena y verdadera amistad no puede ni debe de ser sospechosa en nada, con todo esto es tan",1,0
"A todos nos sabe bien, bendito sea Dios",0,1
Porque quien oyere decir a vuestra merced que una bacía de,0,0
"De ese modo, yo recelo morir deste mal estraño, pues se aumentan en mi",1,0
en pago de su buen deseo.,0,0
"¿Qué diablos de ciudad, fortaleza o castillo dice vuesa merced, señor?",0,1
"Aquel platonazo que está más adelante vahando me parece que es olla podrida, que, por la diversidad de cosas que en las tales ollas podridas hay, no podré dejar de topar con alguna que me sea de gusto y de provecho.",0,0
"Harto mejor sería no buscalle, porque si le hallamos y acaso fuese el dueño del dinero, claro está que lo tengo de restituir; y, así, fuera mejor, sin hacer esta inútil diligencia, poseerlo yo con buena fe, hasta que por otra vía menos curiosa y diligente pareciera su verdadero señor, y quizá fuera a tiempo que lo hubiera gastado, y entonces el rey me hacía franco.",0,1
"Prosigue, Sancho amigo, y no desmayes",0,0
¡Para mis barbas,0,1
Pues ¿en cuántos le parece a vuestra merced que podremos mover los pies?,0,1
"Don Quijote que lo vio, llegándose a ellas dijo:",1,0
No hay duda deso,0,1
"Perecía de risa la duquesa en oyendo hablar a Sancho, y en su opinión le tenía por más gracioso y por más loco que a su amo, y muchos hubo en aquel tiempo que fueron deste mismo parecer.",1,0
"No iba nada Sancho alegre, porque le entristecía ver que Altisidora no le había cumplido la palabra de darle las camisas; y yendo y viniendo en esto, dijo a su amo:",1,0
"A este escuadrón frontero forman y hacen gentes de diversas naciones: aquí están los que bebían las dulces aguas del famoso Janto; los montuosos que pisan los masílicos campos; los que criban el finísimo y menudo oro en la felice Arabia; los que gozan las famosas y frescas riberas del claro Termodonte; los que sangran por muchas y diversas vías al dorado Pactolo; los numidas, dudosos en sus promesas; los persas, arcos y flechas famosos; los partos, los medos, que pelean huyendo; los árabes de mudables casas; los citas, tan crueles como blancos; los etiopes, de horadados labios, y otras infinitas naciones, cuyos rostros conozco y veo, aunque de los nombres no me acuerdo.",0,0
No se apunte vuestra merced conmigo,0,1
"En fin, famoso caballero, no pueden las tinieblas de la malicia ni de la ignorancia encubrir y escurecer la luz del valor y de la virtud.",0,0
"respondió Sancho-, porque también me turbó a mí su hermosura como a vuesa merced su fealdad.",0,0
"Cuando se hubiera casado esa señora con algún paje suyo o con otro criado de su casa, como han hecho otras muchas, según he oído decir, fuera el daño sin remedio; pero el haberse casado con un caballero tan gentilhombre y tan entendido como aquí nos le han pintado, en verdad en verdad que, aunque fue necedad, no fue tan grande como se piensa, porque según las reglas de mi señor, que está presente y no me dejará mentir, así como se hacen de los hombres letrados los obispos, se pueden hacer de los caballeros, y más si son andantes, los reyes y los emperadores.",0,0
"Viendo esto don Quijote, embrazó su adarga y, puesta mano a su espada, dijo:",1,0
Tanto es lo de más como lo de menos,0,1
"Otro día, estando los tres sobre mesa, rogó Anselmo a Lotario dijese alguna cosa de las que había compuesto a su amada Clori, que, pues Camila no la conocía, seguramente podía decir lo que quisiese.",1,0
"Especialmente le ofreció don Fernando que si quería volverse con él, que él haría que el marqués su hermano fuese padrino del bautismo de Zoraida, y que él, por su parte, le acomodaría de manera que pudiese entrar en su tierra con el autoridad y cómodo que a su persona se debía.",0,0
"Vengo a buscarte para que me pases a Francia, donde tengo parientes con quien viva, y asimesmo a rogarte defiendas a mi padre, porque los muchos de don Vicente no se atrevan a tomar en él desaforada venganza.",1,0
"Digo, en fin, que nos despedimos dél y de aquel nuestro tío que he dicho, no sin mucho sentimiento y lágrimas de todos, encargándonos que les hiciésemos saber, todas las veces que hubiese comodidad para ello, de nuestros sucesos, prósperos o adversos.",1,0
"Todos estos recatos míos, que él debía de tener por desdenes, debieron de ser causa de avivar más su lascivo apetito, que este nombre quiero dar a la voluntad que me mostraba; la cual, si ella fuera como debía, no la supiérades vosotros ahora, porque hubiera faltado la ocasión de decírosla.",1,0
"Tomó un poco de aliento don Quijote y, viendo que todavía le prestaban silencio, quiso pasar adelante en su plática, como pasara si no se pusiera en medio la agudeza de Sancho, el cual, viendo que su amo se detenía, tomó la mano por él, diciendo:",0,0
"Decía él que el Cid Ruy Díaz había sido muy buen caballero, pero que no tenía que ver con el Caballero de la Ardiente Espada, que de solo un revés había partido por medio dos fieros y descomunales gigantes.",1,0
humilde virtuoso que pecador soberbio.,1,0
"Harásme mucho placer, amigo",0,1
"Mira, Sancho: cuando yo hojeé aquel libro de la segunda parte de mi historia, me parece que de pasada topé allí este nombre de don Álvaro Tarfe.",0,0
"Pusiéronle el balandrán, y en las espaldas sin que lo viese le cosieron un pargamino, donde le escribieron con letras grandes: «Este es don Quijote de la Mancha».",0,0
"Del segundo linaje, que tuvo principio en grandeza y la conserva sin aumentarla, serán ejemplo muchos príncipes que por herencia lo son y se conservan en ella, sin aumentarla ni",0,0
"Acaba, glotón",0,1
Parecióle a don Quijote que cualquiera cosa que replicase acerca de su seguridad sería poner en detrimento su valentía.,0,0
"replicó don Quijote, no pudiendo sufrir el trocar de los vocablos del cabrero.",0,0
"¿Qué te parece, Sancho, del suceso desta noche?",0,0
dijo otro-.,0,0
"Sosegaos, hombre de bien",0,1
"Yo, señor don Quijote",0,1
Aun bien que ni ellas me abrasan ni ellos me llevan.,0,0
"En materia ha tocado vuestra merced, señor canónigo",0,1
"Ande, señor gobernador",0,1
"Que yo he oído decir muchas veces y a muchos discretos que, si él puede, antes os la dará roma que aguileña.",0,0
"Vuesa merced, señor don Quijote, suba sin pavor alguno, y a mi daño si alguno le sucediere.",0,0
"Hízose así, y el cura se informó muy a la larga del labrador del modo que había hallado a don Quijote.",0,0
"Deste castillo, a veinte de julio 1614.",1,0
Pues ¿quién ordena el terrible dolor que adoro y siento?,0,0
"También don Fernando conoció luego a Cardenio; y todos tres, Luscinda, Cardenio y Dorotea, quedaron mudos y suspensos, casi sin saber lo que les había acontecido.",1,0
"respondió el bachiller-, si no sois vos la segunda persona de la historia, y que hay tal que precia más oíros hablar a vos que al más pintado de toda ella, puesto que también hay quien diga que anduvistes demasiadamente de crédulo en creer que podía ser verdad el gobierno de aquella ínsula ofrecida por el señor don Quijote, que está presente.",0,0
"En las suyas sintieron los que escuchado la habían tanta lástima como admiración de su desgracia; y aunque luego quisiera el cura consolarla y aconsejarla, tomó primero la mano Cardenio, diciendo:",0,0
No entiendo eso de logicuos,0,1
"Quísele antecoger delante de mí y traérosle, pero está ya tan montaraz y tan huraño, que cuando llegué a él, se fue huyendo y se entró en lo más escondido del monte.",0,1
"«Nunca fuera caballero de damas tan bien servido como fuera don Quijote cuando de su aldea vino: doncellas curaban dél; princesas, del su rocino»,",0,1
"Besé la cruz, tomé los escudos, volvíme al terrado, hecimos todos nuestras zalemas, tornó a parecer la mano, hice señas que leería el papel, cerraron la ventana.",1,0
